{"scene_token": "da4ed9e02f64c544f4f1f10c6738216dcb0e6b0d50952e158e5589854af9f100", "sample_token": "18770a22a7d0cd1e2bf2b989679eca2467536226b1b91426db88f4227a557267", "map_patch": [-10, -40, 70, 40], "egobbox": [[2.04266838609173, -0.8618451982938345], [2.042659332555771, 0.8681407829658084], [-2.0413391887133763, 0.8681334012197505], [-2.041330135177417, -0.8618525800398925]], "map_objects_center": [[10.086859979885919, -8.618000028622967], [45.201983373509066, 7.436235474951329], [39.18949289183157, 28.067807974087486], [23.726110845850695, 22.475073292737935], [28.51641659599152, 7.3501760772752744], [31.54633109633975, -25.334104021447253], [23.83959599204012, 15.826827058996683], [34.93748676513274, -18.100639205612183], [73.48240307462824, -4.874866588081332], [38.62194124446381, -24.320201133105662], [57.68291109211376, 3.8476279945443252], [93.32441663685762, -13.757936494661426], [15.48151298474691, 9.651900245268184], [19.871051193808018, 14.249354436792913], [38.40177739859886, -29.420146872244956], [47.9222993896387, 4.033132673466792]], "map_objects_elevation": [-0.07071360543824534, -0.1062387232082207, -0.1641898913368416, 0.32550241093627375, 0.2967069786012396, 0.08896193166860389, 0.39151102506276214, 0.02103907056119514, 0.09262912041989169, -0.06811451659245571, 0.1146921461755418, 0.14717283600353426, 0.17394919790028462, 0.22954700852235332, -0.20272617352747302, 0.18595857237417768], "map_objects_bbox": [[[11.055094697435736, -10.771333150025978], [12.298329892523316, -9.444875367171374], [9.118625262336101, -6.464666907219958], [7.875390067248521, -7.791124690074561]], [[41.071912646569466, 8.998786527069823], [40.90710896056194, 6.410027027796409], [49.332054100448666, 5.873684422832835], [49.49685778645619, 8.46244392210625]], [[40.55980103999632, 37.535081107311925], [37.913834051909156, 37.54829844263013], [37.81918474366682, 18.600534840863048], [40.465151731753984, 18.58731750554485]], [[22.644638965757046, 19.839471877013867], [24.715326130331768, 19.803476509735486], [24.807582725944343, 25.110674708462003], [22.73689556136962, 25.146670075740385]], [[29.447356246493428, 9.650286915283605], [27.592358319413353, 9.65306009552009], [27.58547694548961, 5.050065239266944], [29.440474872569684, 5.047292059030459]], [[32.502355813669425, -23.270633343231854], [30.62542324219173, -23.254723530972147], [30.590306379010077, -27.397574699662652], [32.46723895048777, -27.41348451192236]], [[22.83791304178162, 13.60990210150231], [24.763622109367766, 13.576426931353511], [24.841278942298622, 18.043752016491055], [22.915569874712475, 18.077227186639853]], [[35.9756798953358, -15.3576949345051], [33.95879759968734, -15.335904902385238], [33.89929363492968, -20.843583476719264], [35.91617593057814, -20.865373508839127]], [[75.51262265903732, -2.948945136131171], [73.7787343751276, -2.0922144789695305], [71.45218349021916, -6.8007880400314935], [73.18607177412888, -7.657518697193133]], [[39.71448066719981, -21.72603732567798], [37.74411621723186, -21.645738295157596], [37.52940182172782, -26.914364940533346], [39.49976627169576, -26.99466397105373]], [[55.35882452720401, 4.813666756088579], [55.36804935387665, 2.8596885313959755], [60.00699765702352, 2.881589233000071], [59.997772830350875, 4.835567457692675]], [[93.78184794683766, -14.240886902726215], [93.76991800417693, -13.263959742458823], [92.86698532687758, -13.274986086596636], [92.87891526953831, -14.251913246864028]], [[14.70631443788861, 7.209750277934322], [16.672663624888628, 7.383378831992573], [16.256711531605212, 12.094050212602045], [14.29036234460519, 11.920421658543795]], [[18.829390858065675, 11.590165040578128], [20.9263839145714, 11.595561425179884], [20.91271152955036, 16.9085438330077], [18.815718473044637, 16.903147448405942]], [[39.33915460039867, -27.073328977403953], [37.57463275676733, -27.032247797432667], [37.46440019679905, -31.76696476708596], [39.22892204043039, -31.808045947057245]], [[45.6965272152519, 5.068280236727909], [45.63812700456126, 3.1341617255215013], [50.14807156402551, 2.9979851102056747], [50.20647177471614, 4.932103621412082]]],