{"scene_token": "da4ed9e02f64c544f4f1f10c6738216dcb0e6b0d50952e158e5589854af9f100", "sample_token": "490a06eb4094c0decf63aa1003be7ae78109c24c6e8674b592446d4a7ebaa1b8", "map_patch": [-10, -40, 70, 40], "egobbox": [[2.028085456000439, -0.8491249021825554], [2.0284995720010093, 0.8805344447839524], [-2.054898555945697, 0.8801206461367664], [-2.0553126719462673, -0.8495387008297414]], "map_objects_center": [[39.78589706345319, 19.61617498333905], [21.60463716729717, 17.639950118728784], [21.17864777623003, 6.7683031312282695], [53.33043971251041, 28.798107162277255], [47.880214491606374, 25.130110905823607], [43.529883310256594, 22.157621834958498], [63.277891403076, 46.27755383926693]], "map_objects_elevation": [-0.04187973987905169, -0.06363154074018817, -0.4744079052949912, -0.12089098464293768, -0.1402536491562879, -0.07153631265772353, 0.3119271825051332], "map_objects_bbox": [[[42.19378551087919, 20.32146515394433], [41.11095865259137, 21.746802305277498], [37.378008616027195, 18.91088481273377], [38.46083547431501, 17.485547661400602]], [[25.532330203723273, 19.657938575487123], [23.721477383092992, 21.51526139665079], [17.676944130871068, 15.621961661970445], [19.48779695150135, 13.764638840806779]], [[29.60274237110356, 11.300591213049923], [28.03885995184861, 13.434973507472666], [12.7545531813565, 2.236015049406615], [14.318435600611448, 0.10163275498387225]], [[55.98035348263662, 29.475264648313907], [54.93882736836757, 31.010272255231737], [50.6805259423842, 28.120949676240603], [51.722052056653254, 26.585942069322773]], [[50.481994060073866, 25.812014364610203], [49.320270645805174, 27.401781551571833], [45.27843492313888, 24.44820744703701], [46.440158337407574, 22.85844026007538]], [[45.60822830165271, 22.671860443717783], [44.586850782882124, 24.019550676727594], [41.45153831886048, 21.643383226199212], [42.472915837631064, 20.2956929931894]], [[65.78835209188682, 46.52917186313536], [64.86509561680178, 48.2388052978849], [60.76743071426517, 46.0259358153985], [61.69068718935022, 44.316302380648956]]], "image_objects_bbox": [[[335.16516806581654, 560.0225498936671], [390.4781859390991, 558.7351926956571], [391.5031463225109, 607.3773385408375], [336.20064520788395, 610.0134339563277], [359.67867830780375, 559.1044091829528], [419.8009727318213, 557.7154315436145], [420.9387135999798, 611.2276023851623], [360.82975351933686, 614.253451823811]], [[-133.0248730234072, 493.6288774437706], [34.67573014452316, 495.6393376100333], [37.551992731150364, 648.8230241144986], [-130.0916133893804, 659.4333001540369], [-128.4177999831782, 463.68632073173376], [94.32161384445375, 469.393201618219], [98.22986858632306, 673.3095727472198], [-124.39599565502272, 690.5948107438983]], [[381.9887238240082, 503.6291996162684], [497.5963985303463, 504.0425177097778], [500.5995524013824, 641.9767431130043], [385.0615038317662, 649.7849862251259], [718.1983346020334, 418.22249203904005], [927.3308229286132, 429.49649351416645], [934.6623778610077, 727.9372051253653], [726.0861768681066, 758.0197782417437]], [[300.0369744918678, 563.5208025545493], [343.89512282121274, 562.4430820361601], [344.64684083974896, 598.6364628389667], [300.79312182766284, 600.4320970845353], [309.6062248453419, 563.2503269865106], [356.95923184727064, 562.0874724376337], [357.7776416724034, 601.3320657345513], [310.4299750410685, 603.340394656467]], [[308.28082491061906, 564.2552483986581], [359.6709451587135, 562.970360264544], [360.4997924922036, 602.6822658518738], [309.1165921111083, 604.9474069967313], [324.617011857251, 563.9011784052332], [380.16727324010316, 562.510849760117], [381.07588566642283, 605.7694419548739], [325.5341316599726, 608.3255059627132]], [[325.7223272613545, 563.5041447499227], [374.18974741562783, 562.2994100758646], [375.0852727076247, 605.0135360598352], [326.62567074106715, 607.2458938861041], [343.3317350181117, 563.0861217221392], [395.03303517076967, 561.8005065210764], [396.0027504826987, 607.7574792185167], [344.31081405664713, 610.234851155828]], [[97.09932835985539, 567.2697971825096], [139.19002549982736, 566.2526654851622], [139.66763630590535, 590.8156836614015], [97.57727344480895, 592.1993802303145], [80.02330388965387, 567.5774653214414], [125.24266244158609, 566.486376296999], [125.75037167918407, 592.7191296823353], [80.53131089267261, 594.2287384328276]]], "objects_token": ["c0cb0f14273f8f909504cbbc5d39bb4b0447a51569037a5788313d12edbc9e67", "c814301f66e95b680b9a30eaa909aa41941ef3eb99d7a17b38b8defe6f51b933", "5f7ec21e3c5f31c0350e8d06f4e0e10db7aba89df88a16f61d94d358c3f703d5", "735e218da81a5fba65788afdd2bf91722da1e147aa55d9276521524df0bceee1", "037a2b3b6d77350ffa7ce75d58164d56027261f92b60b4a1e4b1ddc9c2267c00", "4e20edd6b746dacd5f152d736091b2eb34a61ee013991cd0e60047cb6c0238ce", "46353e96b477b31ab4d4e8e524d34c6d3ed342596a0c6f490f30ef7d6358eca6"], "objects_type": ["car", "truck", "bus", "car", "car", "car", "car"], "cam_intrinsic": [[1109.05239567, 0.0, 957.849065461], [0.0, 1109.05239567, 539.672710373], [0.0, 0.0, 1.0]], "ego_translation": [0.0, 0.0, 0.0], "ego_rotation": [[1.0, 0.0, 0.0], [0.0, 1.0, 0.0], [0.0, 0.0, 1.0]], "cam_translation": [1.5039405282244198, -0.02676183592864872, 1.6584901808053665], "cam_rotation": [[0.006759426271296165, 0.02533582536529963, 0.9996561439362748], [-0.9999683364602721, 0.004369557390585865, 0.006650792816400852], [-0.004199551566444137, -0.999669446827935, 0.02536455884440647]], "subsequent_egocenters": [[0.9390135351538322, 0.020354430263468337], [1.8607670390896431, 0.07226725245374743], [2.777827659331957, 0.18797908916582284], [3.679453229915829, 0.3671898223081347], [4.5824274893010815, 0.5968251081014455], [5.527586869757593, 0.8910436420534134], [6.523789754292111, 1.2699606435987962], [7.595156996699795, 1.731972074835907], [8.71584823204407, 2.250264197897776], [9.852343960237704, 2.8476204770245728], [11.006115315991533, 3.5288781233749935], [12.201501948921603, 4.258913164175366], [13.473115346753898, 5.098026656232168], [14.752889222136083, 5.979999099522744], [16.06240891198338, 6.91810503715825], [17.38199582115475, 7.895036972554718], [18.787821386252435, 8.939850095821868], [20.238232539678833, 10.011436100472652], [21.72807181008109, 11.105484729101224], [23.293586398545447, 12.236372937489172], [24.894943617480223, 13.381978196676442], [26.532784465938732, 14.569614686723453], [28.230684135393204, 15.808172939891382], [29.960353459467573, 17.070220185611227], [31.65290066877946, 18.35499162119422], [33.36609155712427, 19.588401296912366], [35.06574488077078, 20.82659963336809], [36.781892383653684, 22.039526613427313], [38.54920810187552, 23.265635076863077], [40.290363713985165, 24.48658636693344], [42.001448790877504, 25.651963432493147], [43.6457989583576, 26.7622766674535], [45.29002073983254, 27.84907367361437], [46.883175906525736, 28.89610560341353], [48.43165899153618, 29.890749507388417], [49.943690710300416, 30.85179496997651]]}