{"scene_token": "da4ed9e02f64c544f4f1f10c6738216dcb0e6b0d50952e158e5589854af9f100", "sample_token": "19aa37ca35569309a8824711cd3c052a82a0a85d58ed0e915a0fa8a2e01400fb", "map_patch": [-10, -40, 70, 40], "egobbox": [[2.04266838609173, -0.8618451982938351], [2.042659332555771, 0.8681407829658079], [-2.0413391887133763, 0.8681334012197508], [-2.041330135177417, -0.8618525800398922]], "map_objects_center": [[23.839595992040117, 15.826827058996692], [34.861695453544755, 15.466506292660988], [19.87105119380808, 14.249354436792702], [38.62194124446389, -24.32020113310587], [57.68291109211377, 3.847627994544343], [39.18949289183141, 28.067807974087223], [15.481512984746972, 9.65190024526797], [47.922299389638766, 4.033132673466589], [47.034631113611205, 7.273638467488453], [38.401777398598874, -29.420146872244946], [91.0549832078956, -7.246360412038229], [14.467783345627272, -12.035035454319479], [28.103639082049103, -5.973552828996391], [18.936000898021426, -2.3385471219713985], [23.72611084585075, 22.475073292737726]], "map_objects_elevation": [0.39151102506276214, 0.12567371210482703, 0.22954700852235332, -0.06811451659245593, 0.1146921461755418, -0.1641898913368416, 0.17394919790028462, 0.1859585723741779, -0.09662239012204932, -0.20272617352747324, -0.062466469699431704, 0.08678675571338379, 0.23445140713736035, 0.1774599978704854, 0.32550241093627375], "map_objects_bbox": [[[22.837913041781615, 13.60990210150232], [24.763622109367763, 13.57642693135352], [24.84127894229862, 18.043752016491066], [22.91556987471247, 18.077227186639863]], [[35.826673321533974, 17.963170910564436], [33.99200272803015, 17.997938903493633], [33.896717585555535, 12.969841674757538], [35.73138817905936, 12.935073681828342]], [[18.829390858065736, 11.590165040577917], [20.926383914571463, 11.595561425179673], [20.91271152955042, 16.908543833007485], [18.815718473044694, 16.903147448405733]], [[39.71448066719989, -21.726037325678185], [37.74411621723194, -21.645738295157802], [37.529401821727895, -26.914364940533552], [39.49976627169584, -26.994663971053935]], [[55.35882452720401, 4.813666756088596], [55.36804935387666, 2.8596885313959923], [60.00699765702353, 2.88158923300009], [59.99777283035088, 4.835567457692694]], [[40.55980103999616, 37.53508110731166], [37.91383405190899, 37.54829844262986], [37.81918474366665, 18.600534840862785], [40.46515173175382, 18.587317505544586]], [[14.706314437888672, 7.209750277934109], [16.672663624888692, 7.383378831992361], [16.256711531605273, 12.094050212601832], [14.290362344605253, 11.920421658543582]], [[45.69652721525196, 5.068280236727707], [45.638127004561326, 3.1341617255212997], [50.14807156402557, 2.9979851102054713], [50.206471774716206, 4.932103621411879]], [[42.8937524579582, 8.807318342546266], [42.7470255920135, 6.2174713920856695], [51.17550976926421, 5.739958592430641], [51.32223663520891, 8.329805542891236]], [[39.339154600398686, -27.073328977403943], [37.574632756767336, -27.032247797432657], [37.46440019679906, -31.76696476708595], [39.22892204043041, -31.808045947057234]], [[93.22432255801245, -8.16279809897315], [93.27101567788135, -6.449434228525045], [88.88564385777876, -6.329922725103307], [88.83895073790985, -8.043286595551411]], [[12.282275725929328, -13.356868535401286], [13.652175656414498, -14.455463174227056], [16.653290965325215, -10.71320237323767], [15.283391034840045, -9.614607734411901]], [[28.97165458622178, -3.733829836187716], [27.27371558442683, -3.7194372622841567], [27.235623577876424, -8.213275821805066], [28.933562579671374, -8.227668395708626]], [[17.941678805520166, -0.02929960895684136], [16.64788771112661, -1.2965113529317496], [19.930322990522686, -4.647794634985956], [21.22411408491624, -3.3805828910110476]], [[22.644638965757103, 19.839471877013658], [24.715326130331825, 19.803476509735276], [24.8075827259444, 25.110674708461794], [22.73689556136968, 25.146670075740175]]], "image_objects_bbox": [[[318.83493549708425, 556.0887021517545], [259.0248030261245, 554.9677787272309], [258.314889788694, 640.3352815462483], [318.29448305462864, 634.4087326683181], [110.58120365509845, 557.8828684955771], [32.45329432908856, 556.9278799885799], [31.291524767690728, 641.8747152334345], [109.65905530810693, 635.848676797315]], [[351.8711819910949, 571.4886433376759], [385.6647459055289, 571.3322733246945], [385.39009614877574, 622.9836801976512], [351.5374509391528, 626.0496540983199], [521.1916844569727, 570.0874025012413], [546.0599982710165, 570.0053556620319], [545.9810080750602, 621.8483873926965], [521.0760076768844, 624.8622800736532]], [[303.77304285298953, 568.6509425239741], [224.40905249832204, 568.6391306918257], [223.51787062023757, 666.2271354445244], [303.1413449017111, 655.7241532045467], [2.5771352643898306, 571.1334918675117], [-112.93471049106495, 571.4204297404937], [-114.60257441800691, 668.8961768183283], [1.326439055849238, 658.1173226597921]], [[1629.5068768204535, 561.0745107426105], [1597.483638727159, 561.4511347475591], [1598.7095007807918, 613.9486537569561], [1630.8416594316423, 616.4397306321403], [1797.1594742778593, 559.6807657555457], [1756.1936619049256, 560.132459531082], [1757.6260301701948, 612.9747057836425], [1798.7246772651688, 615.4295409749471]], [[905.749251681296, 563.2835279096903], [865.5304502500585, 563.6146201996136], [865.758370864382, 601.3883329579403], [906.0131298749681, 601.0594557803038], [910.0586415434863, 563.7182645426612], [873.0270649885432, 564.0230899640117], [873.2430749004806, 598.8009696762881], [910.3051336218668, 598.4980219178392]], [[-171.11364838354177, 527.1403322138032], [-94.3204671983326, 529.933606656536], [-95.97385228676184, 629.0179032040229], [-173.0796975747351, 633.3786892550879], [398.2703667457647, 522.1531256660012], [436.9914172081299, 525.2992535528025], [436.58215909304386, 624.9280096594237], [397.733366018585, 629.0176513710387]], [[424.67179413117304, 573.441055456569], [358.9294297243251, 574.0216746531307], [358.18873180885504, 698.5221983260603], [424.19559310181387, 681.8032370769113], [58.31063015789299, 576.4604563742093], [-65.42358757352032, 577.520182237123], [-67.47357776208364, 705.7689429802654], [56.85863696525919, 687.6510924712516]], [[885.7491127365248, 566.0044450568989], [837.3635605223714, 566.4077186249428], [837.5803005034077, 606.7904653075223], [886.0124977002283, 606.4518630374804], [896.2289325332009, 566.2310198728696], [852.3043590882517, 566.5966552602994], [852.513981558248, 603.2404248812156], [896.4769917723302, 602.9280316407157]], [[797.194575570831, 528.0585497725808], [728.6058554730482, 528.7884240867157], [728.8546737181354, 617.749921741009], [797.5894232243096, 617.3716325251067], [836.3209423375527, 534.8578356927413], [779.1811335034404, 535.4422148951203], [779.4763940171296, 609.3730902830072], [836.7175088691079, 609.0313653199028]], [[1800.131578986564, 572.4195194475194], [1762.2257115801667, 572.2364691822972], [1763.4484412684362, 617.1214335732776], [1801.4567104445825, 619.5137979494102], [1950.3856027273957, 571.2257817962623], [1905.2697588332755, 571.0981898300937], [1906.6495301512607, 616.1511565260067], [1951.8840034672864, 618.5050425112702]], [[1042.9505546971398, 567.1088257178604], [1063.7355773930742, 566.9373029014831], [1063.969725117344, 588.7754918360815], [1043.1738240378284, 588.9333067161159], [1045.327586953944, 567.0401518115727], [1067.1582686724732, 566.8599674214759], [1067.4060415590934, 589.7956943321769], [1045.5633590909445, 589.96075877691]], [[2292.8411592036073, 563.1380923535851], [2348.0405713554624, 563.3633142755037], [2354.5285549883683, 721.1993896325838], [2298.41049401872, 703.0704728168914], [1751.1492293179265, 566.5231286586993], [1740.3570512637855, 567.0349641815275], [1743.642646209359, 689.9645441543312], [1754.165661589591, 678.3129276260627]], [[1124.0426668059908, 555.4057658034312], [1114.8101114107444, 556.2247733848013], [1115.6332486159151, 625.2038794500224], [1124.9362272000728, 628.9387771607531], 