{"scene_token": "da4ed9e02f64c544f4f1f10c6738216dcb0e6b0d50952e158e5589854af9f100", "sample_token": "fe3b7bf22e6145225004dd8c706706c546ea9ce68e73ebd015737a7952266637", "map_patch": [-10, -40, 70, 40], "egobbox": [[2.052398314662952, -0.8608592385223852], [2.0523234054496386, 0.8691158902224048], [-2.031304166902987, 0.8692347987233564], [-2.0312292576896738, -0.8607403300214336]], "map_objects_center": [[55.49531129005239, 5.460883193311091], [33.35404110824113, -16.04369078376733], [81.9430087039423, -4.832074999784602], [21.325033534333947, 16.473592048613483], [89.1693657801992, -4.680422234345045], [36.3206179402438, 29.14768264432371], [30.086670882911406, -17.25215723789835], [13.145938776839682, 10.062200015332857], [37.16799526125176, -28.34351435960253], [33.285025098069795, -22.82282355577204], [45.733374488609115, 5.368575239352905], [17.40296532836905, 14.78292112630188], [80.52772247133318, 0.5792198762384615], [37.24303112822257, -23.2381818236707], [25.859751178233036, 10.921453538959367], [41.14937947844391, 8.869101261257573]], "map_objects_elevation": [0.08213222142205656, 0.09268158822585182, -0.2648041515849041, 0.3066084231409367, -0.04667117767375961, -0.3055281312296314, 0.15234536412617405, 0.11755281350295343, -0.08323869365494052, 0.015244605606000383, 0.15313371223656902, 0.15203642541971696, 0.10102025083899102, 0.02822351152595437, 0.3587144837737558, -0.09856279632152942], "map_objects_bbox": [[[53.1446910463734, 6.360435148456837], [53.209482470752796, 4.407509632384376], [57.84593153373138, 4.561331238165344], [57.78114010935199, 6.514256754237805]], [[34.32669416355279, -13.27682716515638], [32.30986422577058, -13.303018806292812], [32.381388052929466, -18.810554402378283], [34.39821799071167, -18.78436276124185]], [[84.29800815694193, -5.8638242795863285], [84.34087226136265, -3.904293042644133], [79.58800925094266, -3.8003257199828764], [79.54514514652195, -5.759856956925072]], [[20.38680417647752, 14.229076360974764], [22.312686340116176, 14.250381097032303], [22.263262892190376, 18.7181077362522], [20.337380728551718, 18.696803000194663]], [[91.36389076833198, -5.534794124367638], [91.36183764470685, -3.820795354040372], [86.97484079206642, -3.8260503443224514], [86.97689391569155, -5.540049114649717]], [[37.42112650166156, 38.65009738512755], [34.77585387674423, 38.588059172202264], [35.22010937882604, 19.645267903519862], [37.86538200374337, 19.707306116445157]], [[31.019960516433912, -15.178304552686734], [29.142966447150243, -15.183023013657516], [29.1533812493889, -19.326009923109964], [31.03037531867257, -19.32129146213918]], [[12.440507518155256, 7.5989915407471385], [14.401123418930787, 7.82847201840516], [13.851370035524107, 12.525408489918576], [11.890754134748576, 12.295928012260555]], [[38.038250780294746, -25.97098710336811], [36.27327433074812, -25.980104808441602], [36.297739742208776, -30.71604161583695], [38.0627161917554, -30.706923910763457]], [[34.37623440883018, -20.577905185293982], [32.42266387200773, -20.48044669331273], [32.19381578730941, -25.067741926250097], [34.14738632413186, -25.16520041823135]], [[43.47906344296774, 6.340004063044744], [43.47569238141639, 4.405006999495546], [47.98768553425049, 4.397146415661067], [47.991056595801844, 6.332143479210265]], [[16.437352572273607, 12.095182949829743], [18.533343951850984, 12.160214763100866], [18.36857808446449, 17.470659302774013], [16.272586704887114, 17.40562748950289]], [[83.22973583476796, -0.14885208711396924], [83.05662836756882, 1.777385126938313], [77.82570910789839, 1.3072918395908921], [77.99881657509754, -0.61894537446139]], [[38.2613516921265, -20.613995953895014], [36.28950055748003, -20.589765749739072], [36.224710564318634, -25.862367693446387], [38.196561698965105, -25.88659789760233]], [[26.83538480667963, 13.248224589803032], [24.89238787058525, 13.251675144518963], [24.884117549786442, 8.594682488115703], [26.827114485880823, 8.591231933399772]], [[37.176924782743555, 10.797482367421027], [36.779501573643216, 8.234107484016654], [45.12183417414427, 6.940720155094118], [45.51925738324461, 9.504095038498491]]],