{"scene_token": "da4ed9e02f64c544f4f1f10c6738216dcb0e6b0d50952e158e5589854af9f100", "sample_token": "32e4fc72b6b174ecfd8b3fbb8e1b9a39438c2534d0cdf0e3e9e42be4eea85b69", "map_patch": [-10, -40, 70, 40], "egobbox": [[2.045649637172497, -0.8620504914889747], [2.045623203811811, 0.8679371818160345], [-2.038331978967319, 0.8679470069145346], [-2.038305545606633, -0.8620406663904746]], "map_objects_center": [[27.849082806399355, -7.896964922525539], [44.90632731307562, 7.516249359310062], [47.90972073761004, 4.074169304481714], [91.04691871920335, -7.1885480194747196], [57.670413961224995, 3.8927819627351354], [31.619933561181835, -20.126956095536084], [23.822307793831175, 15.859083044783656], [34.50004356790213, -25.59185567576369], [39.16733914466678, 28.10783178510352], [76.72118868418731, -2.7988690575911654], [95.1514154206283, -13.67413920568847], [38.40260353088909, -29.384569148092694], [38.62076278178772, -24.283332318473782], [23.70613048078185, 22.50690977510305], [29.137665040838378, 25.10619230362498], [19.854357840435988, 14.279013716229311], [34.93502819822931, -16.982629120341475], [15.46665864596, 9.679484090331098], [83.81911925379958, -7.1375747141808645]], "map_objects_elevation": [0.35773283336499484, -0.12334005795982117, 0.1619801071530439, -0.0427802185308519, 0.08972220863191105, 0.16411765215657415, 0.31790811954774556, 0.07698366235882814, -0.29691924029728023, 0.1052829885333666, 0.1963938747943672, -0.07124824317845202, 0.03989441489193579, 0.22138560622405423, 0.22512182215426824, 0.1639412970350026, 0.1044140303325285, 0.1302897229026736, -0.25997806562212844], "map_objects_bbox": [[[28.836901671153978, -5.57534083787383], [26.893949528460297, -5.561703712002529], [26.861263941644733, -10.218589007177249], [28.804216084338414, -10.232226133048549]], [[40.81499074444064, 9.177578671081251], [40.588036947038184, 6.593526045099226], [48.9976638817106, 5.854920047538871], [49.22461767911306, 8.438972673520897]], [[45.68352822874201, 5.108412585078634], [45.62591373879235, 3.174270508976716], [50.13591324647806, 3.0399260238847936], [50.193527736427725, 4.974068099986712]], [[93.21663018378126, -8.104104358800226], [93.26262726319689, -6.390721661127219], [88.87720725462543, -6.272991680149213], [88.8312101752098, -7.98637437782222]], [[55.345935144692426, 4.857876508099139], [55.35595375433202, 2.9039021921315795], [59.99489277775756, 2.9276874173711325], [59.98487416811797, 4.881661733338691]], [[32.59667984690063, -18.073212880493234], [30.720002500379664, -18.038411486052368], [30.643187275463042, -22.180699310578934], [32.519864621984006, -22.2155007050198]], [[22.82152552938388, 13.64175134673581], [24.7472480370159, 13.609058479020566], [24.82309005827847, 18.076414742831503], [22.89736755064645, 18.109107610546747]], [[35.70367717522032, -23.405154418313508], [33.75756114211365, -23.208766064063102], [33.296409960583944, -27.77855693321387], [35.24252599369061, -27.974945287464276]], [[40.533801196591924, 37.575660810843715], [37.88782905743007, 37.58780324796455], [37.80087709274163, 18.640002759363327], [40.446849231903485, 18.62786032224249]], [[79.50468540952275, -2.510579307431926], [78.65296829926979, -0.7742227875598298], [73.93769195885187, -3.087158807750405], [74.78940906910483, -4.823515327622501]], [[95.60904288654162, -14.156903747097381], [95.59671607816861, -13.179981513859067], [94.69378795471498, -13.191374664279557], [94.70611476308798, -14.168296897517871]], [[39.33902728450269, -27.037370646970942], [37.57448889766112, -26.99700628939479], [37.466179777275485, -31.731767649214447], [39.23071816411706, -31.7721320067906]], [[39.71224826177955, -21.6887248921052], [37.741851353734695, -21.60922630867578], [37.52927730179589, -26.877939744842365], [39.49967420984074, -26.957438328271785]], [[22.62572937612494, 19.87086923993366], [24.696430992586993, 19.83571507117028], [24.786531585438762, 25.14295031027244], [22.71582996897671, 25.17810447903582]], [[30.1631889191782, 27.365718642253242], [28.309901740112263, 27.445415768360874], [28.112141162498556, 22.846665964996717], [29.965428341564493, 22.766968838889085]], [[18.81377785922185, 11.61940137554949], [20.91076855046716, 11.625649641751133], [20.894937821650124, 16.938626056909133], [18.797947130404815, 16.93237779070749]], [[35.98486387532738, -14.244119799361894], [33.96809234039394, -14.213762331051646], [33.885192521131245, -19.721138441321056], [35.901964056064685, -19.751495909631302]], [[14.69245226158798, 7.237019408007604], [16.658730751504415, 7.41144675704425], [16.24086503033202, 12.12194877265459], [14.274586540415589, 11.947521423617946]], [[86.14426960395794, -8.234937393133661], [86.24204939429585, -6.277377914445599], [81.49396890364123, -6.040212035228068], [81.39618911330332, -7.99777151391613]]],