{"scene_token": "da4ed9e02f64c544f4f1f10c6738216dcb0e6b0d50952e158e5589854af9f100", "sample_token": "f07f93ccbfea34a7d3918672746551589326c04c82ff09be5dafa3d8758c17b3", "map_patch": [-10, -40, 70, 40], "egobbox": [[2.042668386091729, -0.8618451982938349], [2.04265933255577, 0.8681407829658079], [-2.0413391887133763, 0.8681334012197508], [-2.041330135177417, -0.861852580039892]], "map_objects_center": [[32.94780938452148, 25.722850691114388], [19.87105119380807, 14.249354436792704], [47.92229938963876, 4.033132673466595], [24.784207749886527, -16.013872178737795], [28.341323155281675, 11.829672960069432], [32.0035507502255, -21.91327136730972], [71.11407715177845, 6.3491546449432406], [23.83959599204011, 15.826827058996694], [57.682911092113756, 3.8476279945443537], [23.726110845850744, 22.475073292737726], [35.18507064996536, -3.185178582857409], [5.228171348096253, 2.8409901633529486], [38.62194124446388, -24.320201133105858], [18.197734663856526, -0.6726910241752551], [83.12466831959149, -12.825182385164393], [38.40177739859887, -29.420146872244935], [39.1894928918314, 28.067807974087223], [15.481512984746969, 9.651900245267974]], "map_objects_elevation": [0.1636635765774499, 0.22954700852235332, 0.18595857237417812, 0.2058742513806, 0.3637432409573055, 0.02153732806427011, -0.08982850694643085, 0.3915110250627625, 0.1146921461755418, 0.3255024109362741, 0.16992028947805826, 0.02991381987973407, -0.06811451659245549, 0.12182030212678763, -0.057560872986110345, -0.20272617352747302, -0.16418989133684114, 0.17394919790028474], "map_objects_bbox": [[[34.3746967733875, 31.084405957965146], [31.635853229049207, 31.113681197271895], [31.520921995655456, 20.36129542426363], [34.259765539993744, 20.332020184956882]], [[18.82939085806573, 11.590165040577919], [20.926383914571456, 11.595561425179675], [20.912711529550414, 16.90854383300749], [18.815718473044686, 16.903147448405733]], [[45.696527215251955, 5.068280236727713], [45.638127004561326, 3.134161725521305], [50.148071564025564, 2.997985110205477], [50.20647177471619, 4.932103621411884]], [[25.54092654338553, -13.574392128078351], [23.787132213399, -13.662377627492118], [24.027488956387522, -18.45335222939724], [25.78128328637405, -18.36536672998347]], [[29.317421610335387, 14.269280112059636], [27.415521855614738, 14.288807605332886], [27.365224700227962, 9.390065808079228], [29.26712445494861, 9.370538314805978]], [[33.38348950784399, -19.000815097213575], [30.929733676227386, -18.87459576902843], [30.62361199260701, -24.825727637405862], [33.077367824223614, -24.951946965591006]], [[67.02341581883324, 8.012145883388898], [66.79541229512948, 5.428185668296827], [75.20473848472365, 4.686163406497583], [75.43274200842741, 7.270123621589654]], [[22.837913041781608, 13.609902101502321], [24.763622109367756, 13.576426931353524], [24.84127894229861, 18.043752016491066], [22.915569874712464, 18.077227186639863]], [[55.35882452720399, 4.813666756088606], [55.36804935387664, 2.8596885313960025], [60.00699765702352, 2.881589233000101], [59.99777283035087, 4.835567457692704]], [[22.644638965757096, 19.839471877013658], [24.715326130331817, 19.803476509735276], [24.807582725944393, 25.110674708461794], [22.73689556136967, 25.146670075740175]], [[35.96280447052092, -0.5583692817538721], [34.20218265254062, -0.6280457774446009], [34.4073368294098, -5.811987883960946], [36.1679586473901, -5.742311388270217]], [[3.405292025934357, 4.004708439756042], [3.1643381865869338, 2.194676051287887], [7.051050670258149, 1.6772718869498546], [7.292004509605572, 3.48730427541801]], [[39.71448066719988, -21.726037325678174], [37.744116217231934, -21.64573829515779], [37.52940182172789, -26.91436494053354], [39.49976627169583, -26.994663971053924]], [[17.15696055505441, 1.6330714320303201], [15.824628709078631, 0.20373317528394475], [19.23850877265864, -2.9784534803808302], [20.57084061863442, -1.549115223634455]], [[83.54101847682008, -13.327251649883644], [83.57769847859495, -12.355943986231289], [82.7083181623629, -12.323113120445141], [82.67163816058803, -13.294420784097497]], [[39.33915460039868, -27.073328977403932], [37.57463275676733, -27.032247797432646], [37.464400196799055, -31.766964767085938], [39.228922040430405, -31.808045947057224]], [[40.55980103999615, 37.53508110731166], [37.91383405190898, 37.54829844262986], [37.819184743666646, 18.600534840862785], [40.46515173175382, 18.587317505544586]], [[14.70631443788867, 7.209750277934113], [16.67266362488869, 7.383378831992365], [16.25671153160527, 12.094050212601836], [14.29036234460525, 11.920421658543583]]],