{"scene_token": "da4ed9e02f64c544f4f1f10c6738216dcb0e6b0d50952e158e5589854af9f100", "sample_token": "cbcea399dcaacf9a7531351c43a86ba8b1c8c6570249e30893f6b0977ba232b5", "map_patch": [-10, -40, 70, 40], "egobbox": [[2.0406355304882515, -0.8649973823468948], [2.0406362203527566, 0.8650026176364207], [-2.0433575783074023, 0.8650042150651729], [-2.0433582681719074, -0.8649957849181427]], "map_objects_center": [[77.37860645628639, -7.964469935601453], [28.384410670018102, -17.246519848997586], [17.650263332685988, 15.720869106193136], [51.35848103350904, 3.3659639957601684], [90.59344599184652, -7.85110477618198], [81.38690603108478, -2.7269622750407905], [25.071820460794108, -18.324880062443555], [33.13515395536287, 27.792257138673644], [41.600525613965665, 3.6596321384308945], [28.047456645223086, -24.01762944140319], [13.664424967151223, 14.186563156994449], [31.98594986076285, -24.589127678119645], [34.64318960091999, 8.44561525471758], [9.224108392202494, 9.637818386434775], [84.60531119945531, -8.09860249351211]], "map_objects_elevation": [-0.301686611844708, 0.05614375192472987, 0.2698271595155366, 0.045284624051034617, 0.09891368223140895, 0.0648495433617371, 0.1158349360471762, -0.3425015788014556, 0.1163352310174326, -0.02122974354588758, 0.11529029800696189, -0.008266534342848297, -0.08346752903226062, 0.080871702271338, -0.08359077271083615], "map_objects_bbox": [[[79.690978433421, -9.088509454196146], [79.81127230102086, -7.132204420358664], [75.06623447915179, -6.840430417006762], [74.94594061155192, -8.796735450844242]], [[29.46568177911351, -14.520269486570175], [27.44939295416381, -14.466712279931226], [27.303139560922695, -19.972770211424997], [29.319428385872396, -20.026327418063946]], [[16.624038226065014, 13.515197546204938], [18.549257181768084, 13.46035255918169], [18.67648843930696, 17.926540666181335], [16.751269483603892, 17.981385653204583]], [[49.0452588799863, 4.357736408389011], [49.03279752365005, 2.403776144054482], [53.671703187031774, 2.3741915831313265], [53.68416454336802, 4.328151847465855]], [[92.69752137015296, -8.789453353420024], [92.76322684623146, -7.076713212472398], [88.48937061354009, -6.912756198943937], [88.42366513746158, -8.625496339891564]], [[83.95229626111762, -3.8448790732203486], [84.06464637207117, -1.9141451576927], [78.82151580105193, -1.6090454768612326], [78.70916569009839, -3.5397793923888807]], [[26.086363134645904, -16.289542826766468], [24.21064973946608, -16.22005715095495], [24.05727778694231, -20.36021729812064], [25.932991182122134, -20.42970297393216]], [[34.61044727417078, 37.24373927765485], [31.964789931094494, 37.28632123423874], [31.659860636554953, 18.34077499969244], [34.30551797963124, 18.298193043108544]], [[39.38637877847496, 4.719417985140744], [39.30651695638839, 2.78606672647795], [43.81467244945637, 2.5998462917210445], [43.89453427154294, 4.533197550383838]], [[29.226558042588263, -21.817603045031664], [27.27836724923358, -21.64299310061825], [26.86835524785791, -26.217655837774718], [28.816546041212593, -26.392265782188133]], [[12.593316603872422, 11.539098072406135], [14.69024040343431, 11.521221304495349], [14.735533330430025, 16.83402824158276], [12.638609530868138, 16.85190500949355]], [[33.10721251144087, -22.00724884320223], [31.13786058347482, -21.905087285772865], [30.86468721008483, -27.17100651303706], [32.83403913805088, -27.273168070466426]], [[31.288378801262976, 11.316903205882472], [30.254916521344594, 8.937661369501416], [37.998000400577, 5.57432730355269], [39.03146268049539, 7.953569139933745]], [[8.421854151360787, 7.204422121324734], [10.390009199353644, 7.356217072032038], [10.0263626330442, 12.071214651544816], [8.058207585051344, 11.919419700837512]], [[86.76434615054595, -9.039059472841355], [86.83005162662445, -7.326319331893728], [82.44627624836468, -7.158145514182866], [82.38057077228618, -8.870885655130493]]], "image_objects_bbox": [[[1063.3745921832885, 568.2135411835933], [1091.2208873409147, 568.0555532376338], [1091.437430240119, 592.965864520356], [1063.5759374598267, 593.0829198335656], [1065.4358862313686, 568.3803105981233], [1095.079119772274, 568.2124407229155], [1095.3118085268777, 594.7279949414664], [1065.651352183055, 594.8494916408567]], [[1575.0337575109695, 533.1301587579765], [1533.35260192765, 535.4711982540125], [1534.9938016541857, 625.7425165416192], [1576.8886356495404, 630.3685308406953], [1814.1271517065557, 531.5408872371443], [1754.9771985426703, 534.0106790649268], [1757.0601447438617, 624.8328806290843], [1816.496202855989, 629.4187586960768]], [[101.43478793280119, 554.3349541987446], [-9.85672425777599, 552.9023573602005], [-11.623206740557047, 671.3891346167865], [100.11575187822669, 659.6683567996489], [-174.05903069400776, 556.0841813999871], [-318.29635015534706, 554.8810224237147], [-320.8220903850063, 672.2483069812125], [-175.98374434247438, 660.5319199501656]], [[906.4932930326328, 561.1452787015314], [861.1971196494645, 561.4120551660653], [861.3573183902145, 603.9740512851649], [906.6949038851546, 603.7260984047078], [912.1237710191283, 561.572593049834], [870.83004484925, 561.8156088988268], [870.9840783886463, 600.6118032434334], [912.3122187268465, 600.384426764087]], [[1048.4816577425445, 565.3400035312422], [1069.33520215658, 565.2181118928652], [1069.4920021133853, 584.2833758631512], [1048.6298176066593, 584.3899865296758], [1050.5805423683341, 565.3189704412688], [1072.4584269068482, 565.1910840071457], [1072.624257730006, 585.1916163894003], [1050.736863270939, 585.3026864868475]], [[988.2322030461871, 559.6982452892317], [1014.1674954735886, 559.5377850519585], [1014.3613024573747, 587.0558987204689], [988.4104511005709, 587.1761684551288], [985.5691494636459, 559.2967484434627], [1013.2552760916464, 559.1248020233609], [1013.4616314531362, 588.5059355450148], [985.7577735094504, 588.6320698550653]], [[1747.333961220498, 557.8674147320348], [1691.0719694478487, 558.4662894047711], [1692.630455087203, 630.7774282937512], [1749.1146737728634, 636.1103472524028], [1955.4000208993868, 556.6255974182251], [1882.8815445478456, 557.3233397158921], [1884.7503520796754, 630.1399861494563], [1957.5458689008967, 635.460714066891]], [[-375.8199198602099, 519.6088105562789], [-268.91728746327516, 523.2573003610761], [-271.2949663857674, 639.381400814415], [-378.69065014933267, 645.6822734563895], [295.2613246007652, 514.995581700655], [349.9249784502269, 519.0549041493862], [349.07894412655264, 636.5421641681396], [294.1920520051889, 642.6774170308324]], [[880.9270857134237, 564.4517775261445], [824.9239177513983, 564.7834902495409], [825.0636600519192, 611.5793807758301], [881.1234523259614, 611.3564532019585], [894.4727192075044, 564.5892036229627], [844.3564024069658, 564.8855954802364], [844.4988011985793, 606.7346025167307], [894.6604584104451, 606.525190307805]], [[1887.5159323726339, 567.3546239017641], [1829.8949810254187, 567.2206909505159], [1831.3785674240346, 627.7170452448047], [1889.1914008635672, 632.4002272718517], [2102.1338399983683, 566.2154239081658], [2028.3827517108862, 566.1602062470282], [2030.1510429933242, 627.6061290722666], [2104.141896801057, 632.3600755899195]], [[13.638653544080091, 572.534862655472], [-162.67355102461082, 573.7433065649152], [-165.38341960536664, 722.8289696962603], [11.826329505021581, 698.39991915552], [-415.811712915071, 575.0370916305314], [-669.5386694296182, 576.6955004618814], [-673.8414315155101, 724.8834248122829], [-418.7670350755959, 700.2616857727055]], [[1777.2975759703897, 556.1775156271981], [1730.4021068252162, 556.7665599891459], [1731.8111134560306, 619.6788790057622], [1778.867238983061, 623.2517096032226], [1983.5183923040752, 554.9223012461001], [1923.2782848922168, 555.5954387538472], [1924.9631865182328, 619.1012095170778], [1985.403391377402, 622.6714833394542]], [[620.6216367466523, 507.57989380127236], [544.9040818112042, 510.116365809733], [544.5342923129302, 632.6142935669918], [620.4447213523289, 634.4803742936275], 