{"scene_token": "da4ed9e02f64c544f4f1f10c6738216dcb0e6b0d50952e158e5589854af9f100", "sample_token": "98ff3b79a06f079a4c7496a66c0695b3bff85245511f707923e117889eb37bf6", "map_patch": [-10, -40, 70, 40], "egobbox": [[2.045586209755914, -0.8675069146403862], [2.0456128264789504, 0.8624841481544079], [-2.0383432668083215, 0.8624861105586883], [-2.0383698835313577, -0.8675049522361058]], "map_objects_center": [[34.48587887155297, 1.7637828810979377], [76.82402134632216, -12.20584147062029], [27.281602973312456, 26.302415157122073], [94.75941709309294, -13.422338855708407], [44.21552504638537, 0.9651527411240419], [82.81692885916206, -12.268797925331885], [69.61399423348298, -11.697615273879524], [85.21705688950327, -19.177350949557642], [81.20510124025957, -7.6501789219478376], [20.204753054905265, -18.429877131523618], [71.0309388457343, 6.26059786669615], [24.5705477586071, 10.22012935293386]], "map_objects_elevation": [0.05991233365635851, -0.1347640937605108, -0.39888220618970616, 0.05189657033707451, -0.009830069333802482, 0.04856424870487419, -0.3538328911490609, 0.1062133811654602, 0.03946515498697667, -0.003101263578776825, -0.028961301255185257, -0.058584945349919426], "map_objects_bbox": [[[32.32958851132908, 2.9368149064090683], [32.1497076133132, 1.0101940660440007], [36.64216923177686, 0.5907508557868071], [36.82205012979274, 2.5173716961518746]], [[78.93145369710977, -13.256850574697783], [79.08577202638095, -11.54981166089091], [74.71658899553454, -11.154832366542799], [74.56227066626336, -12.861871280349671]], [[29.244398932342886, 35.66480999088196], [26.604497200255967, 35.8443506406649], [25.318807014282026, 16.940020323362187], [27.958708746368945, 16.76047967357925]], [[96.81207281595793, -14.4683960880765], [96.96639114522911, -12.761357174269625], [92.70676137022794, -12.376281623340315], [92.55244304095676, -14.08332053714719]], [[41.95676997724717, 2.0753936103242596], [41.84313177810807, 0.12470082064762256], [46.47428011552358, -0.14508812807617577], [46.58791831466268, 1.8056046616004613]], [[84.86958458202706, -13.314855157699977], [85.02390291129824, -11.607816243893103], [80.76427313629706, -11.222740692963793], [80.60995480702589, -12.929779606770667]], [[71.86505029158192, -12.939901723655126], [72.08649772947867, -10.992451844390201], [67.36293817538404, -10.455328824103923], [67.1414907374873, -12.402778703368847]], [[85.64322066260517, -19.688104254486298], [85.69273281363569, -18.712359642971414], [84.79089311640136, -18.666597644628986], [84.74138096537085, -19.64234225614387]], [[83.68244107113738, -8.951621338017908], [83.93484270046211, -7.034162233495933], [78.72776140938176, -6.348736505877767], [78.47535978005702, -8.266195610399741]], [[21.42576281833519, -15.7632831602545], [19.414953421009706, -15.605376328142878], [18.98374329147534, -21.096471102792734], [20.994552688800823, -21.25437793490436]], [[71.51247565185723, 5.7920161722725085], [71.57199501208807, 6.6589754825966505], [70.54940203961137, 6.729179561119792], [70.48988267938053, 5.86222025079565]], [[22.9398283162718, 14.32376238969405], [20.916889728484367, 12.700015035565155], [26.201267200942397, 6.116496316173671], [28.22420578872983, 7.740243670302565]]], "image_objects_bbox": [[[923.7931964577141, 572.9353470051033], [855.4841840297227, 572.9891347772664], [855.3701638842409, 630.2997068971007], [923.7850534219085, 630.5886546892546], [941.6023213465177, 572.930884223443], [881.7981903409221, 572.9779254789624], [881.7342021624097, 623.0656531780166], [941.6194718333342, 623.2802043201918]], [[1125.027773586392, 572.8185279178235], [1149.7240062200085, 572.7991716879357], [1149.877838914774, 598.5585270047344], [1125.1641142490892, 598.525280237296], [1128.814838004865, 572.8135318421458], [1154.9893112667412, 572.7930126131341], [1155.1561960157214, 600.0868113096099], [1128.9620734287992, 600.048281115613]], [[-593.7213506268372, 511.6187515690579], [-441.3759255653561, 517.3478966301085], [-446.507606437234, 655.5369057195581], [-600.0137837805132, 664.0888728964399], [184.99462646160273, 507.56044954255566], [268.52131918542125, 513.9726168824387], [265.9245084117528, 659.0470395270298], [181.74984532565998, 668.4560569286275]], [[1108.4394181105536, 573.3749112543755], [1128.4915099968794, 573.3600986308315], [1128.5899252289196, 591.5941501698578], [1108.5277933367618, 591.5786818868723], [1110.634196007955, 573.3968848572423], [1131.6247110956176, 573.3814200814983], [1131.72933359936, 592.4657879878423], [1110.7278166039016, 592.4480843692805]], [[956.7748702468248, 568.6933063460211], [903.7680421409044, 568.747211365304], [903.7339502024543, 618.6512028897414], [956.8124702482717, 618.7433450209894], [963.8030707497911, 569.1260860924258], [916.1776789598664, 569.1733665248951], [916.1621133258607, 613.9879578841171], [963.8453711680194, 614.0584195495937]], [[1114.178057686312, 573.4870414721736], [1137.1018152233996, 573.4703286631149], [1137.219133319614, 594.3072962618728], [1114.2822535026205, 594.2844752660966], [1117.0091465410449, 573.518311271611], [1141.1676245169745, 573.5007650162651], [1141.2936515645417, 595.4555836937931], [1117.120599337726, 595.4292450513522]], [[1132.5221547643353, 576.9278047274954], [1163.6456202132601, 576.9165958220501], [1163.821141458969, 604.5669047784247], [1132.67390613345, 604.4896031205674], [1135.7596576188498, 577.216439789104], [1169.1225361087045, 577.2054210053687], [1169.3150245211098, 606.8371676657981], [1135.9248315226198, 606.7465592354392]], [[1206.2462360076893, 567.0048822999687], [1219.216601405577, 566.9911778201764], [1219.4231549162507, 593.2921468917947], [1206.4434358246788, 593.2896024868836], [1208.2845698882356, 566.9409046794178], [1221.3961805546307, 566.9270123330521], [1221.6065328020595, 593.5119704883567], [1208.4853635628604, 593.5092612661877]], [[1054.8381516079232, 567.2270836453042], [1080.911382338151, 567.1889843540287], [1081.024797142894, 594.7795885522263], [1054.9318061661504, 594.7317672731134], [1051.3352690729241, 566.8486791238865], [1079.1520460558272, 566.8067538990102], [1079.2716997920036, 596.2559021138384], [1051.4324300432918, 596.1999619513672]], [[1908.1583624362174, 534.5184199793924], [1822.802198561906, 538.3288202609507], [1825.8459912056992, 664.0720751290385], [1911.861609163043, 674.1537716317318], [2274.192644156893, 533.2866217438885], [2149.768307032388, 537.307878672732], [2154.0195769246943, 665.8906417477756], [2279.408351204548, 676.4323168894667]], [[855.6216270283876, 570.7279457747703], [869.1950974799474, 570.7152917899017], [869.1480183989744, 599.8010563781148], [855.5639159261433, 599.7881396970569], [852.9488004026224, 570.6956437406918], [866.7199454732098, 570.6827744172642], [866.6701951654621, 600.1975522753512], [852.8881060351206, 600.18409137944]], [[249.62349952385284, 484.222942495332], [233.1949424033463, 492.5103287525516], [230.00783276243845, 661.4246748923325], [246.19229485941506, 670.4296876468517], [689.5018537883188, 502.60160998682704], [643.4117331465558, 507.9090582814429], [642.3582501878185, 643.9951400320361], [688.5467985500843, 649.6927575001607]]], "objects_token": ["c0347761a59724eac18e08d58f6d6d97ddbd90150cd08bf347748b5155e28321", "1c89d80908fe6382a1c9b4731a51dcfdb290adf2de20ff033fb97813864f2f3e", "e91237737bba2d52ae2cb53a38449e77fc037f31289514db081dbf0df32d9220", "998296fcb65326266d36997e084f3a71e8c4bef2a5df2f5830e7a2ec8c03ed2d", "55ed7230dcb1eea851c850c8a6f242546812245a5bfd9615aba8bf0199d5185b", "04c73bc0339d5550e03a14102f3e55acd48978cd89f6252304bc7a3956db858c", "1021f3f92c521ef42be9f08d889c4f92d64705c122d3ec0946793196ac55f9d6", "d1cde2b0804afe38a2dbfaff4ab7551a40f1877dab83ca0be1776012a5e9a899", "af92e6667f441306bbcbc1a53875d9a756bfca344145d9740b8fc00c527a79e1", "2619dce9deb4e147a5ed2a647987f7c0292986f0b73fa417eda897263f9c185f", "7bbf9a4444a66bd7b6bfa8f7876c9edbf57440c283e0fa770bf05873676fbc4b", "fdab0d0fdb613339f9a9def67456525c70536a32464b5ca8ef35ac8ea8059172"],