{"scene_token": "da4ed9e02f64c544f4f1f10c6738216dcb0e6b0d50952e158e5589854af9f100", "sample_token": "1bf57f561172c496083c584a0152e68d4e6718d7087808eab85840a920809c47", "map_patch": [-10, -40, 70, 40], "egobbox": [[2.04266838609173, -0.8618451982938351], [2.042659332555771, 0.8681407829658079], [-2.0413391887133763, 0.8681334012197508], [-2.041330135177417, -0.8618525800398922]], "map_objects_center": [[35.52992131784247, 19.887820093186747], [38.401777398598874, -29.420146872244946], [23.839595992040117, 15.826827058996692], [15.481512984746972, 9.65190024526797], [47.922299389638766, 4.033132673466589], [19.87105119380808, 14.249354436792702], [45.46460745493442, 7.44197181033083], [57.68291109211377, 3.847627994544343], [6.025020048337563, -5.657290025171681], [7.442877036585253, 2.422389561807165], [91.4916952619882, -13.779409952540423], [28.407920964821148, -10.093196372229354], [23.72611084585075, 22.475073292737726], [38.62194124446389, -24.32020113310587], [28.228784995956264, 16.9817593746356], [91.0549832078956, -7.246360412038229], [34.91077901617535, -24.954544653459486], [39.18949289183141, 28.067807974087223], [72.13865043181836, -7.84637068220615]], "map_objects_elevation": [0.1481118841095106, -0.20272617352747324, 0.39151102506276214, 0.17394919790028462, 0.1859585723741779, 0.22954700852235332, -0.10215383497479857, 0.1146921461755418, -0.07234024048732313, 0.09588304803690972, 0.1466701392331231, 0.22267802550958427, 0.32550241093627375, -0.06811451659245593, 0.3050285564977212, -0.062466469699431704, -0.008974395085750597, -0.1641898913368416, 0.07802591729974595], "map_objects_bbox": [[[36.46737940667467, 22.259883452729046], [34.6998244868303, 22.29955214736349], [34.59246322901028, 17.515756733644448], [36.36001814885464, 17.476088039010005]], [[39.339154600398686, -27.073328977403943], [37.574632756767336, -27.032247797432657], [37.46440019679906, -31.76696476708595], [39.22892204043041, -31.808045947057234]], [[22.837913041781615, 13.60990210150232], [24.763622109367763, 13.57642693135352], [24.84127894229862, 18.043752016491066], [22.91556987471247, 18.077227186639863]], [[14.706314437888672, 7.209750277934109], [16.672663624888692, 7.383378831992361], [16.256711531605273, 12.094050212601832], [14.290362344605253, 11.920421658543582]], [[45.69652721525196, 5.068280236727707], [45.638127004561326, 3.1341617255212997], [50.14807156402557, 2.9979851102054713], [50.206471774716206, 4.932103621411879]], [[18.829390858065736, 11.590165040577917], [20.926383914571463, 11.595561425179673], [20.91271152955042, 16.908543833007485], [18.815718473044694, 16.903147448405733]], [[41.31840048510486, 8.961187977746377], [41.18071476599329, 6.370844633177413], [49.61081442476399, 5.922755642915282], [49.74850014387556, 8.513098987484247]], [[55.35882452720401, 4.813666756088596], [55.36804935387666, 2.8596885313959923], [60.00699765702353, 2.88158923300009], [59.99777283035088, 4.835567457692694]], [[7.81750274405339, -7.1939512713672515], [8.378140410594542, -5.464555594590161], [4.232537352621736, -4.120628778976111], [3.671899686080584, -5.850024455753202]], [[5.2886171619100955, 3.7187170252069714], [4.976383130442623, 1.9348361688733509], [9.59713691126041, 1.1260620984073588], [9.909370942727882, 2.909942954740979]], [[91.94912657196824, -14.262360360605213], [91.93719662930751, -13.28543320033782], [91.03426395200816, -13.296459544475633], [91.04619389466889, -14.273386704743025]], [[29.36289583545041, -7.802960249802973], [27.5080286592284, -7.780762083793254], [27.452946094191887, -12.383432494655736], [29.307813270413895, -12.405630660665453]], [[22.644638965757103, 19.839471877013658], [24.715326130331825, 19.803476509735276], [24.8075827259444, 25.110674708461794], [22.73689556136968, 25.146670075740175]], [[39.71448066719989, -21.726037325678185], [37.74411621723194, -21.645738295157802], [37.529401821727895, -26.914364940533552], [39.49976627169584, -26.994663971053935]], [[29.07329901062722, 19.230449232980753], [27.375302391978266, 19.227060567061002], [27.384270981285308, 14.733069516290449], [29.082267599934262, 14.736458182210198]], [[93.22432255801245, -8.16279809897315], [93.27101567788135, -6.449434228525045], [88.88564385777876, -6.329922725103307], [88.83895073790985, -8.043286595551411]], [[35.9377931061555, -22.20739516553892], [33.92083879696178, -22.19381891329923], [33.88376492619519, -27.701694141380052], [35.90071923538891, -27.715270393619743]], [[40.55980103999616, 37.53508110731166], [37.91383405190899, 37.54829844262986], [37.81918474366665, 18.600534840862785], [40.46515173175382, 18.587317505544586]], [[73.23701820439373, -5.272549935501393], [71.30548543808243, -5.174891486477122], [71.04028265924299, -10.420191428910906], [72.9718154255543, -10.517849877935177]]],