{"scene_token": "da4ed9e02f64c544f4f1f10c6738216dcb0e6b0d50952e158e5589854af9f100", "sample_token": "8a0502cde3e01534fb36f7e344c65ec57bcdd3665d5ce898a634ed91f0fc61ab", "map_patch": [-10, -40, 70, 40], "egobbox": [[2.0300642932104442, -0.8506410349530856], [2.030523039718894, 0.8790725581214854], [-2.0530351726090363, 0.879062519184611], [-2.053493919117486, -0.8506510738899601]], "map_objects_center": [[54.93728753283736, -23.659734000576158], [26.033747095468925, -14.671129691460646], [49.21925644392924, -41.113951699838864], [43.34675176169559, -23.661199677706826], [69.54341431270525, -48.7662473982747], [43.010685147771326, -37.41342306166182], [64.68574683946063, -50.27604654055071], [54.54182171314611, -43.868679950243354], [22.321583816453394, 15.576670311547193], [17.705899951137262, -9.576999663438873], [69.48669067134145, -53.20567331897479]], "map_objects_elevation": [0.13110820020603775, -0.13349662087792136, -0.25274074805801794, -0.07073180987497618, 0.12381371774856675, -0.47697084076387575, -0.05316262374269687, -0.06453843741704535, -0.49546768593118395, -0.0705364861446589, -0.2476549430401923], "map_objects_bbox": [[[55.14067226248365, -24.30010979005192], [55.60231113802746, -23.56386896763941], [54.73390280319107, -23.019358211100396], [54.27226392764726, -23.755599033512905]], [[24.51683782875571, -12.662748371452025], [23.537026025695237, -14.35333549744802], [27.550656362182142, -16.679511011469266], [28.530468165242613, -14.988923885473271]], [[50.62772156233819, -43.001308915689975], [51.534145385071625, -41.546595248475256], [47.81079132552029, -39.22659448398775], [46.904367502786855, -40.68130815120247]], [[42.69720519573917, -23.833059384020498], [43.41001609492707, -24.330112320838033], [43.99629832765201, -23.489339971393154], [43.28348742846411, -22.992287034575618]], [[71.24789689465183, -50.98564013680493], [72.28019732821909, -49.35018551656722], [67.83893173075867, -46.54685465974447], [66.80663129719142, -48.18230927998218]], [[44.46126341055679, -39.53623998818523], [45.535876880698154, -37.89709207240986], [41.56010688498586, -35.290606135138404], [40.4854934148445, -36.92975405091377]], [[66.04753211440587, -52.13431781109824], [66.9539559371393, -50.679604143883516], [63.3239615645154, -48.417775270003176], [62.41753774178196, -49.8724889372179]], [[55.90360698809135, -45.72695122079089], [56.810030810824784, -44.27223755357616], [53.18003643820088, -42.01040867969582], [52.27361261546744, -43.46512234691055]], [[28.289784528365775, 23.052470286287594], [26.013483294402878, 24.401458311534295], [16.353383104541013, 8.100870336806793], [18.62968433850391, 6.751882311560092]], [[16.30875366243372, -7.558689851253955], [15.280633332799892, -9.197956024818707], [19.103046239840804, -11.59530947562379], [20.13116656947463, -9.956043302059038]], [[70.82150534245973, -55.107229535279586], [71.78187037284708, -53.56594597655033], [68.15187600022317, -51.30411710266999], [67.19151096983582, -52.845400661399246]]], "image_objects_bbox": [[[1423.4214626438786, 533.1875354641852], [1442.4987119592442, 532.6803551277179], [1443.556792908867, 570.434442058684], [1424.4640854797722, 570.6277167630335], [1419.9381459924623, 533.1555113621773], [1439.2987215319442, 532.6397363264535], [1440.3730252504274, 571.0134936130418], [1420.9965024039127, 571.2050182256369]], [[1651.9587206182046, 531.3585337288075], [1542.8177851348544, 534.0664491936936], [1545.3354772819353, 621.0031837176482], [1654.676720880981, 622.0255669380009], [1641.8301914202198, 532.1240962369535], [1549.107672055477, 534.4066112442332], [1551.2589051703947, 608.539594812281], [1644.126071509367, 608.9524849413594]], [[1853.4276416722685, 531.8161779084866], [1902.033215517398, 530.7046207306413], [1903.3301011298006, 570.845478812411], [1854.683859689954, 571.2515611031632], [1870.9981105850268, 531.5416243049292], [1923.897080882753, 530.334344154784], [1925.3083378245772, 573.7413105390023], [1872.3615781779872, 574.1248196310928]], [[1580.570872180873, 532.7619353985451], [1578.2659847832736, 532.7518382310222], [1579.7022130820114, 581.7853851365481], [1581.9838118492332, 580.9650554278352], [1550.3649357498316, 533.5221693337671], [1547.5785087042973, 533.5251223961167], [1548.9812725621389, 581.8886881900195], [1551.7454965582183, 581.077659676758]], [[1710.115927193055, 525.0092146262741], [1746.8223114885748, 524.0248061786776], [1747.8171877602178, 556.2590773051587], [1711.0858087417673, 556.7861330463934], [1714.6488666239609, 524.340135073012], [1753.908904260973, 523.2788252793516], [1754.9733997382814, 557.6948959645938], [1715.6848400794076, 558.2353454762241]], [[1885.5631155986716, 537.9576226965821], [1950.009895477694, 536.6519694570695], [1951.475201870542, 581.3891884490242], [1886.9674836809497, 581.6356781347328], [1906.8978144774437, 538.3057146682919], [1978.426610996692, 536.8774203548993], [1980.0530978173892, 586.137502648788], [1908.4500026781263, 586.2847145090694]], [[1793.9567334245264, 533.3675844970857], [1830.2090442958256, 532.5411442802904], [1831.0522293481267, 559.1917283818917], [1794.7796840398614, 559.6595484791056], [1803.3413494730473, 533.2572661532855], [1841.8765714499218, 532.380280240411], [1842.7727820121836, 560.6097921817577], [1804.2147962416034, 561.0847264572233]], [[1821.554921735107, 533.2884732090903], [1864.9684926175273, 532.3076735630613], [1865.9781370385952, 563.8960828915272], [1822.535918043568, 564.3743140230991], [1834.695140438503, 533.151123076535], [1881.4178606523417, 532.098325814129], [1882.504379690782, 565.9295733805463], [1835.7486772327215, 566.406552324764]], [[-161.9599677730076, 514.8890961841076], [-11.481313089372472, 516.6957430374509], [-9.378600137058898, 661.9223367279343], [-159.8833180985355, 673.6954221323202], [340.5038218539345, 463.5682105711145], [507.0068297886631, 473.1501281542731], [511.351288958979, 698.0310128236549], [345.10936107429103, 722.7708570069286]], [[1662.5135884780523, 541.8059738742561], [1494.565025973782, 545.2704921398528], [1497.9274679706211, 663.2201395103594], [1666.3148782721294, 668.2069967584176], [1657.2020043837492, 540.38136151267], [1523.5772634956982, 543.219566380648], [1526.283003962124, 637.2397148064712], [1660.1838003841676, 639.6945859422815]], [[1781.1774290673598, 536.5749489410834], [1816.7848318267095, 535.802479066753], [1817.5671590565107, 560.6284368898597], [1781.9412310698574, 561.0711342942122], [1789.1937913448635, 536.646359451814], [1826.8717981222799, 535.8324548112812], [1827.6995885024342, 562.0230045867806], [1790.000917282516, 562.4701554256951]]], "objects_token": ["491d31360820c8f33f4e9bca30d592ddd5ed76c61ad9b462082396104f924c5e", "4d7da3845eae944d0e202b9e5febf88dad05f83a7d9c075752047f4bef91850d", "71cf84dfddb4db1d5a6c4751cf9025a412d9c1890c2d171ceff6bc4a4b53f06b", "913b500f4837ef18025f622e584ea50583ba14a8c97c0a0790360c7220dda9b7", "10ee340ecc4b18f132cb2d8ac4fdcec1edc523f2f59704d27d601fe5c26dcdca", "c3515cecd4a9e72e29aec6ecb4bd224128be4c4cfc5e027d7c4a9c3615bcfb3e", "4502ed46ad90c3cdc03ad3fcc54acc1b50eaac1ed47722850c99f9a35c45352c", "cb79b5d4b0e04deb3c50f26c4642b9857311c331c7440c6f1b0d59f09741d4f5", "a54b1dc0a33650160d91e04eea20a4d85326cccfdc4c5d1ccb5e4fded9f98a97", "f98322daa8c159b19aeca8cb95b061fc8b04c10e15d8bd690417d6fdf8edbc8b", "92db6b50d88df53583ed34e72f71398249eccb3773f9cdbe227c9d7ace425630"], "objects_type": ["pedestrian", "car", "car", "pedestrian", "car", "car", "car", "car", "bus", "car", "car"], "cam_intrinsic": [[1109.05239567, 0.0, 957.849065461], [0.0, 1109.05239567, 539.672710373], [0.0, 0.0, 1.0]], "ego_translation": [0.0, 0.0, 0.0], "ego_rotation": [[1.0, 0.0, 0.0], [0.0, 1.0, 0.0], [0.0, 0.0, 1.0]], "cam_translation": [1.5039405282244198, -0.02676183592864872, 1.6584901808053665],