{"scene_token": "da4ed9e02f64c544f4f1f10c6738216dcb0e6b0d50952e158e5589854af9f100", "sample_token": "63a8e7884ed2dd3cbc05085bcb26d93e4e20aaea6077724e95cbf1f2100e3812", "map_patch": [-10, -40, 70, 40], "egobbox": [[2.0435706398882982, -0.860643023886297], [2.0435492578533663, 0.8693302510846215], [-2.040442552438441, 0.869325235787825], [-2.040421170403509, -0.8606480391830935]], "map_objects_center": [[91.47038575966403, -25.244204062745006], [17.586255363988947, 12.702677911203127], [37.482973155816, -3.83293634446963], [27.917314023819927, -1.883327279797955], [66.09738981046841, -2.039635764305289], [23.680522425185835, 23.337365294949844], [79.97533601713099, -18.545983972110747], [68.29471227939918, -20.78677290940906], [61.19653022023356, -19.424889362292856]], "map_objects_elevation": [-0.166283460953924, -0.08307278015315811, -0.08191072483470019, -0.02272925268662862, 0.006285536436203998, -0.4691311988715172, 0.06991401291371946, -0.18030785694830498, -0.4072730333015425], "map_objects_bbox": [[[93.37353904663746, -26.576740672479314], [93.75088213415573, -24.800376916290233], [89.56723247269059, -23.911667453010697], [89.18988938517232, -25.688031209199778]], [[17.906207004327644, 17.106844228208487], [15.377936406306324, 16.52659963910755], [17.26630372365025, 8.298511594197764], [19.79457432167157, 8.878756183298705]], [[35.372214584812866, -2.462057974614445], [35.02749314642459, -4.385410030249481], [39.59373172681913, -5.203814714324815], [39.938453165207406, -3.2804626586897783]], [[25.915757917352764, -0.4622835075432037], [25.508125051839585, -2.353859688127405], [29.91887013028709, -3.3043710520527063], [30.32650299580027, -1.4127948714685048]], [[66.50318876781888, -2.575148328315944], [66.69208255938295, -1.7269265792971193], [65.69159085311794, -1.5041232002946336], [65.50269706155387, -2.3523449493134585]], [[26.742357293185478, 32.40004548577097], [24.14251750457471, 32.89213193504213], [20.618687557186192, 14.274685104128723], [23.21852734579696, 13.78259865485756]], [[82.28040028447234, -20.132692427822153], [82.75895054811396, -18.25883393658848], [77.67027174978963, -16.95927551639934], [77.19172148614801, -18.833134007633014]], [[70.26226231970622, -22.08085099394946], [70.61841102675815, -20.40426097296483], [66.32716223909213, -19.492694824868657], [65.9710135320402, -21.169284845853287]], [[63.28394742554931, -20.925961782581695], [63.73532814747967, -19.018645488971842], [59.10911301491782, -17.923816942004017], [58.657732292987454, -19.83113323561387]]], "image_objects_bbox": [[[1253.0073267799141, 572.901939138676], [1275.581894100669, 572.7145637975805], [1275.9090437726936, 591.6198430124812], [1253.3218288550474, 591.7308191539466], [1255.8970445689768, 573.0204176319027], [1279.5569994492116, 572.8246392410873], [1279.9018059122168, 592.6291248339126], [1256.2279593910482, 592.7410796271311]], [[-338.0145300017426, 460.44849385934964], [-181.07843836355295, 477.7005975505312], [-185.84208403324592, 698.6782036404772], [-344.72306503367355, 720.8669700845971], [381.13085376962226, 468.655731029486], [424.57610239390766, 483.03568509161596], [423.5089824687271, 681.3837736140839], [379.62893701776505, 698.2098610971709]], [[1098.6239685519927, 568.1583837067444], [1034.7993581361031, 568.7537156529592], [1035.4483171083787, 628.3400252002546], [1099.3818401578997, 628.3459909395701], [1105.3438938828076, 568.4634482926983], [1048.980560072718, 568.985943289201], [1049.5728024412315, 621.5416486797083], [1106.0210372595284, 621.48637148079]], [[1061.7554273862618, 574.8501552813756], [975.1721043621405, 575.5622421512513], [975.8446715897725, 647.876043622856], [1062.6087743269645, 648.3675922127653], [1082.2685288148577, 574.1621368460719], [1008.5088381281814, 574.7759677370965], [1009.1338955445766, 636.1225409853511], [1083.0246426232986, 636.3727585938556]], [[984.8342079425313, 568.9833037179899], [999.3212270927679, 568.8458036081447], [999.6328902437974, 600.1820574087948], [985.132917392458, 600.2299045628805], [981.4444651633827, 568.9629059936909], [996.1469949141382, 568.8232071649987], [996.4608195924347, 600.6473914363883], [981.744946526854, 600.6946277544832]], [[-636.6366859773335, 519.7591047539], [-453.11166038104653, 524.9369882051185], [-457.51131745748694, 677.7743949847186], [-642.3706215832815, 689.9725372001201], [139.0620646886183, 500.8954214277708], [260.19178040447406, 509.11797462821596], [258.46283082149796, 686.2077015382107], [136.45136245227394, 701.7417942461766]], [[1203.911170794098, 564.0050714973369], [1230.983669954609, 563.7286922871249], [1231.435956007996, 591.7854789248984], [1204.340697094738, 591.8984755003191], [1201.5381748676923, 563.6077748439297], [1230.407994165412, 563.3104114016479], [1230.890119904902, 593.2464057722394], [1201.9944152164805, 593.3578398115264]], [[1281.5512970193154, 570.1636215740725], [1310.128916327656, 569.9136269537154], [1310.6570597959546, 598.890452720606], [1282.054800599265, 598.9930913913286], [1287.4523259933699, 570.1481235387436], [1317.954643166469, 569.8814887947141], [1318.5242333273338, 600.7788260496524], [1287.9938512589079, 600.8779812221475]], [[1292.8498775821872, 574.9319934635763], [1329.3406295211028, 574.6482887856195], [1329.9299791444842, 606.1039109383828], [1293.4046422578772, 606.1623000782022], [1298.7619944482412, 575.3130210433399], [1338.2359704745525, 575.0094519681214], [1338.8808541643002, 608.9995450493723], [1299.366418137199, 609.0401789127574]]], "objects_token": ["adac8830622f4d77feadaa8d682c7c3f0715bdeeffeb0f274bcbb1e12f001ff4", "558d3bdefe6aa183aa01f08a4c7f61d8189a8d863729b88998b1e879c2942fb8", "735c4a46290f38b456817162a25d0ba2223c34eae9f6986ea89a80792f6f1d3e", "5fa6737e721991fa76504572c1afc641b50d3d13b980a59e6d9600727fa8c0e6", "72f219685a18f7fc34e207bc22a8d0900ac38b9d54631f604bd80160c5d7d614", "b38dbfd2b8974f443806d63e9cbc92fdb287d2dc10e7ecf60efca8ce4474308c", "ce91d7edc97ec457fadd61497df0d4148359251287935749d3cced855e47420f", "4303554217241fdf313d4f70a4d766bd9aee317557329a78c1a6c0ed39efd1b4", "7d35f0bc7adc3db55f8686610022acfdabe4951d284335bcd08f2c977fd6f261"], "objects_type": ["car", "truck", "car", "car", "pedestrian", "bus", "car", "car", "car"], "cam_intrinsic": [[1109.05239567, 0.0, 957.849065461], [0.0, 1109.05239567, 539.672710373], [0.0, 0.0, 1.0]], "ego_translation": [0.0, 0.0, 0.0], "ego_rotation": [[1.0, 0.0, 0.0], [0.0, 1.0, 0.0], [0.0, 0.0, 1.0]], "cam_translation": [1.5039405282244198, -0.02676183592864872, 1.6584901808053665], "cam_rotation": [[0.006759426271296165, 0.02533582536529963, 0.9996561439362748], [-0.9999683364602721, 0.004369557390585865, 0.006650792816400852], [-0.004199551566444137, -0.999669446827935, 0.02536455884440647]],