{"scene_token": "da4ed9e02f64c544f4f1f10c6738216dcb0e6b0d50952e158e5589854af9f100", "sample_token": "24b0962e44420e6322de3f25d9e4e5cc3c7a348ec00bfa69db21517e4ca92cc8", "map_patch": [-10, -40, 70, 40], "egobbox": [[2.042668386091729, -0.861845198293835], [2.04265933255577, 0.8681407829658078], [-2.0413391887133763, 0.8681334012197507], [-2.041330135177417, -0.8618525800398921]], "map_objects_center": [[22.428564572482937, -5.462834742989844], [23.83959599204012, 15.826827058996683], [19.871051193808018, 14.249354436792913], [39.18949289183157, 28.067807974087486], [35.16596622314843, -17.79090947072463], [57.68291109211376, 3.8476279945443252], [15.48151298474691, 9.651900245268184], [81.5024432517688, -12.742171378796126], [28.28029679912832, -1.1080342390404008], [23.726110845850695, 22.475073292737935], [32.75617011858311, 9.963656436266078], [38.40177739859886, -29.420146872244956], [47.9222993896387, 4.033132673466792], [24.731469414294345, -22.49102160164418], [28.79793558263129, 15.992925286722597], [12.713530958689411, 1.0851812769082256], [38.62194124446381, -24.320201133105662], [82.31076428237468, 4.920147832162236]], "map_objects_elevation": [0.1646739761228082, 0.39151102506276214, 0.22954700852235332, -0.1641898913368416, 0.09957647612036302, 0.1146921461755418, 0.17394919790028462, -0.057514524218925445, 0.09642093744173519, 0.32550241093627375, 0.06772698452962889, -0.20272617352747302, 0.18595857237417768, 0.2326701707924531, 0.24788859748157432, 0.08308951341798432, -0.06811451659245571, -0.05027059283626878], "map_objects_bbox": [[[22.38028877396178, -2.933522445689025], [20.59261924839621, -3.7224163976015605], [22.476840371004094, -7.9921470402906625], [24.264509896569663, -7.203253088378127]], [[22.83791304178162, 13.60990210150231], [24.763622109367766, 13.576426931353511], [24.841278942298622, 18.043752016491055], [22.915569874712475, 18.077227186639853]], [[18.829390858065675, 11.590165040578128], [20.9263839145714, 11.595561425179884], [20.91271152955036, 16.9085438330077], [18.815718473044637, 16.903147448405942]], [[40.55980103999632, 37.535081107311925], [37.913834051909156, 37.54829844263013], [37.81918474366682, 18.600534840863048], [40.465151731753984, 18.58731750554485]], [[36.0620593401581, -15.20208461653926], [34.30008922541745, -15.191822318511301], [34.26987310613876, -20.379734324909997], [36.03184322087941, -20.389996622937957]], [[55.358824527204, 4.813666756088578], [55.36804935387665, 2.859688531395974], [60.006997657023526, 2.8815892330000725], [59.997772830350875, 4.835567457692676]], [[14.70631443788861, 7.209750277934322], [16.672663624888628, 7.383378831992573], [16.256711531605212, 12.094050212602045], [14.29036234460519, 11.920421658543795]], [[81.89324976578848, -13.264369874197802], [81.97829986217523, -12.296097969666537], [81.11163673774911, -12.21997288339445], [81.02658664136236, -13.188244787925715]], [[29.19649896225872, 1.3546928766334365], [27.294689844855494, 1.3277469871145766], [27.36409463599792, -3.570761354714238], [29.265903753401144, -3.543815465195378]], [[22.644638965757046, 19.839471877013867], [24.715326130331768, 19.803476509735486], [24.807582725944343, 25.110674708462003], [22.73689556136962, 25.146670075740385]], [[34.16433349388283, 15.330159805170684], [31.425404445861155, 15.349874518028539], [31.34800674328338, 4.597153067361471], [34.08693579130506, 4.577438354503616]], [[39.33915460039867, -27.073328977403953], [37.57463275676733, -27.032247797432667], [37.46440019679905, -31.76696476708596], [39.22892204043039, -31.808045947057245]], [[45.6965272152519, 5.068280236727909], [45.63812700456126, 3.1341617255215013], [50.14807156402551, 2.9979851102056747], [50.20647177471614, 4.932103621412082]], [[25.689664717967393, -20.12341774752945], [23.93465875470808, -20.06434094223106], [23.773274110621298, -24.85862545575891], [25.52828007388061, -24.917702261057304]], [[29.719878438884855, 17.902902935754916], [28.023094826357337, 17.967163127616345], [27.875992726377724, 14.082947637690278], [29.572776338905243, 14.01868744582885]], [[11.327852768392258, 2.7456104994090853], [10.55087852180153, 1.0931617043976418], [14.099209148986564, -0.575247945592634], [14.876183395577291, 1.0772008494188094]], [[39.71448066719981, -21.72603732567798], [37.74411621723186, -21.645738295157596], [37.52940182172782, -26.914364940533346], [39.49976627169576, -26.99466397105373]], [[78.36664957526888, 6.9058490123985266], [77.93214964886842, 4.348497684567721], [86.25487898948047, 2.9344466519259456], [86.68937891588094, 5.491797979756751]]],