{"scene_token": "da4ed9e02f64c544f4f1f10c6738216dcb0e6b0d50952e158e5589854af9f100", "sample_token": "7fdaed0f21662446907fbe8799f25027403c94f1d738314a76c0d53af350211d", "map_patch": [-10, -40, 70, 40], "egobbox": [[2.0426683860917305, -0.8618451982938344], [2.0426593325557714, 0.868140782965809], [-2.0413391887133767, 0.8681334012197506], [-2.0413301351774176, -0.8618525800398928]], "map_objects_center": [[38.62194124446383, -24.320201133105655], [57.68291109211377, 3.847627994544343], [34.39758562593934, -26.766337206089695], [39.18949289183156, 28.067807974087504], [23.839595992040117, 15.826827058996692], [45.07897637678008, 7.451673195179104], [91.05498320789555, -7.246360412038008], [83.82725012608124, -7.1913755426759245], [47.9222993896387, 4.033132673466808], [27.765072049862745, -13.187380981581352], [94.63331422244241, -13.741812636011733], [19.871051193808015, 14.24935443679292], [15.481512984746908, 9.651900245268191], [31.609709318818187, -21.240000171690237], [75.63513377696887, -3.194507333320054], [23.72611084585069, 22.475073292737946], [34.93611025228546, -17.221687674717238]], "map_objects_elevation": [-0.06811451659245593, 0.1146921461755418, -0.04331637780208519, -0.1641898913368416, 0.39151102506274793, -0.09619105930390415, -0.062466469699431704, -0.28077910396127215, 0.18595857237417768, 0.2956360681878638, 0.1475356476497891, 0.2295470085223391, 0.17394919790028462, 0.06869204467156198, 0.10119055359809281, 0.32550241093627375, 0.028271742900778385], "map_objects_bbox": [[[39.71448066719982, -21.72603732567797], [37.74411621723188, -21.64573829515759], [37.52940182172783, -26.91436494053334], [39.499766271695776, -26.994663971053722]], [[55.35882452720401, 4.813666756088596], [55.36804935387666, 2.8596885313959923], [60.00699765702353, 2.88158923300009], [59.99777283035088, 4.835567457692694]], [[35.613537875291165, -24.58646189376189], [33.668560881051, -24.379096294212452], [33.18163337658752, -28.9462125184175], [35.126610370827684, -29.153578117966937]], [[40.559801039996316, 37.53508110731194], [37.91383405190915, 37.54829844263014], [37.81918474366681, 18.600534840863066], [40.46515173175398, 18.587317505544867]], [[22.837913041781615, 13.60990210150232], [24.763622109367763, 13.57642693135352], [24.84127894229862, 18.043752016491066], [22.91556987471247, 18.077227186639863]], [[40.976804955657215, 9.086065936145248], [40.766846287099625, 6.500576938393077], [49.18114779790295, 5.817280454212962], [49.39110646646054, 8.402769451965131]], [[93.22432255801239, -8.16279809897293], [93.2710156778813, -6.449434228524825], [88.8856438577787, -6.329922725103087], [88.8389507379098, -8.04328659555119]], [[86.15195449198092, -8.289682699698497], [86.25052951282652, -6.332163104581941], [81.50254576018156, -6.093068385653352], [81.40397073933596, -8.050587980769908]], [[45.6965272152519, 5.068280236727924], [45.63812700456126, 3.1341617255215164], [50.14807156402551, 2.9979851102056916], [50.20647177471614, 4.932103621412099]], [[28.73869569998007, -10.859768151248046], [26.795696508371396, -10.857995749474314], [26.79144839974542, -15.514993811914659], [28.734447591354094, -15.51676621368839]], [[95.09074553242245, -14.224763044076523], [95.07881558976172, -13.247835883809131], [94.17588291246237, -13.258862227946944], [94.1878128551231, -14.235789388214336]], [[18.829390858065672, 11.590165040578135], [20.9263839145714, 11.595561425179891], [20.912711529550357, 16.908543833007705], [18.81571847304463, 16.90314744840595]], [[14.706314437888608, 7.209750277934329], [16.672663624888628, 7.383378831992581], [16.25671153160521, 12.094050212602053], [14.290362344605189, 11.920421658543802]], [[32.5729310685613, -19.179879213876884], [30.696065467607824, -19.15741778120829], [30.646487569075067, -23.30012112950359], [32.52335317002855, -23.322582562172183]], [[78.29821504663335, -2.3348776740118793], [77.10471930257211, -0.8130616835229705], [72.9720525073044, -4.054136992628229], [74.16554825136564, -5.575952983117137]], [[22.644638965757043, 19.839471877013878], [24.715326130331764, 19.803476509735496], [24.80758272594434, 25.110674708462014], [22.736895561369618, 25.146670075740396]], [[35.98705833424169, -14.483605064744975], [33.970299298134876, -14.452428306069596], [33.88516217032923, -19.9597702846895], [35.90192120643604, -19.99094704336488]]],