{"scene_token": "da4ed9e02f64c544f4f1f10c6738216dcb0e6b0d50952e158e5589854af9f100", "sample_token": "709c7e82438fcdff830731bea4d43c91f35fbdb1cf43279697ed954eabf79ae1", "map_patch": [-10, -40, 70, 40], "egobbox": [[2.047516978955184, -0.862089305664429], [2.047483511833542, 0.8678986076497508], [-2.0364132984799004, 0.8679281247923432], [-2.0363798313582584, -0.8620597885218366]], "map_objects_center": [[15.30113821016869, 14.48739379481226], [77.62101047849036, 11.657585391186988], [19.254697910979928, 16.103055253927103], [34.413413838670415, -23.90470691593533], [23.7700522238845, 18.121301056594213], [10.95496780698859, 9.848612687141438], [43.44709222316014, 4.535144451473676], [81.08080803310378, -0.8979723265927078], [79.45586391623226, -6.353344964020202], [34.48896733669163, 28.4892262975804], [30.464036726467537, -23.414036396273804], [37.48301876124483, 8.618969538060268], [53.20901641649494, 4.441499501283616], [34.241149134069964, -29.007685462175782], [73.10176446156512, 11.23994944075475], [30.66216432951458, -16.637445418704786], [86.68379932831058, -6.339359374065072], [92.66560479370314, -5.9692039952979705], [27.37236822607325, -17.78346033238044]], "map_objects_elevation": [0.11903744018200546, 0.01579927764391631, 0.27358823241134944, -0.004620922815046891, 0.3318360221574782, 0.08459306698765046, 0.12010313026437025, 0.06836745696644786, -0.29788541684380443, -0.33866430927973057, -0.017590355411825853, -0.10368410687848817, 0.04907199674117557, -0.11605420367434482, 0.014992177715919652, 0.05980831130246922, -0.07977485460772149, 0.10274309575001095, 0.11948862867799637], "map_objects_bbox": [[[14.284507067089347, 11.818535308694798], [16.38135687462295, 11.843632811484785], [16.317769353248032, 17.15625228092972], [14.22091954571443, 17.131154778139734]], [[78.13814805131697, 11.228615426304822], [78.12881377287684, 12.097565293239619], [77.10387290566375, 12.086555356069153], [77.11320718410389, 11.217605489134357]], [[18.273887292122133, 13.876817276994766], [20.199825870495893, 13.86143571882727], [20.235508529837723, 18.32929323085944], [18.309569951463963, 18.344674789026936]], [[35.481532741934046, -21.300393137127003], [33.51050083947163, -21.238609324721185], [33.345294935406784, -26.509020694743654], [35.3163268378692, -26.57080450714947]], [[24.812322685409757, 20.418994853650716], [22.870231881554503, 20.478428089982344], [22.72778176235924, 15.823607259537711], [24.669872566214494, 15.764174023206083]], [[10.202747596178748, 7.399287473036704], [12.167378750320612, 7.5913823146520105], [11.707188017798432, 12.297937901246172], [9.742556863656567, 12.105843059630866]], [[41.2116930180624, 5.549335086338926], [41.171466526556635, 3.614753263468377], [45.68249142825788, 3.5209538166084253], [45.722717919763646, 5.455535639478975]], [[83.6831871419689, -1.9268493715997328], [83.72895790322059, 0.006608938634661721], [78.47842892423866, 0.13090471841431728], [78.43265816298697, -1.8025535918200772]], [[81.79078433411738, -7.4297629321641665], [81.87096400831162, -5.471403613794296], [77.12094349834715, -5.276926995876238], [77.0407638241529, -7.235286314246109]], [[35.770269494738315, 37.968955712483805], [33.1242951074487, 37.957313470116], [33.207665178644945, 19.009496882676995], [35.85363956593456, 19.021139125044805]], [[31.59780721575263, -21.19030963076815], [29.646447379760353, -21.05565900701845], [29.330266237182443, -25.637763161779457], [31.28162607317472, -25.77241378552916]], [[33.81294092867899, 11.074489585404386], [33.06734122563817, 8.58995399845349], [41.153096593810666, 6.16344949071615], [41.89869629685149, 8.647985077667046]], [[50.87595644063206, 5.3856607158157], [50.903538584912454, 3.4318553966201315], [55.54207639235782, 3.497338286751532], [55.514494248077426, 5.451143605947101]], [[35.15643649182006, -26.65216443642737], [33.391606564640476, -26.627662841962447], [33.32586177631987, -31.363206487924195], [35.09069170349945, -31.387708082389118]], [[72.64631749572813, 10.745971140310415], [73.51456501545827, 10.709815304233144], [73.55721142740212, 11.733927741199084], [72.68896390767198, 11.770083577276354]], [[31.687341603144766, -13.889609941891777], [29.67037866838451, -13.87738211284081], [29.636987055884397, -19.385280895517795], [31.65394999064465, -19.397508724568763]], [[88.86165291444878, -7.23537556105335], [88.89224683288974, -5.5216486247667], [84.50594574217239, -5.4433431870767945], [84.47535182373143, -7.157070123363445]], [[94.78846714209584, -6.864238463783184], [94.81906106053681, -5.150511527496533], [90.54274244531044, -5.074169526812757], [90.51214852686947, -6.787896463099408]], [[28.344989385070882, -15.72776031022981], [26.468245952250417, -15.696726661310404], [26.399747067075616, -19.839160354531067], [28.27649049989608, -19.870194003450475]]],