{"scene_token": "da4ed9e02f64c544f4f1f10c6738216dcb0e6b0d50952e158e5589854af9f100", "sample_token": "86d400cd70b9c7933293c33111d517f0edd4a75b00524caadfb550af7a211271", "map_patch": [-10, -40, 70, 40], "egobbox": [[2.046129718003884, -0.8610694013866099], [2.046084096690341, 0.8689088056112934], [-2.0378586459786976, 0.8689096554827419], [-2.0378130246651547, -0.8610685515151614]], "map_objects_center": [[64.93256851389167, -4.350791645060938], [79.38570182067947, -21.672087849571955], [16.54771424348415, 13.390587822345566], [89.24525722456151, -28.346660368468427], [66.23747002900886, -23.09097795919868], [36.03004335274618, -5.082460950734113], [23.174808333950985, 22.548533964721194], [55.82652278321927, -6.639995521554951], [26.537476407266826, -2.8034263412376044], [84.94249954000185, -14.681969691208348], [59.19059991660579, -21.484558148174262]], "map_objects_elevation": [0.06150595690744787, 0.10809063906625349, -0.053502389900826675, -0.14488596054788505, -0.15859599487252884, -0.057881890105009215, -0.44069343233253244, -0.045963865585866515, 0.001448247077734166, -0.317206070861635, -0.38546545798755694], "map_objects_bbox": [[[65.31769857185199, -4.901356208446087], [65.53872855106532, -4.060935630230064], [64.54743845593134, -3.8002270816757893], [64.32640847671802, -4.640647659891812]], [[81.63455340066957, -23.337510189753566], [82.17757728625203, -21.481309484095114], [77.13685024068937, -20.006665509390345], [76.59382635510691, -21.862866215048797]], [[17.12680830567894, 17.768224178546333], [14.56872191567814, 17.338073017566057], [15.968620181289364, 9.012951466144798], [18.526706571290163, 9.443102627125077]], [[91.10122194279843, -29.744172878129692], [91.53972974618713, -27.981911005885042], [87.3892925063246, -26.949147858807162], [86.95078470293589, -28.711409731051813]], [[68.15912213763471, -24.452280432352183], [68.573000097441, -22.789000229143298], [64.31581792038301, -21.729675486045174], [63.901939960576726, -23.39295568925406]], [[33.96792243414449, -3.639454863752729], [33.556936960901595, -5.54974461684866], [38.092164271347876, -6.525467037715497], [38.50314974459077, -4.615177284619566]], [[26.54801528485563, 31.49998523623961], [23.96673475372227, 32.08162672340493], [19.80160138304634, 13.59708269320278], [22.3828819141797, 13.01544120603746]], [[55.25043405266307, -6.98578197954043], [56.07338913664829, -7.264898316831672], [56.40261151377547, -6.294209063569472], [55.57965642979025, -6.0150927262782306]], [[24.586226408349482, -1.3140587936775447], [24.1134652446948, -3.1904174699811643], [28.48872640618417, -4.292793888797664], [28.96148756983885, -2.4164352124940445]], [[85.8021808075203, -12.416644246977905], [83.98957112636701, -12.454262643931397], [84.0828182724834, -16.947295135438793], [85.89542795363668, -16.9096767384853]], [[61.224893980077404, -23.056873849083004], [61.741920836500164, -21.16629636330317], [57.15630585313418, -19.91224244726552], [56.63927899671142, -21.802819933045352]]], "image_objects_bbox": [[[1024.30288337956, 567.7749374894693], [1039.067493484668, 567.6141004549497], [1039.4566059630586, 599.5112256854816], [1024.6783479513188, 599.563793102646], [1020.824239285069, 567.7543921572764], [1035.8086142890168, 567.5909588857974], [1036.2010683311744, 599.989273918414], [1021.2026338402845, 600.0410143823577]], [[1248.3534937265674, 562.7781418446946], [1275.8771544651838, 562.4588689869026], [1276.3977212202567, 590.7193548265732], [1248.8503117076707, 590.8512954672505], [1246.2958826737508, 562.3814211430113], [1275.6437739702837, 562.0379916513024], [1276.1989630948694, 592.1877534520623], [1246.8240669388247, 592.3180607877591]], [[-484.36949255301045, 456.5230905825381], [-283.71148158499295, 475.3242094835677], [-288.94850430944786, 707.121618455815], [-492.0721976707719, 732.7129936127454], [276.6043234267349, 461.33386256893726], [348.92914067365723, 477.88850143374145], [347.6658059489971, 690.61964255788], [274.64645806384056, 710.8749870893943]], [[1297.8331342119513, 571.9262288282243], [1321.204154165039, 571.7069543195464], [1321.5838890708237, 591.0752255130653], [1298.1992191137372, 591.2017244687056], [1301.0523363234806, 572.055213338264], [1325.5700907559662, 571.8259836058821], [1325.9705314649657, 592.1316801672062], [1301.4377573005888, 592.2589599627398]], [[1329.121994730442, 569.1454283589993], [1358.9196780962316, 568.8506807223355], [1359.534735353142, 598.710857290428], [1329.710095607666, 598.8246041930576], [1335.7382016999995, 569.1386375555898], [1367.60015482637, 568.823853086494], [1368.264234736056, 600.7111042798709], [1336.3714721766337, 600.819564100287]], [[1143.6158781927816, 567.4985810787892], [1076.7108298842459, 568.2050200527104], [1077.5295392528103, 630.2880715456961], [1144.555293792886, 630.3586196338999], [1149.7559645139818, 567.7593693100599], [1090.9111139059212, 568.3771665911114], [1091.650568345821, 622.9085228467369], [1150.5887403622194, 622.889274285432]], [[-611.603169095975, 521.0349623986601], [-426.44906538989835, 525.9758032274389], [-430.5040523871759, 680.066803334555], [-616.9560345021381, 692.6714884855744], [142.7326688173965, 498.7047984170544], [271.9776821075072, 507.320188589863], [270.5133633836632, 691.3245603657041], [140.35171665460422, 708.2936572392446]], [[1100.9514667222836, 568.5625753711387], [1097.449589032279, 568.5675117587016], [1097.9691521424336, 606.4039916433996], [1101.4666590482666, 605.8311711376806], [1080.6020589449436, 568.7793406176336], [1076.8132755017486, 568.7875272860988], [1077.3093384728247, 606.397079231335], [1081.0944067309767, 605.8277493873887]], [[1107.3348875103873, 574.7916355661346], [1015.4384768385733, 575.6315447293373], [1016.3222066106483, 651.9729168008619], [1108.4245999997663, 652.6888506332617], [1127.6854330740605, 573.8979462732244], [1049.916697696439, 574.6206303142337], [1050.7192495094107, 638.919445535406], [1128.6352728352142, 639.2969260843324]], [[1121.3313807234135, 574.176663565604], [1117.2791832250275, 574.1355750154014], [1117.602576758729, 596.8291425683832], [1121.6643201831848, 597.3669823139904], [1181.2053278195913, 573.5686412755698], [1175.8780792820014, 573.5406035973162], [1176.2359413852932, 596.2054663778218], [1181.5742525404294, 596.7289856658663]], [[1341.698227883294, 574.0780416698846], [1379.8779805042902, 573.7440606426583], [1380.565287130408, 606.2476526343324], [1342.347420172599, 606.3073610787696], [1348.5317427464022, 574.4962181139856], [1389.9296319705181, 574.1384904744127], [1390.6830779454126, 609.3310180758521], [1349.2403995926702, 609.3674406488474]]], "objects_token": ["e8e97733bfd77a325ae83ff8ac8450b8965ddb32754ff117be600d1621b5ca84", "1bbfad58171095fbd67a51001cd3f736b35cd3f5596ab6fd73041d0e86b92c93", "3c2bfc457dc6d7494aab4e89c904512b6a330cc59169788a318f3efcf58bc938", "821955d054075632cc07160c40f120c94b2dbf618b23597afae37723ce06e2ae", "cfbd41a1680019d3cea88cad9e20ca7055bc3d51d95fe37d0a6b6a90aba1c461", "831ceef65b4d8d282a696cc2d4048c54e3680b50fd00fa0c56471fce1c3f8132", "7d828e4c146e227bb8fdd8292048fcf8604e88bcea628cf8d380ac740f2a6f28", "2aa3eefce6e22d7978705b665c9e65f3f2a1bfbbed75b02c43af5eb37d9730b4", "32cbd50e56c0427f07266bc96b4c24458a9fe9d3b01ff1ad4a72b1b0d3529c42", "e47ebae60059fc68aa5f7e5baa12b35bf2940c8f5c8187c9b31f0a14569f3e62", "623238c1b10763c1c60fe77398e669dae26649f12095b3d6b881399ab3480b13"], "objects_type": ["pedestrian", "car", "truck", "car", "car", "car", "bus", "pedestrian", "car", "car", "car"], "cam_intrinsic": [[1109.05239567, 0.0, 957.849065461], [0.0, 1109.05239567, 539.672710373], [0.0, 0.0, 1.0]], "ego_translation": [0.0, 0.0, 0.0], "ego_rotation": [[1.0, 0.0, 0.0], [0.0, 1.0, 0.0], [0.0, 0.0, 1.0]], "cam_translation": [1.5039405282244198, -0.02676183592864872, 1.6584901808053665],