{"scene_token": "da4ed9e02f64c544f4f1f10c6738216dcb0e6b0d50952e158e5589854af9f100", "sample_token": "d315d4587d09dcbc385a532013af221685a83c435fd45f1f31049d22643c03e2", "map_patch": [-10, -40, 70, 40], "egobbox": [[2.046567539523354, -0.8620093511659376], [2.0465362185622475, 0.8679779426634301], [-2.037393338401927, 0.8679959372663187], [-2.0373620174408207, -0.8619913565630489]], "map_objects_center": [[19.806084561085328, 14.283016058716896], [95.36997386759901, -13.654049705790875], [91.00242474654192, -7.172008481842234], [34.89225990192543, -16.975970120816], [38.36201904694641, -29.377300147098723], [57.62396911935894, 3.903443965984616], [31.583349248754338, -19.580517215332492], [38.579280017999686, -24.27602460852504], [44.77941601571808, 7.535950697814382], [47.863244097164504, 4.083112393563061], [34.50993183777472, -25.016470074117], [83.77461637089414, -7.12230834230742], [23.656408236985754, 22.51159045782341], [77.42370125228803, -2.4894773760028315], [96.98726832686762, -6.854580080192875], [23.77375624477188, 15.863784432247481], [15.419195398055159, 9.682713750009878], [39.11663042166154, 28.115235700860488], [27.84855183537237, -5.263781192059803]], "map_objects_elevation": [0.15404093823982434, 0.18652856346261637, -0.052662487922064405, 0.094557054780815, -0.08108752418065224, 0.07982995299684503, 0.1543857039457749, 0.030047539348248886, -0.12723501747850996, 0.15208946047185823, 0.06726685100564167, -0.2698590201875176, 0.21147232480947098, 0.09548380682749369, 0.12907959099998978, 0.3080046581492941, 0.12039701787807622, -0.30684378811256896, 0.349446506113569], "map_objects_bbox": [[[18.76597295234834, 11.623220513685183], [20.86296251076232, 11.629838058754103], [20.846196169822317, 16.94281160374861], [18.749206611408336, 16.93619405867969]], [[95.82768634099988, -14.136733651756831], [95.81518749732359, -13.159813604410706], [94.91226139419815, -13.17136575982492], [94.92476023787444, -14.148285807171044]], [[93.17229740646994, -8.087182721917246], [93.21799275937525, -6.373791950749484], [88.8325520866139, -6.256834241767221], [88.78685673370859, -7.970225012934983]], [[35.94161331268586, -14.237275966784658], [33.9248364630892, -14.207273651357804], [33.842906491164996, -19.714664274847344], [35.859683340761656, -19.7446665902742]], [[39.29802944561163, -27.02993677863815], [37.53348397798787, -26.98988315597508], [37.42600864828118, -31.724663515559296], [39.190554115904945, -31.764717138222366]], [[55.29932038622384, 4.868129156880267], [55.30968308956336, 2.9141566354819997], [59.94861785249404, 2.9387587750889654], [59.93825514915452, 4.8927312964872325]], [[32.566897409709526, -17.530022759089885], [30.69034572311558, -17.48900120937013], [30.599801087799147, -21.6310116715751], [32.4763527743931, -21.672033221294853]], [[39.67030857205647, -21.681225012364912], [37.699897694904664, -21.6020734160333], [37.4882514639429, -26.87082420468517], [39.45866234109471, -26.949975801016784]], [[40.693608485373815, 9.210831835382702], [40.458090955389466, 6.627545654358604], [48.86522354606234, 5.8610695602460625], [49.10074107604669, 8.44435574127016]], [[45.63686949311385, 5.1169636267868235], [45.57959560546573, 3.1828114347932175], [50.08961870121516, 3.0492611603392983], [50.14689258886328, 4.983413352332905]], [[35.70745090723258, -22.826414292113995], [33.76079374406191, -22.635464327263723], [33.31241276831687, -27.206525856120003], [35.25906993148754, -27.397475820970275]], [[86.09995992999377, -8.21926154648425], [86.19739499361499, -6.261684879179204], [81.4492728117945, -6.02535513813059], [81.35183774817328, -7.982931805435636]], [[22.576471354440812, 19.87535970545762], [24.64717912942631, 19.84057018671116], [24.736345119530696, 25.1478212101892], [22.6656373445452, 25.182610728935657]], [[80.22016624421279, -2.3858021671087224], [79.48508175203654, -0.596945887425534], [74.62723626036326, -2.5931525848969406], [75.36232075253952, -4.382008864580129]], [[99.10216053614558, -7.768288016644905], [99.14785588905089, -6.054897245477143], [94.87237611758967, -5.940872143740845], [94.82668076468435, -7.654262914908607]], [[22.77336446679476, 13.646276531347063], [24.699092701764375, 13.613922782865327], [24.774148022749003, 18.0812923331479], [22.848419787779388, 18.113646081629636]], [[14.645419142440943, 7.240112768218614], [16.611666885304267, 7.414886375164538], [16.192971653669375, 12.125314731801142], [14.226723910806053, 11.950541124855217]], [[40.4814251726585, 37.58330521304993], [37.83545093624697, 37.59498169567242], [37.75183567066458, 18.647166188671044], [40.39780990707611, 18.635489706048553]], [[28.84351717669581, -2.9452108417005274], [26.900616256919925, -2.9255890187977265], [26.85358649404893, -7.5823515424190795], [28.796487413824813, -7.60197336532188]]],