{"scene_token": "da4ed9e02f64c544f4f1f10c6738216dcb0e6b0d50952e158e5589854af9f100", "sample_token": "d7941e355364d1659827fd591a61f4bb236b257d53e52ddb6399a3e651472415", "map_patch": [-10, -40, 70, 40], "egobbox": [[2.030221913269309, -0.837296008446663], [2.0309390955840856, 0.891668457277651], [-2.0526399141830947, 0.8913327296925282], [-2.053357096497871, -0.8376317360317858]], "map_objects_center": [[48.38854875944064, 11.678023125921088], [44.1101451834469, 30.35698716104852], [37.26789504932615, 28.189968112539518], [43.38799160427625, 10.01803190412883], [51.058278932320036, 32.489215844370676], [83.648534965017, 30.543581178104414], [54.63796458377274, 13.70382852391894], [30.530460299499786, 25.771623166722364], [39.08901219152776, 8.605492770549048], [55.26890730995058, 44.820567533102455], [37.077458671441654, 31.455288239318616], [17.663719481992022, 1.3765580412956329], [28.225461400650897, 15.120149757813191]], "map_objects_elevation": [-0.06599914555485042, 0.3077739750773918, 0.085042629298818, 0.0018699320433095412, 0.2642422225838613, 0.4444162913170009, -0.04558764241207047, 0.10454685675769049, 0.030800622167090563, 0.08050386794522613, 0.1765850921831219, -0.4053889137033997, 0.03101809453731752], "map_objects_bbox": [[[51.07751932845626, 11.61730633279272], [50.39835003596343, 13.465464895290753], [45.699578190425015, 11.738739919049456], [46.378747482917845, 9.890581356551424]], [[41.48351144415318, 30.455401842899782], [42.00769226432416, 28.77946316032071], [46.736778922740626, 30.258572479197255], [46.21259810256964, 31.934511161776328]], [[34.36646401784049, 28.27420717433446], [34.93154049425488, 26.46751473349039], [40.16932608081181, 28.105729050744575], [39.60424960439742, 29.912421491588645]], [[45.52759582677152, 9.940230740381558], [44.91670540198866, 11.517029360658928], [41.24838738178099, 10.0958330678761], [41.859277806563846, 8.519034447598731]], [[48.34663161986996, 32.71524980837232], [48.85414291917554, 30.893626004982288], [53.76992624477011, 32.26318188036903], [53.262414945464535, 34.084805683759065]], [[86.11411092323871, 30.008175075936087], [85.76352131246313, 31.919283635075576], [81.1829590067953, 31.07898728027274], [81.53354861757089, 29.167878721133253]], [[57.37190280086132, 13.625297796540869], [56.79321086094059, 15.387722444198403], [51.904026366684164, 13.782359251297011], [52.482718306604895, 12.019934603639477]], [[27.707285447931717, 25.85438793865829], [28.35823719373324, 23.966460285214456], [33.353635151067856, 25.688858394786436], [32.702683405266335, 27.57678604823027]], [[41.59802228414768, 8.62063724582459], [40.949433235407845, 10.288999390520626], [36.58000209890783, 8.590348295273508], [37.22859114764767, 6.921986150577471]], [[52.3788587246004, 45.099019816834215], [52.928512848557794, 43.102292157884044], [58.15895589530076, 44.542115249370696], [57.60930177134336, 46.538842908320866]], [[34.43094744453508, 31.821910082445086], [35.00183992612661, 29.77295650208699], [39.72396989834823, 31.088666396192146], [39.1530774167567, 33.13761997655024]], [[27.010032573910255, 3.4145562228055697], [26.094177007864264, 5.896999491471053], [8.317406390073788, -0.661440140214304], [9.23326195611978, -3.1438834088797876]], [[32.60628404811613, 15.674625123772472], [31.53905147637145, 18.038911620330627], [23.844638753185663, 14.56567439185391], [24.911871324930342, 12.201387895295756]]], "image_objects_bbox": [[[642.2455132470515, 562.2789537514641], [687.7562226729723, 560.5884162710267], [689.1205036086169, 599.6840918609562], [643.6113614996984, 601.929075812296], [652.9498192751009, 561.73362818377], [703.0326071780418, 559.8755334614591], [704.5454420745723, 603.0419962885885], [654.4647414240757, 605.577010269976]], [[158.40647496184027, 579.3242587801053], [101.26840351129893, 581.4370468555077], [102.40743863301977, 620.5543717050473], [159.5520829837407, 617.9213241451293], [204.69136005576672, 577.844878043335], [154.14421257317798, 579.7167468435274], [155.18112008423415, 614.701111080014], [205.73312730469976, 612.4125260248529]], [[67.63367506353657, 567.7273425022513], [-8.863278274787797, 570.2922715147289], [-6.905575770791301, 640.1156169662719], [69.60907691100347, 636.3382022481997], [139.8434706256513, 567.3786279821225], [74.94025330265102, 569.5863532690755], [76.6788812282339, 629.8241155453943], [141.59392073282365, 626.7118047825668]], [[653.2615446546708, 561.3414345080987], [697.0213830446609, 559.7242669875038], [698.5133276199426, 602.3665698334667], [654.7562354661309, 604.5952941612697], [665.5961030797646, 560.7058352471846], [713.1172360442803, 558.9524341125656], [714.7513169537217, 605.446387379657], [667.2336572616049, 607.9277550086657]], [[222.89880350776778, 571.8075832464253], [171.6521751096354, 573.6479742728624], [172.84268654840616, 613.5803195461651], [224.09609193663584, 611.298584159466], [262.0719938040234, 571.047839290189], [216.0822130510947, 572.705976285427], [217.175550023212, 608.8485521521874], [263.1705917969167, 606.8284873384393]], [[527.7894581904976, 564.8197396593166], [554.6551867262583, 563.8240815173943], [555.2794289115308, 582.4109848927692], [528.4114765858299, 583.4875595331192], [515.2658610919485, 565.1113546323977], [543.7245679516908, 564.0574484703958], [544.3823871363882, 583.7070891489772], [515.9211735424988, 584.8514519243975]], [[639.1378578861638, 561.6817105904603], [677.3233957263885, 560.2693071927703], [678.5468834526746, 595.433673454609], [640.3610880299904, 597.2230200794772], [644.4027818900112, 561.2841805762756], [686.1713830875506, 559.7415992826493], [687.5150293615419, 598.2628508822224], [645.7461820626972, 600.2582419214256]], [[-43.852885631036884, 581.0070976444271], [-148.91407643365497, 584.7400303152801], [-146.9677727927625, 657.7554679034542], [-41.88123286832263, 652.209748324523], [51.54349965571992, 578.73689419327], [-34.70395237735917, 581.8252494845794], [-32.9997085741559, 643.171985401742], [53.26307093982022, 638.7988553945569]], [[657.9186042801117, 557.7274791081007], [708.6670744615353, 555.9087432379641], [710.3939045791972, 605.1014839138429], [659.6493442686599, 607.7440940758557], [675.3119553971662, 556.416528398942], [731.8996813649293, 554.4012051965966], [733.8488477260887, 609.5675665363893], [677.2664654259328, 612.6211153174083]], [[15.409183536321253, 578.755147172538], [-38.62479644831914, 580.6908574152706], [-37.45117152780766, 622.9954677529402], [16.592108493318726, 620.5924303564987], [73.42701110901251, 577.3537618925283], [25.019305051682124, 579.0947593921887], [26.107440018155486, 617.4513994736571], [74.52234064410517, 615.3258325666299]], [[-40.64024420912278, 571.5672930188115], [-127.35595393433601, 574.5082297576762], [-125.55791919347274, 641.4221511885085], [-38.817669914020826, 637.3050937154816], [43.32555286186404, 570.5990627522613], [-31.21445246354004, 573.1564088073732], [-29.586461041679637, 631.6810034655236], [44.9707667598846, 628.2219742831586]], [[677.9941032577367, 496.1383173373038], [794.9011021268058, 494.1544266341895], [800.3470327333501, 645.5401479526719], [683.4651455675908, 653.2529737589842], [1026.5591533365373, 316.69970767246224], [1362.1480226881404, 331.33728875556403], [1382.473598012589, 819.6221898571205], [1047.7653073688218, 870.066663916806]], [[279.1304450964398, 513.6446826519361], [386.4210120386424, 511.8286762661716], [390.1928720164247, 629.8989741448139], [282.9092209571552, 635.9787450323473], [221.69432739748, 494.0801027200259], [366.57235379139263, 492.5751799927858], [371.54377783988207, 649.1235070349938], [226.67238191199723, 658.2133360774966]]],