{"scene_token": "da4ed9e02f64c544f4f1f10c6738216dcb0e6b0d50952e158e5589854af9f100", "sample_token": "160fcbb96daee6dacdf028472aeb8f34d480f45ba4ab8f7c9c0867e634553ef9", "map_patch": [-10, -40, 70, 40], "egobbox": [[2.044850948647959, -0.8245095062847249], [2.045583767406352, 0.9031483078773676], [-2.038380829741872, 0.9057558621205176], [-2.039113648500265, -0.8219019520415748]], "map_objects_center": [[29.313678286929644, 17.501225697573354], [28.613519650271208, 21.344806908866847], [77.50798418200134, 35.37646562459786], [37.146322193738754, 21.217788326521614], [49.29545044730692, -0.5964350718026736], [37.468930980981746, -1.1260534149789372], [94.93292816875038, 15.225962240745165], [22.276996924918556, 20.81054939476204], [33.55347940610887, 8.960679739859616], [32.94851225506234, -1.332490552540797], [50.89134327400489, 18.459746786762427], [43.62587848827284, 18.27170337199316], [42.73159447541532, -0.869696524710756], [36.45298657111947, 18.021348849660413], [98.01521963700478, 11.53574790166434], [19.357658693212095, 17.10394138669134]], "map_objects_elevation": [0.21789689008830937, 0.0917829544457811, -0.1458108618721643, 0.29983400658043036, 0.042746940499159836, 0.08452157144499872, 0.10954489657956523, 0.1530165030815015, 0.15281369790359833, 0.11127291016347673, 0.3879469721240849, 0.42823759975480447, 0.019218971408666907, 0.20218883455623038, 0.006403665969626604, 0.3625950579074593], "map_objects_bbox": [[[26.616410286625136, 18.339027335512387], [26.736510715925533, 16.345642052411836], [32.01094628723415, 16.66342405963432], [31.890845857933755, 18.65680934273487]], [[26.14214508400515, 22.30285714409111], [26.26331116798788, 20.119216198309893], [31.084894216537265, 20.386756673642584], [30.963728132554536, 22.5703976194238]], [[76.5657157333302, 32.80989472734237], [78.7303386400121, 32.930856175200596], [78.45025263067248, 37.94303652185336], [76.28562972399057, 37.82207507399513]], [[34.69545078584314, 22.281584637833035], [34.695193637458516, 20.1545846533773], [39.597193601634366, 20.153992015210193], [39.59745075001899, 22.28099199966593]], [[51.90789600834754, -1.4061964197312733], [51.823701638743735, 0.44689189660095696], [46.683004886266296, 0.21332627612592603], [46.7671992558701, -1.6397620402063042]], [[39.5090657504775, -1.775521945621126], [39.344011266803854, -0.0925965113195264], [35.428796211485995, -0.4765848843367484], [35.59385069515964, -2.1595103186383477]], [[92.82864001822398, 16.47885594316138], [92.52585698145178, 14.77454275813845], [97.03721631927678, 13.97306853832895], [97.33999935604898, 15.67738172335188]], [[19.6970611359947, 21.65949790617475], [19.87440912289988, 19.54391838946055], [24.85693271384241, 19.961600883349334], [24.679584726937232, 22.077180400063533]], [[37.870133143449685, 8.030330068014889], [37.64774415214812, 10.614779552247048], [29.236825668768056, 9.891029411704343], [29.45921466006962, 7.3065799274721845]], [[35.3694439067757, -1.9916194759938837], [35.192661863496554, -0.2103704453488], [30.52758060334898, -0.6733616290877105], [30.70436264662813, -2.4546106597327944]], [[48.339977410497596, 19.405608684995826], [48.339709188845596, 17.514608704018265], [53.44270913751218, 17.513884888529027], [53.44297735916418, 19.40488486950659]], [[41.12213580067745, 19.07180511821836], [41.17704414287225, 17.31666379229688], [46.12962117586823, 17.471601625767956], [46.07471283367343, 19.226742951689438]], [[45.305507236543356, -1.650223492920231], [45.147546806532524, 0.3124301959792646], [40.157681714287286, -0.08916955650128089], [40.31564214429812, -2.0518232454007768]], [[33.680732274868944, 18.881583914581917], [33.73992446836253, 16.989509580886377], [39.22524086736999, 17.16111378473891], [39.1660486738764, 19.05318811843445]], [[95.91432442694278, 12.867768008997025], [95.58407926609591, 11.008875291883626], [100.11611484706677, 10.203727794331655], [100.44636000791364, 12.062620511445054]], [[13.371219543695808, 18.164912903339523], [13.65483916816564, 14.996581969138427], [25.34409784272838, 16.042969870043155], [25.06047821825855, 19.21130080424425]]],