{"scene_token": "da4ed9e02f64c544f4f1f10c6738216dcb0e6b0d50952e158e5589854af9f100", "sample_token": "40d85ff59da4b88706720a9e1085ce7f4bcf58c4dbe9ec2cca4c5d8b0b3b62aa", "map_patch": [-10, -40, 70, 40], "egobbox": [[2.04266838609173, -0.8618451982938351], [2.042659332555771, 0.8681407829658079], [-2.0413391887133763, 0.8681334012197508], [-2.041330135177417, -0.8618525800398922]], "map_objects_center": [[57.68291109211377, 3.847627994544343], [38.62194124446389, -24.32020113310587], [23.839595992040117, 15.826827058996692], [19.87105119380808, 14.249354436792702], [47.922299389638766, 4.033132673466589], [38.401777398598874, -29.420146872244946], [14.04932773514923, -13.381588107897269], [39.18949289183141, 28.067807974087223], [72.01842277478924, -11.090670510451897], [16.77212189100189, -0.7363027836229437], [46.5382959463655, 7.3323613015962605], [35.38357602014111, -0.3627583852713627], [23.72611084585075, 22.475073292737726], [15.481512984746972, 9.65190024526797], [34.881742732130824, 20.740606805065575]], "map_objects_elevation": [0.1146921461755418, -0.06811451659245593, 0.39151102506276214, 0.22954700852235332, 0.1859585723741779, -0.20272617352747324, 0.07621068828442701, -0.1641898913368416, 0.06237552014012815, 0.16270455106889847, -0.09644772043719607, 0.10255596643830178, 0.32550241093627375, 0.17394919790028462, 0.14307749552806048], "map_objects_bbox": [[[55.35882452720401, 4.813666756088596], [55.36804935387666, 2.8596885313959923], [60.00699765702353, 2.88158923300009], [59.99777283035088, 4.835567457692694]], [[39.71448066719989, -21.726037325678185], [37.74411621723194, -21.645738295157802], [37.529401821727895, -26.914364940533552], [39.49976627169584, -26.994663971053935]], [[22.837913041781615, 13.60990210150232], [24.763622109367763, 13.57642693135352], [24.84127894229862, 18.043752016491066], [22.91556987471247, 18.077227186639863]], [[18.829390858065736, 11.590165040577917], [20.926383914571463, 11.595561425179673], [20.91271152955042, 16.908543833007485], [18.815718473044694, 16.903147448405733]], [[45.69652721525196, 5.068280236727707], [45.638127004561326, 3.1341617255212997], [50.14807156402557, 2.9979851102054713], [50.206471774716206, 4.932103621411879]], [[39.339154600398686, -27.073328977403943], [37.574632756767336, -27.032247797432657], [37.46440019679906, -31.76696476708595], [39.22892204043041, -31.808045947057234]], [[12.299795721452963, -15.242454568192548], [13.91466592795691, -15.932186556827185], [15.798859748845498, -11.52072164760199], [14.18398954234155, -10.830989658967352]], [[40.55980103999616, 37.53508110731166], [37.91383405190899, 37.54829844262986], [37.81918474366665, 18.600534840862785], [40.46515173175382, 18.587317505544586]], [[72.79493363610231, -8.402177274034361], [70.86589665107037, -8.54064138627595], [71.24191191347617, -13.779163746869433], [73.17094889850812, -13.640699634627843]], [[15.44863648245065, 1.4013798105317532], [14.355522181014948, -0.04251150255131031], [18.09560729955313, -2.8739853777776405], [19.188721600988835, -1.430094064694577]], [[42.4082252194259, 8.894912353714753], [42.24342153341838, 6.306152854441341], [50.6683666733051, 5.769810249477767], [50.833170359312625, 8.35856974875118]], [[36.287823552915555, 2.0221627139416363], [34.51988706576981, 2.0371486212805596], [34.47932848736667, -2.7476794844843617], [36.24726497451242, -2.762665391823285]], [[22.644638965757103, 19.839471877013658], [24.715326130331825, 19.803476509735276], [24.8075827259444, 25.110674708461794], [22.73689556136968, 25.146670075740175]], [[14.706314437888672, 7.209750277934109], [16.672663624888692, 7.383378831992361], [16.256711531605273, 12.094050212601832], [14.290362344605253, 11.920421658543582]], [[35.864126949864385, 23.230473819335216], [34.02974379039744, 23.278049277967213], [33.899358514397264, 18.250739790795933], [35.73374167386421, 18.203164332163936]]], "image_objects_bbox": [[[905.749251681296, 563.2835279096903], [865.5304502500585, 563.6146201996136], [865.758370864382, 601.3883329579403], [906.0131298749681, 601.0594557803038], [910.0586415434863, 563.7182645426612], [873.0270649885432, 564.0230899640117], [873.2430749004806, 598.8009696762881], [910.3051336218668, 598.4980219178392]], [[1629.5068768204535, 561.0745107426105], [1597.483638727159, 561.4511347475591], [1598.7095007807918, 613.9486537569561], [1630.8416594316423, 616.4397306321403], [1797.1594742778593, 559.6807657555457], [1756.1936619049256, 560.132459531082], [1757.6260301701948, 612.9747057836425], [1798.7246772651688, 615.4295409749471]], [[318.83493549708425, 556.0887021517545], [259.0248030261245, 554.9677787272309], [258.314889788694, 640.3352815462483], [318.29448305462864, 634.4087326683181], [110.58120365509845, 557.8828684955771], [32.45329432908856, 556.9278799885799], [31.291524767690728, 641.8747152334345], [109.65905530810693, 635.848676797315]], [[303.77304285298953, 568.6509425239741], [224.40905249832204, 568.6391306918257], [223.51787062023757, 666.2271354445244], [303.1413449017111, 655.7241532045467], [2.5771352643898306, 571.1334918675117], [-112.93471049106495, 571.4204297404937], [-114.60257441800691, 668.8961768183283], [1.326439055849238, 658.1173226597921]], [[885.7491127365248, 566.0044450568989], [837.3635605223714, 566.4077186249428], [837.5803005034077, 606.7904653075223], [886.0124977002283, 606.4518630374804], [896.2289325332009, 566.2310198728696], [852.3043590882517, 566.5966552602994], [852.513981558248, 603.2404248812156], [896.4769917723302, 602.9280316407157]], [[1800.131578986564, 572.4195194475194], [1762.2257115801667, 572.2364691822972], [1763.4484412684362, 617.1214335732776], [1801.4567104445825, 619.5137979494102], [1950.3856027273957, 571.2257817962623], [1905.2697588332755, 571.0981898300937], [1906.6495301512607, 616.1511565260067], [1951.8840034672864, 618.5050425112702]], [[2398.739692883499, 563.1118546665808], [2543.004368398232, 562.8549366653286], [2550.2170283272194, 720.6167373546859], [2404.537719330142, 700.1632732899586], [1861.6878268880898, 566.6973138620173], [1915.4740441490806, 566.9372949928139], [1919.6032804164927, 700.6996816267904], [1865.197249388649, 685.2677659861537]], [[-171.11364838354177, 527.1403322138032], [-94.3204671983326, 529.933606656536], [-95.97385228676184, 629.0179032040229], [-173.0796975747351, 633.3786892550879], [398.2703667457647, 522.1531256660012], [436.9914172081299, 525.2992535528025], [436.58215909304386, 624.9280096594237], [397.733366018585, 629.0176513710387]], [[1101.4533890974012, 560.3578274203222], [1095.6108945992712, 560.6022121660388], [1095.9775990542346, 592.5515822529746], [1101.8348502839776, 593.1972103372846], [1184.2160839895348, 559.7128672992467], [1176.170368748195, 559.9734724010136], [1176.5959241575297, 591.7697677697851], [1184.6596587733052, 592.3905498983833]], [[965.8758415499766, 537.1351277519036], [851.1265014027355, 540.5724435935098], [851.9722327435119, 689.0455337011039], [967.2323143614643, 698.3707723866179], [1155.1801497654405, 542.6666256986655], [1052.7746313072028, 545.03584932027], [1054.0010497283117, 662.1937714899356], [1156.7912332109495, 667.6297077026317]], [[792.7124031761391, 527.5725290343186], [723.4359144746862, 528.3308682872183], [723.67666314249, 618.3457348617346], [793.1025311634806, 617.9874226346642], [834.3200299685896, 534.5107849225385], [776.6940006945226, 535.1144012454714], [776.9877907680193, 609.7772299784425], [834.7171364495067, 609.4486185878912]], [[895.8012820815761, 567.8221363422865], [899.8125358981973, 567.8640992570756], [900.1623963514663, 618.9821586280749], [896.1647802751527, 621.679406392789], [1056.7076194671374, 566.4958682116184], [1052.5361997694777, 566.6054320518032], [1053.0718386244102, 617.827946908725], [1057.2773502070456, 620.4691011858321]], [[22.748113350590017, 561.653586036897], [-70.83808421310059, 560.9809660158069], [-72.22429637830493, 646.9804822734785], [21.658537405009838, 640.0149281385956], 