{"scene_token": "da4ed9e02f64c544f4f1f10c6738216dcb0e6b0d50952e158e5589854af9f100", "sample_token": "d9a586e25480451fef4f21138d3fff4d297763c7d4ea4cc5892aa71d3805dc8d", "map_patch": [-10, -40, 70, 40], "egobbox": [[2.033145390022937, -0.8373832243393199], [2.033778048747134, 0.8915765395815135], [-2.0499843566038463, 0.891542597016496], [-2.0506170153280436, -0.8374171669043374]], "map_objects_center": [[37.67756410023088, 29.508889654712686], [21.213006076645918, 21.61919254818909], [51.6932747091231, 29.812487997977367], [47.9421304932691, 9.168793046376045], [38.49505005986931, 6.585294782390548], [29.463281675982426, 14.218600962750218], [16.722006100907834, 0.4832498555829625], [30.84313586777213, 24.174298201034716], [44.64342078338151, 28.0454167566442], [42.86182752249886, 7.771775366985771], [56.54109959028338, 41.907537088344284], [54.288667250863696, 10.86601510839154], [87.28078477494802, 26.518525785437003], [37.69749555891638, 26.23808180645978]], "map_objects_elevation": [0.1826184739703267, 0.2602085432437533, 0.2700687055555745, -0.060134541982316825, 0.03680268675688436, 0.04237737094695282, -0.399070161465398, 0.1106767758992191, 0.3137031728499653, 0.007808450782196497, 0.08626884826374326, -0.03981541716065051, 0.4616656690075762, 0.09107297203374909], "map_objects_bbox": [[[35.053767020789415, 30.012994937282134], [35.51705604200572, 27.937063271060808], [40.30136117967235, 29.004784372143238], [39.83807215845604, 31.080716038364564]], [[15.13923741959986, 21.35002986376773], [16.106518644881064, 18.31966222415393], [27.286774733691978, 21.88835523261045], [26.319493508410773, 24.91872287222425]], [[48.99710025520513, 30.17959263434164], [49.40894666875974, 28.33398608590229], [54.38944916304107, 29.445383361613096], [53.977602749486465, 31.290989910052446]], [[50.624278244493695, 8.967963042141534], [50.042390757663135, 10.849018052679508], [45.2599827420445, 9.369623050610556], [45.84187022887506, 7.4885680400725825]], [[41.00143729993287, 6.469605531176141], [40.44071435723451, 8.169514288001546], [35.98866281980575, 6.700984033604955], [36.5493857625041, 5.0010752767795505]], [[33.87070068460682, 14.49009255086378], [32.95778258689905, 16.91814043895776], [25.05586266735804, 13.947109374636655], [25.9687807650658, 11.519061486542675]], [[26.161863310920246, 2.03118423874548], [25.376681383516768, 4.558001474098872], [7.282148890895423, -1.0646845275795551], [8.0673308182989, -3.591501762932947]], [[28.028115885180288, 24.40414325233803], [28.579750748458707, 22.48484442786702], [33.65815585036397, 23.9444531497314], [33.10652098708555, 25.863751974202412]], [[42.02549054692119, 28.280643300696564], [42.4615794451596, 26.579654625592227], [47.261351019841825, 27.810190212591838], [46.825262121603416, 29.511178887696175]], [[44.9944653736312, 7.582526731805407], [44.46661590267313, 9.189030991373144], [40.72918967136651, 7.961024002166136], [41.25703914232459, 6.354519742598399]], [[53.669499454923596, 42.33629012052207], [54.11430192526038, 40.31362065608101], [59.412699725643165, 41.478784056166496], [58.96789725530638, 43.50145352060756]], [[57.01479271946169, 10.64505090436435], [56.52877598949704, 12.435249982175103], [51.562541782265704, 11.08697931241873], [52.04855851223035, 9.296780234607978]], [[89.71100696006935, 25.840481073825686], [89.47227751765774, 27.768759387069355], [84.85056258982668, 27.19657049704832], [85.08929203223829, 25.26829218380465]], [[34.80440269634864, 26.473479212052066], [35.27451447559995, 24.63978242277387], [40.59058842148412, 26.00268440086749], [40.12047664223281, 27.836381190145687]]], "image_objects_bbox": [[[36.67803968420025, 573.620577913833], [-44.90728799715127, 576.5028878199324], [-43.23790483645433, 642.0881956942494], [38.39153698189778, 638.2791841568793], [118.52207801768876, 572.5917784464508], [48.12153519787329, 575.1022338160533], [49.6513247865113, 632.5118721029475], [120.08414479121541, 629.2901013403522]], [[-441.92341543129936, 415.34202853182103], [-786.4508119374029, 414.5860843628048], [-781.3465222343469, 734.0296288729577], [-435.8448222138103, 713.2359768838022], [4.7045624448321215, 481.6705298138662], [-167.77074616280834, 483.8921819863408], [-163.55773134849645, 660.119967686529], [9.131238487027193, 651.1353658640683]], [[292.20176215703356, 573.6904128556833], [243.24269282250725, 575.5017056929082], [244.3895441100769, 614.8466142100378], [293.36289025828086, 612.6843916993957], [330.71536383709633, 572.8978250836919], [286.7072840720574, 574.5310858470593], [287.7652865719433, 610.1464634825534], [331.78477426105593, 608.2254061996643]], [[700.7234335544377, 564.1461682622602], [746.0314910233445, 562.4235941270073], [747.4348441263982, 601.8419791146521], [702.120800769723, 604.048524664745], [710.9990627579928, 563.6262866893899], [761.0240177516137, 561.7261111924581], [762.5862097810783, 605.3699818576317], [712.5541006652958, 607.8642313098181]], [[715.5101482362286, 559.6082133200975], [766.3635436620676, 557.7332479587594], [768.1524026356471, 607.6116653618122], [717.2922607321356, 610.2201020149372], [732.4441032736829, 558.3021012376103], [789.4270029136932, 556.2122401919268], [791.4579515709371, 612.3764791776877], [734.4669620946663, 615.3980552421041]], [[350.66538046614716, 518.1662149406807], [450.5763615617433, 516.0717069486473], [454.183675385267, 629.3973907505427], [354.22967033847715, 634.8425992022137], [290.4742750466009, 500.35384257318594], [424.5999405640086, 498.26324003823174], [429.31275885579885, 647.8515461707169], [295.1049967258876, 655.8360491584458]], [[733.343750347447, 496.45004793242833], [852.7754012621514, 494.05683088719456], [858.5588877139979, 650.3552344715395], [739.0731337870205, 657.9831728668383], [1117.3602963167873, 280.15759967003555], [1506.0368349592836, 296.84747972402755], [1531.9370325684747, 866.0445946279827], [1143.5039816825124, 925.5184924884005]], [[27.734222646281786, 583.1398416680881], [-71.94571877318008, 586.7907852322865], [-70.13760990847636, 658.8166198469962], [29.594685203792686, 653.6579009471262], [122.53942164758992, 580.7582669818757], [40.51476249392497, 583.7820840741578], [42.12038813062904, 644.2657778964885], [124.17927452564156, 640.1751283629635]], [[228.60231390668304, 581.1891064262921], [174.11307493847468, 583.2531004266048], [175.20250402957114, 621.8040585317096], [229.70643329657966, 619.3163236391146], [274.2640307864284, 579.6704992374098], [225.98424594135727, 581.5013770502877], [226.9814514732852, 615.9767667442366], [275.27257681907395, 613.8066126882688]], [[711.2424008724741, 563.2345407142162], [754.9612066408755, 561.5794852458886], [756.5012779322684, 604.6989396132391], [712.7772956867351, 606.8953563214874], [723.2134526527933, 562.6178407261629], [770.8497514681941, 560.8166930437094], [772.543220494976, 607.9616046745074], [724.9009587576643, 610.4106696897232]], [[97.18569102139898, 580.4052535231942], [46.60444335688409, 582.2729447884335], [47.701803813130205, 623.4883430648393], [98.29992245800338, 621.2582432244574], [152.829954557168, 579.0072174963319], [107.3582189207918, 580.6915128082792], [108.38351323928272, 618.1048735426001], [153.86871894372902, 616.1217060945869]], [[698.0541714035153, 563.5130833203375], [735.9549676049072, 562.0774049963194], [737.2092347400409, 597.4363448267651], [699.3024669695446, 599.1932286441802], [702.9685325196958, 563.1376382472118], [744.5240640695806, 561.5653848316456], [745.9052086370016, 600.3806104713583], [704.3425423276848, 602.340277167128]], [[598.7630079506258, 566.203406607337], [623.9899406854736, 565.2451394398993], [624.5963267190299, 583.061602956851], [599.3653625694311, 584.0714767350601], [586.9303505917993, 566.4901990807462], [613.5858345894488, 565.4781607196444], [614.2231958334153, 584.2784739202724], [587.5632059629477, 585.3479850259346]], [[138.85725738999554, 569.8418302861942], [66.12956407216136, 572.3824705821871], [67.97925676166898, 641.1986345130864], 