{"scene_token": "da4ed9e02f64c544f4f1f10c6738216dcb0e6b0d50952e158e5589854af9f100", "sample_token": "0d32bd36a45bf7ccce1c28f9ecd5e9c6364ccd7ffcd2323ef69c4c4dec6b799d", "map_patch": [-10, -40, 70, 40], "egobbox": [[2.0426683860917296, -0.861845198293835], [2.0426593325557705, 0.8681407829658078], [-2.041339188713376, 0.8681334012197507], [-2.0413301351774167, -0.8618525800398921]], "map_objects_center": [[75.12044016249473, -3.4493027213503105], [57.68291109211376, 3.8476279945443252], [39.189492891831414, 28.06780797408721], [28.8516083480632, 17.38259358937919], [23.83959599204012, 15.826827058996683], [47.922299389638766, 4.033132673466573], [91.05498320789559, -7.246360412038257], [19.871051193808082, 14.249354436792693], [94.37140232780021, -13.744487435626525], [45.103814553855024, 7.448206265901024], [31.603766564320395, -21.780354597061], [15.481512984746974, 9.651900245267967], [38.621941244463876, -24.320201133105876], [83.82725012608128, -7.19137554267617], [38.40177739859886, -29.420146872244956], [27.719715420016712, -15.81509311436048], [34.935049294869174, -17.32303675421622], [34.149025946856845, -28.628395394273845], [23.72611084585076, 22.47507329273772]], "map_objects_elevation": [0.0998513531363927, 0.1146921461755418, -0.1641898913368416, 0.3050945987332946, 0.39151102506276214, 0.18595857237417812, -0.06246646969943148, 0.22954700852235332, 0.1474657050877255, -0.098202367578621, 0.06608846034815219, 0.17394919790028462, -0.06811451659245571, -0.28077910396127237, -0.20272617352747302, 0.28197139202329746, 0.02778342533694267, -0.052338004640574476, 0.32550241093627375], "map_objects_bbox": [[[77.6790770270544, -2.316014410585465], [76.33304629069472, -0.9272893633658938], [72.56180329793506, -4.582591032115156], [73.90783403429474, -5.971316079334727]], [[55.358824527204, 4.813666756088578], [55.36804935387665, 2.859688531395974], [60.006997657023526, 2.8815892330000725], [59.997772830350875, 4.835567457692676]], [[40.55980103999617, 37.53508110731165], [37.913834051909, 37.54829844262984], [37.81918474366666, 18.60053484086277], [40.46515173175383, 18.587317505544572]], [[29.87805005131512, 19.64170313294393], [28.024795401318674, 19.72215313149297], [27.825166644811276, 15.12348404581445], [29.678421294807723, 15.043034047265412]], [[22.83791304178162, 13.60990210150231], [24.763622109367766, 13.576426931353511], [24.841278942298622, 18.043752016491055], [22.915569874712475, 18.077227186639853]], [[45.69652721525196, 5.068280236727691], [45.638127004561326, 3.134161725521285], [50.14807156402557, 2.997985110205455], [50.206471774716206, 4.932103621411862]], [[93.22432255801243, -8.162798098973179], [93.27101567788134, -6.4494342285250745], [88.88564385777875, -6.3299227251033345], [88.83895073790984, -8.04328659555144]], [[18.82939085806574, 11.590165040577908], [20.926383914571463, 11.595561425179664], [20.912711529550425, 16.908543833007478], [18.8157184730447, 16.903147448405722]], [[94.82883363778025, -14.227437843691314], [94.81690369511952, -13.250510683423922], [93.91397101782017, -13.261537027561735], [93.9259009604809, -14.238464187829127]], [[40.995963029229976, 9.068269799110656], [40.79503068064149, 6.482063660518699], [49.21166607848007, 5.828142732691393], [49.41259842706856, 8.414348871283348]], [[32.55979128165007, -19.7168839188456], [30.682858710172376, -19.700974106585893], [30.647741846990723, -23.843825275276398], [32.524674418468415, -23.859735087536105]], [[14.706314437888674, 7.209750277934106], [16.672663624888692, 7.383378831992356], [16.256711531605276, 12.094050212601829], [14.290362344605255, 11.920421658543578]], [[39.71448066719987, -21.726037325678192], [37.74411621723193, -21.64573829515781], [37.52940182172788, -26.91436494053356], [39.499766271695826, -26.994663971053942]], [[86.15195449198096, -8.289682699698744], [86.25052951282656, -6.332163104582187], [81.5025457601816, -6.093068385653595], [81.403970739336, -8.050587980770153]], [[39.33915460039867, -27.073328977403953], [37.57463275676733, -27.032247797432667], [37.46440019679905, -31.76696476708596], [39.22892204043039, -31.808045947057245]], [[28.68575440922295, -13.48432217509309], [26.74275974763803, -13.488876848789474], [26.753676430810472, -18.145864053627868], [28.696671092395395, -18.141309379931485]], [[35.98599737682541, -14.584954144243955], [33.96923834071859, -14.553777385568576], [33.88410121291294, -20.06111936418848], [35.90086024901976, -20.09229612286386]], [[35.40534754311631, -26.471533716564288], [33.46456786124817, -26.227996806737828], [32.892704350597384, -30.785257071983402], [34.83348403246552, -31.028793981809862]], [[22.64463896575711, 19.83947187701365], [24.71532613033183, 19.80347650973527], [24.807582725944407, 25.110674708461787], [22.736895561369685, 25.146670075740168]]],