{"scene_token": "da4ed9e02f64c544f4f1f10c6738216dcb0e6b0d50952e158e5589854af9f100", "sample_token": "2441e6dd90522cd4bc5ac7bf8307a7b553d5dee5e91aa08879bed75e26079832", "map_patch": [-10, -40, 70, 40], "egobbox": [[2.04266838609173, -0.8618451982938351], [2.042659332555771, 0.8681407829658079], [-2.0413391887133763, 0.8681334012197508], [-2.041330135177417, -0.8618525800398922]], "map_objects_center": [[23.839595992040117, 15.826827058996692], [27.973353975341666, -21.833990744345318], [19.87105119380808, 14.249354436792702], [91.0549832078956, -7.246360412038229], [24.029125468347164, -10.200530948318455], [47.922299389638766, 4.033132673466589], [34.84632320463623, -3.110244392469234], [15.481512984746972, 9.65190024526797], [17.878951850280924, -9.18932514272953], [72.2652520730452, -15.210285761595852], [23.72611084585075, 22.475073292737726], [87.17386448347517, -12.90805694728681], [50.35360809851256, 7.118281545963437], [32.63786779252373, 20.776143058970376], [38.62194124446389, -24.32020113310587], [57.68291109211377, 3.847627994544343], [35.35351958838074, -24.42324320104766], [39.18949289183141, 28.067807974087223]], "map_objects_elevation": [0.39151102506276214, 0.21604150954714296, 0.22954700852235332, -0.062466469699431704, 0.21070793616885886, 0.1859585723741779, 0.07220711990785778, 0.17394919790028462, 0.12523484240623628, 0.04258966498911443, 0.32550241093627375, -0.05707781652487576, -0.0966474890367115, 0.16726251851825724, -0.06811451659245593, 0.1146921461755418, 0.03267720920398132, -0.1641898913368416], "map_objects_bbox": [[[22.837913041781615, 13.60990210150232], [24.763622109367763, 13.57642693135352], [24.84127894229862, 18.043752016491066], [22.91556987471247, 18.077227186639863]], [[28.841369479514345, -19.59426775153664], [27.143430477719395, -19.579875177633085], [27.105338471168988, -24.073713737153994], [28.803277472963938, -24.08810631105755]], [[18.829390858065736, 11.590165040577917], [20.926383914571463, 11.595561425179673], [20.91271152955042, 16.908543833007485], [18.815718473044694, 16.903147448405733]], [[93.22432255801245, -8.16279809897315], [93.27101567788135, -6.449434228525045], [88.88564385777876, -6.329922725103307], [88.83895073790985, -8.043286595551411]], [[24.2964766008234, -7.700566174173893], [22.54722892894096, -8.169451642506907], [23.76177433587093, -12.700495722463018], [25.51102200775337, -12.231610254130004]], [[45.69652721525196, 5.068280236727707], [45.638127004561326, 3.1341617255212997], [50.14807156402557, 2.9979851102054713], [50.206471774716206, 4.932103621411879]], [[35.78510362938733, -0.603611628360349], [33.95016954912011, -0.5880578161618621], [33.90754277988513, -5.616877156578118], [35.742476860152344, -5.632430968776605]], [[14.706314437888672, 7.209750277934109], [16.672663624888692, 7.383378831992361], [16.256711531605273, 12.094050212601832], [14.290362344605253, 11.920421658543582]], [[15.485516706203544, -8.297610804448881], [15.475465576526815, -10.053582038493513], [20.272386994358303, -10.081039481010178], [20.282438124035032, -8.325068246965547]], [[74.31552817289598, -13.30572993033737], [72.59070645766856, -12.430889344470465], [70.21497597319443, -17.114841592854336], [71.93979768842185, -17.98968217872124]], [[22.644638965757103, 19.839471877013658], [24.715326130331825, 19.803476509735276], [24.8075827259444, 25.110674708461794], [22.73689556136968, 25.146670075740175]], [[87.60014573810228, -13.401722109065044], [87.61744542304324, -12.429876071412503], [86.74758322884806, -12.414391785508574], [86.7302835439071, -13.386237823161116]], [[46.19689612530854, 8.608514941047028], [46.07729762265034, 6.017273501473727], [54.51032007171658, 5.628048150879844], [54.62991857437478, 8.219289590453146]], [[33.93594798100358, 23.725993957622055], [31.479624581398845, 23.783651190943274], [31.33978760404388, 17.826292160318697], [33.79611100364861, 17.76863492699748]], [[39.71448066719989, -21.726037325678185], [37.74411621723194, -21.645738295157802], [37.529401821727895, -26.914364940533552], [39.49976627169584, -26.994663971053935]], [[55.35882452720401, 4.813666756088596], [55.36804935387666, 2.8596885313959923], [60.00699765702353, 2.88158923300009], [59.99777283035088, 4.835567457692694]], [[36.26608654037994, -22.041493044520134], [34.49821313468694, -22.020335978479604], [34.440952636381546, -26.80499335757519], [36.20882604207454, -26.82615042361572]], [[40.55980103999616, 37.53508110731166], [37.91383405190899, 37.54829844262986], [37.81918474366665, 18.600534840862785], [40.46515173175382, 18.587317505544586]]],