{"scene_token": "da4ed9e02f64c544f4f1f10c6738216dcb0e6b0d50952e158e5589854af9f100", "sample_token": "e9aec26e9dc736f1e85dea57fde8bab7e4b170ecc15681670d4a89ec28db5d74", "map_patch": [-10, -40, 70, 40], "egobbox": [[2.042668386091729, -0.8618451982938349], [2.04265933255577, 0.8681407829658079], [-2.0413391887133763, 0.8681334012197508], [-2.041330135177417, -0.861852580039892]], "map_objects_center": [[72.47698823488702, -6.5809025925618805], [47.92229938963876, 4.033132673466595], [15.481512984746969, 9.651900245267974], [23.726110845850744, 22.475073292737726], [45.39106068336615, 7.40610641753459], [4.398832985258222, 2.6956727743969138], [7.795701546948253, -6.568616550914911], [38.62194124446388, -24.320201133105858], [57.682911092113756, 3.8476279945443537], [38.40177739859887, -29.420146872244935], [28.459874557412135, -2.6099387106659053], [39.1894928918314, 28.067807974087223], [34.93371940058106, -21.07036519481654]], "map_objects_elevation": [0.08419398885009466, 0.18595857237417812, 0.17394919790028474, 0.3255024109362741, -0.10634262853203191, 0.07253568640109609, -0.07134326764313148, -0.06811451659245549, 0.1146921461755418, -0.20272617352747302, 0.2587279196880171, -0.16418989133684114, 0.008736387568512027], "map_objects_bbox": [[[73.96446754916536, -4.2105924251799784], [72.07199230363199, -3.811978018712518], [70.98950892060867, -8.951212759943783], [72.88198416614205, -9.349827166411243]], [[45.696527215251955, 5.068280236727713], [45.638127004561326, 3.134161725521305], [50.148071564025564, 2.997985110205477], [50.20647177471619, 4.932103621411884]], [[14.70631443788867, 7.209750277934113], [16.67266362488869, 7.383378831992365], [16.25671153160527, 12.094050212601836], [14.29036234460525, 11.920421658543583]], [[22.644638965757096, 19.839471877013658], [24.715326130331817, 19.803476509735276], [24.807582725944393, 25.110674708461794], [22.73689556136967, 25.146670075740175]], [[41.2395759195835, 8.910840366138308], [41.11093302496207, 6.320032189977166], [49.5425454471488, 5.901372468930873], [49.671188341770225, 8.492180645092015]], [[2.155417738234503, 3.8307448115035916], [1.974670436178207, 2.028787150291939], [6.642248232281942, 1.560600737290236], [6.822995534338237, 3.3625583985018888]], [[9.332517852693575, -8.360966305397918], [10.150656726129391, -6.7374599814887155], [6.258885241202931, -4.776266796431903], [5.440746367767115, -6.399773120341106]], [[39.71448066719988, -21.726037325678174], [37.744116217231934, -21.64573829515779], [37.52940182172789, -26.91436494053354], [39.49976627169583, -26.994663971053924]], [[55.35882452720399, 4.813666756088606], [55.36804935387664, 2.8596885313960025], [60.00699765702352, 2.881589233000101], [59.99777283035087, 4.835567457692704]], [[39.33915460039868, -27.073328977403932], [37.57463275676733, -27.032247797432646], [37.464400196799055, -31.766964767085938], [39.228922040430405, -31.808045947057224]], [[29.390814207914044, -0.3098278726575745], [27.535816280833966, -0.3070546924210906], [27.528934906910226, -4.910049548674236], [29.383932833990304, -4.9128227289107205]], [[40.55980103999615, 37.53508110731166], [37.91383405190898, 37.54829844262986], [37.819184743666646, 18.600534840862785], [40.46515173175382, 18.587317505544586]], [[35.958335759627104, -18.322320514179918], [33.94137037091903, -18.310504391564166], [33.90910304153502, -23.81840987545316], [35.92606843024309, -23.83022599806891]]], "image_objects_bbox": [[[1024.709482237008, 560.7727934880828], [1029.2655654636515, 560.9300563397726], [1029.576884139402, 592.3511438105327], [1025.025668233272, 593.0360125362198], [1107.7719628146567, 559.9698299907639], [1110.1986535388112, 560.1508276124247], [1110.57595314375, 592.0633639404567], [1108.1576566405226, 592.7514113285977]], [[885.7491127365248, 566.0044450568989], [837.3635605223714, 566.4077186249428], [837.5803005034077, 606.7904653075223], [886.0124977002283, 606.4518630374804], [896.2289325332009, 566.2310198728696], [852.3043590882517, 566.5966552602994], [852.513981558248, 603.2404248812156], [896.4769917723302, 602.9280316407157]], [[424.67179413117304, 573.441055456569], [358.9294297243251, 574.0216746531307], [358.18873180885504, 698.5221983260603], [424.19559310181387, 681.8032370769113], [58.31063015789299, 576.4604563742093], [-65.42358757352032, 577.520182237123], [-67.47357776208364, 705.7689429802654], [56.85863696525919, 687.6510924712516]], [[22.748113350590017, 561.653586036897], [-70.83808421310059, 560.9809660158069], [-72.22429637830493, 646.9804822734785], [21.658537405009838, 640.0149281385956], [-222.9413681583467, 563.753964155207], [-339.7343033330891, 563.2884755035725], [-341.6561208989921, 648.7813000619664], [-224.47804774109872, 641.6944030781654]], [[787.3999838937959, 526.6780106534219], [715.8966263426952, 527.424996683776], [716.1279134162487, 620.0847099609919], [787.78957153554, 619.6767825243985], [828.2245008784813, 533.9638680179256], [769.085029066217, 534.5584214957313], [769.372128164436, 611.0200402073508], [828.619843095991, 610.6562155643402]], [[-3681.6369608029395, -14.2921230517812], [-5292.789733439655, 173.46882963188025], [-5746.342304081112, 3391.1913703816444], [-4154.420315702776, 4578.2476336719365], [621.955907892738, 512.1779309779268], [260.63593995133175, 517.285758670092], [257.40840045715385, 906.8391231796753], [622.0658182656855, 916.365868819921]], [[1830.5867248328052, 589.2325374989113], [2154.696923222532, 589.5138201953866], [2162.6524585670386, 807.4182332565726], [1836.263829811833, 786.0351163837885], [2080.671993764798, 609.8772236159289], [2781.165344703619, 614.8363457177992], [2803.612211820922, 1052.4834911632602], [2093.1827299598403, 969.976880116422]], [[1629.5068768204535, 561.0745107426105], [1597.483638727159, 561.4511347475591], [1598.7095007807918, 613.9486537569561], [1630.8416594316423, 616.4397306321403], [1797.1594742778593, 559.6807657555457], [1756.1936619049256, 560.132459531082], [1757.6260301701948, 612.9747057836425], [1798.7246772651688, 615.4295409749471]], [[905.749251681296, 563.2835279096903], [865.5304502500585, 563.6146201996136], [865.758370864382, 601.3883329579403], [906.0131298749681, 601.0594557803038], [910.0586415434863, 563.7182645426612], [873.0270649885432, 564.0230899640117], [873.2430749004806, 598.8009696762881], [910.3051336218668, 598.4980219178392]], [[1800.131578986564, 572.4195194475194], [1762.2257115801667, 572.2364691822972], [1763.4484412684362, 617.1214335732776], [1801.4567104445825, 619.5137979494102], [1950.3856027273957, 571.2257817962623], [1905.2697588332755, 571.0981898300937], [1906.6495301512607, 616.1511565260067], [1951.8840034672864, 618.5050425112702]], [[976.9076003431001, 555.7123932020983], [976.2498584758193, 556.5768584075455], [976.8373683391477, 624.4611897968271], [977.53816669399, 628.4394541435729], [1173.3200188248509, 554.0789921255208], [1159.5826068468562, 555.0533724948438], [1160.4657618377537, 623.0256695903431], [1174.2899590132533, 626.9070265654523]], [[-171.11364838354177, 527.1403322138032], [-94.3204671983326, 529.933606656536], [-95.97385228676184, 629.0179032040229], [-173.0796975747351, 633.3786892550879], [398.2703667457647, 522.1531256660012], [436.9914172081299, 525.2992535528025], [436.58215909304386, 624.9280096594237], [397.733366018585, 629.0176513710387]], [[1592.261893009524, 541.669397589366], [1555.8372506762323, 543.2547556071682], [1557.4937670122763, 617.288310184316], [1594.0897375811726, 620.3263051525145], [1782.9670111137636, 540.0549295106383], [1735.2508964367605, 541.7384248842126], [1737.2257281035586, 615.917192128299], [1785.1545347323652, 618.875773144693]]],