{"scene_token": "da4ed9e02f64c544f4f1f10c6738216dcb0e6b0d50952e158e5589854af9f100", "sample_token": "cb9fe9729501c10721fee939bf2bd42f2c8e8952fec532bb40cb83f09a09c3ed", "map_patch": [-10, -40, 70, 40], "egobbox": [[2.0426683860917305, -0.8618451982938351], [2.0426593325557714, 0.8681407829658083], [-2.0413391887133767, 0.8681334012197508], [-2.0413301351774176, -0.8618525800398926]], "map_objects_center": [[38.401777398598874, -29.420146872244946], [32.20076772524881, -4.717690408713187], [38.62194124446389, -24.32020113310587], [39.18949289183141, 28.067807974087223], [12.373920965180428, 2.2174855209334705], [35.250285077509645, 12.492138956944526], [19.87105119380808, 14.249354436792702], [28.62030064862874, 24.66102567432444], [23.8395959920399, 15.826827058996628], [15.481512984746972, 9.65190024526797], [24.55122537622825, -18.87234367693175], [91.0549832078956, -7.246360412038229], [47.922299389638766, 4.033132673466589], [23.331836925803884, -11.390715977113476], [23.72611084585075, 22.475073292737726], [57.68291109211377, 3.847627994544343], [61.14690317839655, 6.879000812585192]], "map_objects_elevation": [-0.20272617352747324, 0.10439238894358072, -0.06811451659245593, -0.1641898913368416, 0.0994698834585912, 0.22543456380225413, 0.22954700852235332, 0.38059793110234363, 0.3915110250627625, 0.17394919790028462, 0.19905950065741207, -0.062466469699431704, 0.1859585723741779, 0.17982190523886066, 0.3255024109362741, 0.1146921461755418, -0.10144844564351185], "map_objects_bbox": [[[39.339154600398686, -27.073328977403943], [37.574632756767336, -27.032247797432657], [37.46440019679906, -31.76696476708595], [39.22892204043041, -31.808045947057234]], [[33.49884791372866, -1.7678395100615076], [31.042524514123926, -1.7101822767402877], [30.902687536768962, -7.667541307364866], [33.35901093637369, -7.725198540686087]], [[39.71448066719989, -21.726037325678185], [37.74411621723194, -21.645738295157802], [37.529401821727895, -26.914364940533552], [39.49976627169584, -26.994663971053935]], [[40.55980103999616, 37.53508110731166], [37.91383405190899, 37.54829844262986], [37.81918474366665, 18.600534840862785], [40.46515173175382, 18.587317505544586]], [[10.539087731739524, 3.959076246523382], [9.845583157903729, 2.132284685871529], [14.208754198621332, 0.47589479534355883], [14.902258772457127, 2.302686355995412]], [[36.10106049164708, 15.096208501849052], [34.339179631693035, 15.075718618306514], [34.39950966337221, 9.88806941204], [36.161390523326254, 9.908559295582538]], [[18.829390858065736, 11.590165040577919], [20.92638391457146, 11.595561425179673], [20.91271152955042, 16.908543833007485], [18.815718473044697, 16.903147448405733]], [[29.62189262300893, 27.090277568809075], [27.720301638352453, 27.129720275019654], [27.61870867424855, 22.231773779839802], [29.520299658905024, 22.192331073629223]], [[22.8379130417814, 13.609902101502255], [24.763622109367546, 13.576426931353458], [24.841278942298402, 18.043752016491], [22.915569874712254, 18.0772271866398]], [[14.70631443788867, 7.209750277934109], [16.672663624888692, 7.38337883199236], [16.256711531605273, 12.094050212601832], [14.290362344605253, 11.920421658543582]], [[25.53512204283342, -16.558634998328664], [23.72514721398228, -16.497707837511243], [23.567328709623077, -21.186052355534834], [25.37730353847422, -21.246979516352255]], [[93.22432255801245, -8.16279809897315], [93.27101567788135, -6.449434228525045], [88.88564385777876, -6.329922725103307], [88.83895073790985, -8.043286595551411]], [[45.69652721525196, 5.068280236727707], [45.638127004561326, 3.1341617255212997], [50.14807156402557, 2.9979851102054713], [50.206471774716206, 4.932103621411879]], [[22.97785647351434, -8.86121324151565], [21.428438322889395, -9.687554208982458], [23.68581737809343, -13.920218712711304], [25.235235528718373, -13.093877745244495]], [[22.644638965757103, 19.839471877013658], [24.715326130331825, 19.803476509735276], [24.8075827259444, 25.110674708461794], [22.73689556136968, 25.146670075740175]], [[55.35882452720401, 4.813666756088595], [55.36804935387666, 2.859688531395991], [60.00699765702353, 2.881589233000091], [59.99777283035088, 4.835567457692695]], [[56.96978947740058, 8.311052183504472], [56.886382013006504, 5.718393471895219], [65.32401687939252, 5.446949441665911], [65.4074243437866, 8.039608153275164]]],