{"scene_token": "da4ed9e02f64c544f4f1f10c6738216dcb0e6b0d50952e158e5589854af9f100", "sample_token": "1a826714938c8633afa8cca4322cc0563f7a0c69dbf6b2487af2366277955481", "map_patch": [-10, -40, 70, 40], "egobbox": [[2.04266838609173, -0.8618451982938351], [2.042659332555771, 0.8681407829658079], [-2.0413391887133763, 0.8681334012197508], [-2.041330135177417, -0.8618525800398922]], "map_objects_center": [[72.08097602697885, -16.040115892011123], [52.13598877286801, 7.070909549729241], [4.947776114405954, 3.1773235662352066], [86.67142911080765, -12.899531009595872], [15.481512984746972, 9.65190024526797], [38.62194124446389, -24.32020113310587], [34.85373107305722, -8.51954926120101], [23.839595992040117, 15.826827058996692], [35.26985726940822, -29.989012366455725], [57.68291109211377, 3.847627994544343], [83.8272501260813, -7.191375542676141], [39.18949289183141, 28.067807974087223], [19.205355522861492, -9.073779023519425], [38.401777398598874, -29.420146872244946], [47.922299389638766, 4.033132673466589], [32.54023110933329, 15.084026421141052], [24.488369391343046, -12.706889769291852], [19.87105119380808, 14.249354436792702], [91.0549832078956, -7.246360412038229], [35.41983943137577, 31.165800024342445], [23.72611084585075, 22.475073292737726]], "map_objects_elevation": [0.038553144071704626, -0.09648731206830385, 0.04647382596012961, -0.05714621878180459, 0.17394919790028462, -0.06811451659245593, 0.05215816487223823, 0.39151102506276214, 0.01085488622766162, 0.1146921461755418, -0.28077910396127215, -0.1641898913368416, 0.14008043773333878, -0.20272617352747324, 0.1859585723741779, 0.15982884931133912, 0.21873786268992013, 0.22954700852235332, -0.062466469699431704, 0.2454010616759219, 0.32550241093627375], "map_objects_bbox": [[[74.2436983005735, -14.264278802833855], [72.57550146562431, -13.285772124335686], [69.91825375338419, -17.815952981188392], [71.58645058833338, -18.79445965968656]], [[47.96897438856686, 8.532087540607606], [47.867468931424334, 5.940074299482035], [56.30300315716916, 5.609731558850877], [56.40450861431169, 8.201744799976447]], [[2.6918617953392565, 4.322138763125009], [2.549153805289404, 2.3733569822229166], [7.2036904334726515, 2.0325083693454036], [7.346398423522505, 3.9812901502474967]], [[87.09771036543476, -13.393196171374107], [87.11501005037572, -12.421350133721566], [86.24514785618054, -12.405865847817637], [86.22784817123959, -13.377711885470179]], [[14.706314437888672, 7.209750277934109], [16.672663624888692, 7.383378831992361], [16.256711531605273, 12.094050212601832], [14.290362344605253, 11.920421658543582]], [[39.71448066719989, -21.726037325678185], [37.74411621723194, -21.645738295157802], [37.529401821727895, -26.914364940533552], [39.49976627169584, -26.994663971053935]], [[35.79251149780832, -6.012916497092126], [33.9575774175411, -5.997362684893639], [33.91495064830612, -11.026182025309895], [35.749884728573335, -11.041735837508382]], [[22.837913041781615, 13.60990210150232], [24.763622109367763, 13.57642693135352], [24.84127894229862, 18.043752016491066], [22.91556987471247, 18.077227186639863]], [[36.182424221407416, -27.607262209928198], [34.41455081571442, -27.586105143887668], [34.357290317409024, -32.370762522983256], [36.12516372310202, -32.39191958902378]], [[55.35882452720401, 4.813666756088596], [55.36804935387666, 2.8596885313959923], [60.00699765702353, 2.88158923300009], [59.99777283035088, 4.835567457692694]], [[86.15195449198097, -8.289682699698714], [86.25052951282657, -6.332163104582158], [81.50254576018162, -6.093068385653568], [81.40397073933602, -8.050587980770125]], [[40.55980103999616, 37.53508110731166], [37.91383405190899, 37.54829844262986], [37.81918474366665, 18.600534840862785], [40.46515173175382, 18.587317505544586]], [[17.107178769236754, -7.617296768032336], [16.66272749505395, -9.31611961485224], [21.30353227648623, -10.530261279006513], [21.747983550669034, -8.831438432186609]], [[39.339154600398686, -27.073328977403943], [37.574632756767336, -27.032247797432657], [37.46440019679906, -31.76696476708595], [39.22892204043041, -31.808045947057234]], [[45.69652721525196, 5.068280236727707], [45.638127004561326, 3.1341617255212997], [50.14807156402557, 2.9979851102054713], [50.206471774716206, 4.932103621411879]], [[33.83831129781314, 18.033877319792733], [31.381987898208408, 18.091534553113952], [31.242150920853444, 12.134175522489373], [33.698474320458175, 12.076518289168153]], [[25.07263330890583, -10.261498967265682], [23.27784455421074, -10.503272261944941], [23.904105473780263, -15.152280571318022], [25.69889422847535, -14.910507276638763]], [[18.829390858065736, 11.590165040577917], [20.926383914571463, 11.595561425179673], [20.91271152955042, 16.908543833007485], [18.815718473044694, 16.903147448405733]], [[93.22432255801245, -8.16279809897315], [93.27101567788135, -6.449434228525045], [88.88564385777876, -6.329922725103307], [88.83895073790985, -8.043286595551411]], [[36.27061484551321, 33.76986956924697], [34.50873398555916, 33.74937968570443], [34.56906401723833, 28.56173047943792], [36.33094487719238, 28.582220362980458]], [[22.644638965757103, 19.839471877013658], [24.715326130331825, 19.803476509735276], [24.8075827259444, 25.110674708461794], [22.73689556136968, 25.146670075740175]]],