{"scene_token": "da4ed9e02f64c544f4f1f10c6738216dcb0e6b0d50952e158e5589854af9f100", "sample_token": "f70a6ee843f48ed8d4dddaea2bb9fd940b3b62b5bdd40fb14ecb620a02531353", "map_patch": [-10, -40, 70, 40], "egobbox": [[2.029283599075741, -0.8451874813326171], [2.0297896786348226, 0.8842813006957365], [-2.0537107275914948, 0.8838929933537581], [-2.0542168071505764, -0.8455757886745955]], "map_objects_center": [[43.97079503258928, 17.081129470359983], [24.23570268550785, 17.047971910992747], [71.59945057261046, 40.70760916929146], [48.63846776975921, 19.52530463588988], [47.91938742167983, 40.494712264018894], [39.9556489899519, 14.994236809602487], [54.47971748348233, 22.531775897869363], [19.97540132889742, 4.406924318012739]], "map_objects_elevation": [-0.014227288543632977, -0.0005665661989966431, 0.3972521523677731, -0.08187183167063472, 0.24848533662634598, 0.014510366261246799, -0.06117970805199202, -0.422641182172351], "map_objects_bbox": [[[46.09496983725285, 17.34916053056102], [45.23795025191195, 18.806897965884026], [41.84662022792571, 16.813098410158947], [42.70363981326661, 15.355360974835937]], [[28.421136389461527, 18.455521096566244], [26.908591409438937, 20.562899487697855], [20.050268981554172, 15.640422725419251], [21.56281396157676, 13.533044334287638]], [[74.12105748909431, 40.622620589230024], [73.43373034441932, 42.43998967562743], [69.07784365612662, 40.79259774935289], [69.76517080080161, 38.97522866295549]], [[51.30207461557957, 19.898731765192146], [50.333936725067645, 21.61327835976318], [45.97486092393885, 19.151877506587617], [46.942998814450775, 17.437330912016584]], [[45.20675799522226, 40.28078682206195], [46.00120541150418, 38.564764006723244], [50.6320168481374, 40.70863770597584], [49.83756943185548, 42.42466052131454]], [[42.42942202120922, 15.413531443271863], [41.5204403540911, 16.955560084005608], [37.48187595869457, 14.574942175933112], [38.39085762581269, 13.032913535199368]], [[57.190575050597744, 22.894868862291837], [56.33541787071959, 24.540994980699182], [51.76885991636692, 22.16868293344689], [52.624017096245076, 20.522556815039543]], [[28.871103970471953, 7.924520018584917], [27.56715331413351, 10.22691631067595], [11.079698687322885, 0.8893286174405608], [12.383649343661329, -1.4130676746504731]]], "image_objects_bbox": [[[469.8859854652647, 563.115428480735], [515.4005666657804, 561.8663091585785], [516.4140996084714, 604.0472969145527], [470.9018811674641, 606.1354892537732], [484.6628886227019, 562.5821973687287], [533.5852602649679, 561.2422447627308], [534.6891867203684, 606.8712523623267], [485.7698793422393, 609.194661273788]], [[47.03461449918873, 502.56869802741903], [184.75106773746649, 502.89505357361776], [187.62435520725967, 639.4854496944488], [49.899720709642715, 647.3869888303367], [10.419264085199218, 476.60998505906247], [197.43070938138914, 479.01722228021083], [201.2971628843027, 661.7796034890213], [14.267633535866498, 674.4092098628578]], [[291.2222478115001, 566.6490960011637], [325.40479532907466, 565.7183295948741], [325.8887654269215, 587.4195999339614], [291.7041595430117, 588.5633691225033], [276.0157975517669, 566.8889625477738], [312.5333476237426, 565.8964147953486], [313.04546137784234, 588.9807130635509], [276.5255194162756, 590.2144290246753]], [[455.84619125324883, 563.9667664211327], [503.7053825127925, 562.6431994770007], [504.6382032157208, 601.6378120846448], [456.78050373091327, 603.7471822647614], [469.18596217161655, 563.4985931320088], [521.3183532262149, 562.0589944608721], [522.3469512301706, 604.7714713059072], [470.2166195334096, 607.1556729708433]], [[-17.644735180834424, 570.5664295840772], [-79.27636777761964, 572.1532106020387], [-78.47716728560849, 615.0648682958591], [-16.836543002560855, 612.6939655990475], [24.7541024057126, 570.096974906271], [-30.265076458661742, 571.5239696421116], [-29.525131854160055, 610.3262545573634], [25.500879912619727, 608.2570038906036]], [[476.8598296151092, 559.5847131533101], [529.1590982852447, 558.2246072364877], [530.3254148299841, 606.5113359033671], [478.0295395160001, 608.9842193901919], [497.5471814948751, 558.474557943719], [555.0098847306397, 556.9944447954426], [556.315493046287, 610.5269186291491], [498.8575516833972, 613.3781536804134]], [[450.2747588933233, 563.3439494613309], [490.81828674016816, 562.2338084560276], [491.65972908990403, 597.5813924301988], [451.11633095748084, 599.2529137227887], [457.57744114284293, 562.9814943910028], [501.59905764080935, 561.7788816923384], [502.5190574154352, 600.2680261747462], [458.497704789173, 602.1371810599438]], [[510.39097842730513, 501.6771172260237], [624.1829497262913, 501.45484161226716], [627.7222322887017, 642.8557564508985], [513.9557597346106, 650.2356325692758], [833.9710747095809, 389.30978991333313], [1076.9927021018163, 402.1371583973424], [1087.2088175789297, 752.3386473277213], [844.6935196837201, 786.9616608655006]]], "objects_token": ["3244d8ce34d206bbfc0119681e10f388f65ce9f345d1c29e948465e5edce49cb", "3f2d8443cd9a7bdabf1d098f82142368a37551c926016d1e2345afa2d1f8bed5", "612b89143b3072af28b713ca8dd7fa0aa57fa5fc545e751ca84ae037ae7e70f6", "744c0bf7078b18936a427bec88503d8cd29356a014d2034a0e7c8d3c4465c5d5", "4a3447c5eafdacf7e41b1d6b8f7ab0810a39dd4db8edb3541bad762a92b25db2", "6507d91c0edc02ced106fb6cff603398b27b2d4a521f8f02a7017597134fcac2", "2ae9da98a4dc5bc0f0f7898b71199141b7b5fef9517d2c66d8ff846f1c7969ab", "c315be06db6cad3546af0e4ec71a0b592717d8b73fb79e379f600a8090cab3c6"], "objects_type": ["car", "truck", "car", "car", "car", "car", "car", "bus"], "cam_intrinsic": [[1109.05239567, 0.0, 957.849065461], [0.0, 1109.05239567, 539.672710373], [0.0, 0.0, 1.0]], "ego_translation": [0.0, 0.0, 0.0], "ego_rotation": [[1.0, 0.0, 0.0], [0.0, 1.0, 0.0], [0.0, 0.0, 1.0]], "cam_translation": [1.5039405282244198, -0.02676183592864872, 1.6584901808053665], "cam_rotation": [[0.006759426271296165, 0.02533582536529963, 0.9996561439362748], [-0.9999683364602721, 0.004369557390585865, 0.006650792816400852], [-0.004199551566444137, -0.999669446827935, 0.02536455884440647]], "subsequent_egocenters": [[0.9243026784785426, 0.007346353645937387], [1.840724964585077, 0.07956373335035205], [2.764401183619372, 0.20169939556344185], [3.7375466240363178, 0.38302438551653606], [4.771317937421905, 0.6424760242395893], [5.8894813279667915, 0.9756320878842013], [7.063229683510819, 1.3588948797948497], [8.26194727483255, 1.8188222660966655], [9.487662462816953, 2.3600455102513362], [10.760427012345264, 2.9448281745363523], [12.121686511319465, 3.6289953051052413], [13.496077302758245, 4.35476835175479], [14.906592761340944, 5.132798370085696], [16.331660046354884, 5.9482055385830925], [17.850332822800176, 6.8209099445061], [19.416423746172875, 7.71497274938994], [21.024305374454613, 8.626718395319141], [22.711661044775017, 9.566172975596029], [24.43633816580492, 10.51603885071107], [26.202177131892544, 11.503366467673672], [28.033633213430264, 12.53421973338247], [29.899394791128696, 13.5846734240596], [31.730955940815647, 14.6620486847728], [33.5769937845114, 15.685995327770362], [35.410149198471544, 16.71628546615515], [37.25672072723916, 17.719544006986794], [39.1556533860747, 18.729891258772334], [41.028001608061246, 19.73818538943521], [42.863968283288486, 20.694816045828382], [44.627201994699845, 21.604590650861127], [46.38754986744712, 22.49102641626718], [48.092519383598784, 23.34396146430644], [49.74698032506602, 24.150109932913317], [51.361300587101624, 24.927167454137805]]}