{"scene_token": "da4ed9e02f64c544f4f1f10c6738216dcb0e6b0d50952e158e5589854af9f100", "sample_token": "3f6edbb4f5d800dbf02ce40040c0c3f5720de17be796d699a772c8a4c3a20df0", "map_patch": [-10, -40, 70, 40], "egobbox": [[2.04266838609173, -0.8618451982938351], [2.042659332555771, 0.8681407829658079], [-2.0413391887133763, 0.8681334012197508], [-2.041330135177417, -0.8618525800398922]], "map_objects_center": [[39.18949289183141, 28.067807974087223], [57.68291109211377, 3.847627994544343], [91.0549832078956, -7.246360412038229], [19.87105119380808, 14.249354436792702], [38.62194124446389, -24.32020113310587], [15.481512984746972, 9.65190024526797], [83.8272501260813, -7.191375542676141], [23.72611084585075, 22.475073292737726], [45.7113185472221, 7.471505619728681], [38.401777398598874, -29.420146872244946], [28.30538021931099, -20.155246664029903], [72.00624445733186, -9.46882935783631], [11.931394892385997, 1.4327120703681737], [23.839595992040117, 15.826827058996692], [35.42934694563311, 9.796300233795428], [28.084124034210067, 7.768408748607885], [35.22862543678935, 31.57911583792406]], "map_objects_elevation": [-0.1641898913368416, 0.1146921461755418, -0.062466469699431704, 0.22954700852235332, -0.06811451659245593, 0.17394919790028462, -0.28077910396127215, 0.32550241093627375, -0.09595778424735935, -0.20272617352747324, 0.17419791838414167, 0.07018348194595192, 0.12409512169710935, 0.39151102506276214, 0.12549058519429868, 0.28062675291772987, 0.23535064358526325], "map_objects_bbox": [[[40.55980103999616, 37.53508110731166], [37.91383405190899, 37.54829844262986], [37.81918474366665, 18.600534840862785], [40.46515173175382, 18.587317505544586]], [[55.35882452720401, 4.813666756088596], [55.36804935387666, 2.8596885313959923], [60.00699765702353, 2.88158923300009], [59.99777283035088, 4.835567457692694]], [[93.22432255801245, -8.16279809897315], [93.27101567788135, -6.449434228525045], [88.88564385777876, -6.329922725103307], [88.83895073790985, -8.043286595551411]], [[18.829390858065736, 11.590165040577917], [20.926383914571463, 11.595561425179673], [20.91271152955042, 16.908543833007485], [18.815718473044694, 16.903147448405733]], [[39.71448066719989, -21.726037325678185], [37.74411621723194, -21.645738295157802], [37.529401821727895, -26.914364940533552], [39.49976627169584, -26.994663971053935]], [[14.706314437888672, 7.209750277934109], [16.672663624888692, 7.383378831992361], [16.256711531605273, 12.094050212601832], [14.290362344605253, 11.920421658543582]], [[86.15195449198097, -8.289682699698714], [86.25052951282657, -6.332163104582158], [81.50254576018162, -6.093068385653568], [81.40397073933602, -8.050587980770125]], [[22.644638965757103, 19.839471877013658], [24.715326130331825, 19.803476509735276], [24.8075827259444, 25.110674708461794], [22.73689556136968, 25.146670075740175]], [[41.5812478202825, 9.034056671847175], [41.416444134274975, 6.445297172573762], [49.8413892741617, 5.908954567610188], [50.00619296016922, 8.497714066883601]], [[39.339154600398686, -27.073328977403943], [37.574632756767336, -27.032247797432657], [37.46440019679906, -31.76696476708595], [39.22892204043041, -31.808045947057234]], [[29.29223869257919, -17.87856731600156], [27.43786225616982, -17.830473323760494], [27.31852174604279, -22.431926012058245], [29.172898182452162, -22.480020004299313]], [[72.80150546671574, -6.785822662549519], [70.8715488369449, -6.910816291201458], [71.21098344794798, -12.1518360531231], [73.14094007771882, -12.02684242447116]], [[10.046538264595252, 3.0966279314240452], [9.417409131612615, 1.3984178342827889], [13.816251520176742, -0.23120379068769803], [14.44538065315938, 1.4670063064535586]], [[22.837913041781615, 13.60990210150232], [24.763622109367763, 13.57642693135352], [24.84127894229862, 18.043752016491066], [22.91556987471247, 18.077227186639863]], [[36.33359447840755, 12.181221333008427], [34.5656579912618, 12.19620724034735], [34.525099412858665, 7.411379134582429], [36.29303590000441, 7.396393227243506]], [[28.952139538382745, 10.00813174141656], [27.254200536587796, 10.02252431532012], [27.21610853003739, 5.528685755799209], [28.914047531832338, 5.514293181895651]], [[36.24351684352694, 34.055910527140384], [34.409913583628075, 34.12749324354773], [34.21373403005176, 29.102321148707738], [36.047337289950626, 29.03073843230039]]],