{"scene_token": "da4ed9e02f64c544f4f1f10c6738216dcb0e6b0d50952e158e5589854af9f100", "sample_token": "c92f301f36511814c7ba5f5530bc70d76192748e5393946c33e609f32a8d2388", "map_patch": [-10, -40, 70, 40], "egobbox": [[2.042668386091729, -0.861845198293835], [2.04265933255577, 0.8681407829658078], [-2.0413391887133763, 0.8681334012197507], [-2.041330135177417, -0.8618525800398921]], "map_objects_center": [[57.68291109211383, 3.8476279945441085], [23.83959599204018, 15.826827058996466], [28.329416603836393, 21.58871043456997], [45.437986274367404, 7.39849141854525], [72.34213817441629, -6.996643297843455], [92.01466610643982, -13.773538357437268], [38.621941244463876, -24.320201133105876], [38.40177739859907, -29.420146872244892], [23.72611084585076, 22.47507329273772], [15.481512984746974, 9.651900245267967], [34.931836774454965, -21.929756026486967], [5.348867960416947, 2.625383147243367], [19.871051193808082, 14.249354436792693], [28.447509445335793, -5.093711035186505], [7.185986313802239, -6.1989826644222426], [47.92229938963898, 4.0331326734666355], [39.189492891831634, 28.06780797408727]], "map_objects_elevation": [0.1146921461755418, 0.39151102506274793, 0.315236928794679, -0.10636907819180252, 0.08216244680746443, 0.14681235240860246, -0.06811451659245571, -0.20272617352747302, 0.32550241093627375, 0.17394919790028462, 0.005597253915518463, 0.08040424980200056, 0.2295470085223391, 0.24676364164070141, -0.07169600790280317, 0.18595857237417768, -0.1641898913368416], "map_objects_bbox": [[[55.358824527204064, 4.813666756088362], [55.368049353876714, 2.8596885313957587], [60.00699765702359, 2.8815892329998545], [59.99777283035094, 4.835567457692458]], [[22.83791304178168, 13.609902101502094], [24.763622109367827, 13.576426931353295], [24.841278942298683, 18.04375201649084], [22.915569874712535, 18.077227186639636]], [[29.158211349066036, 23.843241266091184], [27.460279766555765, 23.827998526370983], [27.50062185860675, 19.334179603048753], [29.19855344111702, 19.349422342768953]], [[41.281274301163386, 8.888724813628844], [41.161675798505186, 6.297483374055542], [49.59469824757142, 5.908258023461657], [49.71429675022962, 8.499499463034958]], [[73.70352650078883, -4.551732905862474], [71.7927829606726, -4.252709288226493], [70.98074984804376, -9.441553689824437], [72.89149338815999, -9.740577307460418]], [[92.47209741641986, -14.256488765502057], [92.46016747375913, -13.279561605234665], [91.55723479645978, -13.290587949372478], [91.56916473912051, -14.26751510963987]], [[39.71448066719987, -21.726037325678192], [37.74411621723193, -21.64573829515781], [37.52940182172788, -26.91436494053356], [39.499766271695826, -26.994663971053942]], [[39.339154600398885, -27.07332897740389], [37.57463275676754, -27.032247797432603], [37.46440019679926, -31.766964767085895], [39.228922040430604, -31.80804594705718]], [[22.64463896575711, 19.83947187701365], [24.71532613033183, 19.80347650973527], [24.807582725944407, 25.110674708461787], [22.736895561369685, 25.146670075740168]], [[14.706314437888674, 7.209750277934106], [16.672663624888692, 7.383378831992356], [16.256711531605276, 12.094050212601829], [14.290362344605255, 11.920421658543578]], [[35.95405462227698, -19.18081824588986], [33.937079690061424, -19.170762261896538], [33.90961892663295, -24.678693807084073], [35.926593858848506, -24.688749791077395]], [[3.1215194729969777, 3.7916675103332516], [2.9156305316336733, 1.992409123156941], [7.5762164478369165, 1.4590987841534826], [7.782105389200221, 3.258357171329793]], [[18.82939085806574, 11.590165040577908], [20.926383914571463, 11.595561425179664], [20.912711529550425, 16.908543833007478], [18.8157184730447, 16.903147448405722]], [[29.38647230938664, -2.796863796049032], [27.531495363794253, -2.787615481568311], [27.508546581284946, -7.390558274323978], [29.363523526877334, -7.399806588804699]], [[8.83231263588269, -7.8912981318292665], [9.546896293600446, -6.219624061885393], [5.539659991721788, -4.506667197015219], [4.825076334004033, -6.178341266959092]], [[45.696527215252175, 5.0682802367277535], [45.63812700456154, 3.134161725521346], [50.148071564025784, 2.9979851102055175], [50.20647177471642, 4.932103621411925]], [[40.55980103999639, 37.53508110731171], [37.91383405190922, 37.54829844262991], [37.81918474366688, 18.60053484086283], [40.46515173175405, 18.587317505544632]]],