{"scene_token": "da4ed9e02f64c544f4f1f10c6738216dcb0e6b0d50952e158e5589854af9f100", "sample_token": "ce8c9d07ccb6bf89da3b9cf53d3fed850bcc56acf6fd5126102b7b1f2d758c12", "map_patch": [-10, -40, 70, 40], "egobbox": [[2.048472781893273, -0.8618960525787438], [2.0484320842634727, 0.8680901683701558], [-2.035425437359172, 0.8681302485978786], [-2.0353847397293716, -0.8618559723510211]], "map_objects_center": [[34.78725221304885, -16.980474077038735], [23.546491052938507, 22.505688926711365], [57.51636524210313, 3.901765756493692], [31.48508175856439, -19.04558963726358], [38.47517986753594, -24.28007055086694], [47.755617949260376, 4.080220559101187], [78.081892755337, -2.243616146340525], [27.78611989080391, -2.640529542507254], [39.00601648777341, 28.111256923729357], [34.457515000301754, -24.45135876414833], [23.664665609128434, 15.857897684430426], [19.697190454560737, 14.276635703300222], [15.310873276692535, 9.675787919646469], [44.59153063883016, 7.543952704564138], [38.25855309915492, -29.38137342996727]], "map_objects_elevation": [0.09434273468968324, 0.21120211651686582, 0.07958061385667647, 0.1542946913523311, 0.029843244309535555, 0.15184171857572648, 0.09531575678355475, 0.3507953862751979, -0.3071251796306975, 0.06719111111183917, 0.3077441970715784, 0.15378355685390266, 0.1201472336212529, -0.12148704137774624, -0.0812842809728449], "map_objects_bbox": [[[35.83626510973469, -14.241649476487106], [33.81948454549301, -14.21189791019168], [33.738239316363014, -19.719298677590363], [35.75501988060469, -19.74905024388579]], [[22.466881945275677, 19.869323924544275], [24.53759402968954, 19.83479186027933], [24.626100160601336, 25.142053928878454], [22.555388076187473, 25.176585993143398]], [[55.19159658617466, 4.86616191285919], [55.202202229777015, 2.9121906949739875], [59.84113389803159, 2.9373696001281937], [59.83052825442924, 4.891340818013396]], [[32.47552696847669, -16.998417737749087], [30.599124006251873, -16.951079345783167], [30.49463654865209, -21.09276153677807], [32.371039510876905, -21.14009992874399]], [[39.56588579782286, -21.685135325541086], [37.595465094863634, -21.60622871396968], [37.38447393724903, -26.875005776192797], [39.35489464020825, -26.953912387764202]], [[45.52911482213869, 5.113794975830505], [45.472081410984806, 3.1796356778376653], [49.982121076382064, 3.0466461423718703], [50.039154487535946, 4.980805440364709]], [[80.87909075008594, -2.3251537338231287], [80.2639488728745, -0.49158986231475277], [75.28469476058805, -2.162078558857921], [75.8998366377995, -3.995642430366297]], [[28.788342135675542, -0.32508680473884555], [26.845512201077646, -0.2993798945719024], [26.783897645932278, -4.955972280275663], [28.726727580530174, -4.981679190442605]], [[40.369634048896444, 37.579496049723], [37.72365838118143, 37.59084355429811], [37.64239892665037, 18.643017797735716], [40.288374594365386, 18.631670293160603]], [[35.64902372884943, -22.25802723430732], [33.70185023916523, -22.07241634812047], [33.26600627175408, -26.644690293989342], [35.213179761438276, -26.830301180176193]], [[22.664549544976605, 13.640265420454845], [24.590281787652174, 13.608151100911492], [24.664781673280263, 18.075529948406007], [22.739049430604695, 18.10764426794936]], [[18.657409550244164, 11.61671086018555], [20.75439826968084, 11.623589127069609], [20.73697135887731, 16.936560546414896], [18.639982639440632, 16.929682279530834]], [[14.537400719313412, 7.233090751968616], [16.50362671711383, 7.408108824103369], [16.084345834071655, 12.118485087324322], [14.118119836271243, 11.943467015189569]], [[40.51138444591652, 9.232578490359296], [40.26717208079789, 6.650099773946871], [48.671676831743795, 5.855326918768979], [48.91588919686242, 8.437805635181405]], [[39.19427163936685, -27.033893704068948], [37.429721205454385, -26.99405947030784], [37.32283455894299, -31.72885315586559], [39.08738499285546, -31.7686873896267]]], "image_objects_bbox": [[[1451.73439897886, 547.8178355997063], [1424.1294247162086, 549.4685645585116], [1425.750413620205, 623.607911320061], [1453.521199899768, 626.5915175080796], [1643.3537251225796, 546.1850119156135], [1604.3578485037071, 547.9376726718227], [1606.3815042111294, 622.3291684152883], [1645.5957557484346, 625.2434116118546]], [[15.848491304363439, 575.0346578323877], [-78.86123515957938, 574.9500937221211], [-80.82013427367622, 661.5124692114032], [14.28549663681092, 653.8656866533571], [-231.24985796507517, 577.0715020611667], [-349.4423794864279, 577.185530655273], [-352.078968348537, 663.2498256304799], [-233.37794257127348, 655.4892381854667]], [[904.3688567797477, 571.6544264828756], [864.0635312105447, 571.9793972579916], [864.2632646998029, 609.8492096221169], [904.6137736831437, 609.5255005779145], [908.7423600456111, 572.0071336667427], [871.6368696112448, 572.3062897322557], [871.8285424284051, 607.1666951576308], [908.9723234368938, 606.8686082344219]], [[1611.105147270358, 567.3899193750564], [1573.638238224012, 567.9014655795434], [1575.1611284130975, 625.8557404874016], [1612.7949933345622, 629.0927787997518], [1772.9722276436335, 566.0699127388701], [1725.4836097297782, 566.6640668604506], [1727.2746215224795, 624.8647854259411], [1774.966770961128, 628.0522047511153]], [[1629.6113485879273, 565.9812403440469], [1597.4771269461303, 566.4846964601959], [1598.8976888058965, 619.1289467007142], [1631.1625480433613, 621.5085949485328], [1797.6124747697672, 564.5951632781516], [1756.5004384006543, 565.1742422245154], [1758.1796850088706, 618.1598370656723], [1799.4523846625912, 620.5024093275034]], [[884.1642487387946, 574.5870544708281], [835.6537080247125, 574.9812778025351], [835.8332684839553, 615.48646779653], [884.4023337772549, 615.1560357072229], [894.752371005615, 574.698233655499], [850.7242142300175, 575.0557475595652], [850.9034966225676, 611.8015562104117], [894.9798566666254, 611.4965341121354]], [[971.6654315388749, 569.3867772408355], [997.2307921583085, 569.2309717848675], [997.4950077558457, 597.8999340136393], [971.9098106873679, 598.2753501684722], [997.1855580518521, 568.7343617019743], [1024.257838873952, 568.5733971473541], [1024.564252682032, 599.1651640818847], [997.4697629961395, 599.5763139767]], [[976.4240219437569, 571.898978146598], [976.6893441146111, 572.1852938546946], [977.1855901378443, 629.8390239971227], [976.9577937830918, 633.968546322456], [1180.5837494136526, 570.2391349706734], [1166.2993454596717, 570.6447194610022], [1167.1219001904456, 628.491559465863], [1181.495879438795, 632.5325851451726]], [[-176.60253712572444, 538.9656055979086], [-99.25051436359543, 541.4641717215584], [-101.56388694785535, 640.9369732821675], [-179.32821791061127, 645.6477604285801], [394.9206981052614, 534.0978264883977], [433.9298578385419, 536.9396728668725], [433.18360771853867, 636.9269598917573], [393.9960099201691, 641.3719674625863]], [[1726.5422988188989, 573.0509730971756], [1689.1069712970113, 573.173490319994], [1690.578151291475, 622.7239332434852], [1728.160991730504, 625.6084407893151], [1898.0686286941295, 571.7150641486181], [1850.1780538526536, 571.9166653974338], [1851.9091521288565, 622.1536998207409], [1899.981924767963, 625.045635363789]], [[313.5938154713744, 568.0306441143646], [253.06003582348566, 567.3201514966461], [251.95971279742935, 653.2133086848676], [312.72595634232283, 646.7953468652173], [104.22984766866773, 569.7767068886303], [25.176855415372877, 569.2265613193769], [23.505340753758937, 654.706527960592], [102.87994454668521, 648.1938182172837]], [[297.5957470325456, 581.1481876018253], [217.05573081742048, 581.7630116649889], [215.69192847677928, 680.0894873713506], [296.5887082908082, 668.8125287582051], [-5.5421114890096135, 583.5909853714749], [-122.71820825931228, 584.5010715463977], [-125.06805665135848, 682.7347817526626], [-7.333774950792758, 671.181583228562]], [[417.9836183654231, 585.8764610011875], [350.8079414366463, 587.2285557389868], [349.5621630933512, 712.9218765426771], [417.1177122537529, 695.1475485877526], 