{"scene_token": "da4ed9e02f64c544f4f1f10c6738216dcb0e6b0d50952e158e5589854af9f100", "sample_token": "26796129628aa4816ba6bf2e71a43b77779d4d5bb33c194c0930a522207fff08", "map_patch": [-10, -40, 70, 40], "egobbox": [[2.04266838609173, -0.8618451982938347], [2.042659332555771, 0.8681407829658088], [-2.041339188713377, 0.8681334012197504], [-2.041330135177418, -0.8618525800398931]], "map_objects_center": [[35.20115182474163, 1.9693804671808213], [83.8272501260813, -7.191375542676141], [28.432934129873445, 16.053997651788638], [23.8395959920399, 15.826827058996628], [32.05455421378709, -16.121198426562664], [38.62194124446389, -24.32020113310587], [16.423375306880207, 0.48365625408348434], [15.481512984747036, 9.651900245267754], [39.18949289183141, 28.067807974087223], [83.66644149577063, -12.84605881366484], [24.45484328269602, -22.115980827752406], [23.72611084585075, 22.475073292737726], [67.6149258676343, 6.591368583780284], [19.87105119380808, 14.249354436792702], [38.401777398598874, -29.420146872244946], [24.52424230148627, -14.329409994992698], [33.04584266533642, 31.168224683898828], [91.0549832078956, -7.246360412038229], [47.922299389638766, 4.033132673466589]], "map_objects_elevation": [0.19474760278628045, -0.28077910396127215, 0.38910715751336566, 0.3915110250627625, 0.04944244895772032, -0.06811451659245593, 0.10500232443330981, 0.17394919790028462, -0.1641898913368416, -0.057543379116447246, 0.18041745509684382, 0.3255024109362741, -0.09742446018905948, 0.22954700852235332, -0.20272617352747324, 0.19792961976884993, 0.22990974297880573, -0.062466469699431704, 0.18595857237417768], "map_objects_bbox": [[[36.015485820101084, 4.585074857586916], [34.254062784678496, 4.539987273013308], [34.386817829382174, -0.6463139232252728], [36.14824086480476, -0.601226338651665]], [[86.15195449198097, -8.289682699698714], [86.25052951282657, -6.332163104582158], [81.50254576018162, -6.093068385653568], [81.40397073933602, -8.050587980770125]], [[29.426040330649155, 18.486730954882265], [27.524323250397448, 18.519535629532612], [27.439827929097735, 13.62126434869501], [29.341545009349442, 13.588459674044662]], [[22.8379130417814, 13.609902101502255], [24.763622109367546, 13.576426931353458], [24.841278942298402, 18.043752016491], [22.915569874712254, 18.0772271866398]], [[33.39369422083513, -13.189759097235964], [30.938415274476732, -13.097811853834138], [30.715414206739055, -19.052637755889364], [33.17069315309745, -19.14458499929119]], [[39.71448066719989, -21.726037325678185], [37.74411621723194, -21.645738295157802], [37.529401821727895, -26.914364940533552], [39.49976627169584, -26.994663971053935]], [[15.101819348322746, 2.640793500157843], [13.959136922475901, 1.0557405440517165], [17.744931265437668, -1.6734809919908744], [18.887613691284514, -0.08842803588474779]], [[14.706314437888734, 7.2097502779338924], [16.672663624888756, 7.383378831992143], [16.256711531605337, 12.094050212601616], [14.290362344605317, 11.920421658543365]], [[40.55980103999616, 37.53508110731166], [37.91383405190899, 37.54829844262986], [37.81918474366665, 18.600534840862785], [40.46515173175382, 18.587317505544586]], [[84.09272275039774, -13.339723975443075], [84.11002243533869, -12.367877937790535], [83.24016024114351, -12.352393651886604], [83.22286055620256, -13.324239689539144]], [[25.422563369894487, -19.795459693861876], [23.612207300484293, -19.747169923209352], [23.487123195497556, -24.436501961642936], [25.29747926490775, -24.48479173229546]], [[22.644638965757103, 19.839471877013658], [24.715326130331825, 19.803476509735276], [24.8075827259444, 25.110674708461794], [22.73689556136968, 25.146670075740175]], [[63.49033462354035, 8.16832675353101], [63.31649548456347, 5.580158298086161], [71.73951711172825, 5.014410414029557], [71.91335625070512, 7.6025788694744065]], [[18.829390858065736, 11.590165040577919], [20.92638391457146, 11.595561425179673], [20.91271152955042, 16.908543833007485], [18.815718473044697, 16.903147448405733]], [[39.339154600398686, -27.073328977403943], [37.574632756767336, -27.032247797432657], [37.46440019679906, -31.76696476708595], [39.22892204043041, -31.808045947057234]], [[25.00431892590586, -11.820782345323282], [23.271262033628783, -12.103713093265112], [24.044165677066683, -16.838037644662116], [25.77722256934376, -16.555106896720282]], [[34.51012569488309, 36.519687821152196], [31.77155327229589, 36.56808292674043], [31.58155963578976, 25.816761546645463], [34.320132058376956, 25.768366441057225]], [[93.22432255801245, -8.16279809897315], [93.27101567788135, -6.449434228525045], [88.88564385777876, -6.329922725103307], [88.83895073790985, -8.043286595551411]], [[45.69652721525196, 5.068280236727706], [45.638127004561326, 3.134161725521298], [50.14807156402557, 2.997985110205473], [50.206471774716206, 4.932103621411881]]],