{"scene_token": "da4ed9e02f64c544f4f1f10c6738216dcb0e6b0d50952e158e5589854af9f100", "sample_token": "aa5d8ed155e037f25b69ad27629d65b2e38620f7647877a42fadf56170c0cb58", "map_patch": [-10, -40, 70, 40], "egobbox": [[2.028802475747515, -0.8445366698469332], [2.0293008501172594, 0.8849002716134251], [-2.0541607577698047, 0.8843849055323452], [-2.054659132139549, -0.8450520359280131]], "map_objects_center": [[43.908712543883404, 14.71524352689849], [48.702013974988866, 16.902802960955473], [39.786346198558235, 12.84906961542917], [25.545424672634134, 16.582140555685662], [19.261572040942166, 3.360399849441598], [49.12069062098579, 37.88035920020363], [54.697648530666115, 19.588215405911466], [75.76277124342073, 37.68845788433127], [42.44181546404498, 35.014081267528475]], "map_objects_elevation": [-0.023580206201667897, -0.09130014026640731, 0.005222263219506584, -0.00441052343967252, -0.4316062744906852, 0.23901814637085406, -0.07070223931432618, 0.3983443472804883, 0.28234264450147906], "map_objects_bbox": [[[46.04429342140664, 14.867734725192275], [45.26755391659719, 16.36978557042634], [41.773131666360165, 14.562752328604706], [42.54987117116962, 13.060701483370641]], [[51.38194700477719, 17.131294111439637], [50.50817350229042, 18.895799953411267], [46.02208094520054, 16.67431181047131], [46.89585444768731, 14.90980596849968]], [[42.27921087925144, 13.133651209620304], [41.45515489082632, 14.722686051258682], [37.29348151786503, 12.564488021238038], [38.11753750629015, 10.97545317959966]], [[29.81508533142445, 17.708660799080448], [28.445813393263247, 19.911824515049886], [21.27576401384382, 15.455620312290877], [22.64503595200502, 13.252456596321437]], [[28.334874720969886, 6.390611636858753], [27.157647940753023, 8.760306365708914], [10.188269360914449, 0.33018806202444306], [11.365496141131311, -2.0395066668257185]], [[46.40045324379578, 37.81379260393796], [47.10071162660413, 36.057228002989106], [51.8409279981758, 37.946925796469294], [51.14066961536745, 39.70349039741815]], [[57.42420262202494, 19.803826251868767], [56.659534825886766, 21.493887837003808], [51.97109443930729, 19.372604559954166], [52.73576223544546, 17.682542974819125]], [[78.27466723966961, 37.451597157259776], [77.69815890356905, 39.30709901347188], [73.25087524717185, 37.925318611402766], [73.82738358327241, 36.069816755190665]], [[39.81980893712324, 34.82976625788513], [40.52099048582455, 33.21983444698107], [45.063821990966716, 35.19839627717182], [44.36264044226541, 36.80832808807588]]], "image_objects_bbox": [[[533.2591301073887, 560.9986742548078], [577.9086513795086, 559.7177345540478], [579.0089286786466, 601.9015468647414], [534.3628487650494, 603.9415728034045], [546.9983887093668, 560.456669240845], [595.1594542951688, 559.0778192217417], [596.3595140843993, 604.8290066234515], [548.202739390843, 607.1021203369642]], [[520.4839836017458, 561.8551646562104], [567.255551681815, 560.5035991278316], [568.2663923778201, 599.3941515948172], [521.4973228058167, 601.4496901693252], [532.7176513514229, 561.383022926929], [583.8443225955806, 559.9079212584714], [584.9605210248806, 602.619345298634], [533.8370782017556, 604.9450539446915]], [[539.2820865232778, 557.4613956296922], [590.7495040974078, 556.0537482758414], [592.0175924720957, 604.4666067374493], [540.5549770982761, 606.8861147997864], [558.5624904280118, 556.3219222715649], [615.3954190278032, 554.7814587757451], [616.8179036458995, 608.6560744563589], [559.9914073273965, 611.452547362373]], [[126.70576865329656, 504.4484970233437], [252.82888677049522, 504.16982063576273], [255.85442425263167, 633.8951264968881], [129.73998781885703, 640.8370398071767], [79.93277054747817, 480.6779103196504], [251.3998142833672, 481.85475084864464], [255.43936878823573, 655.1154246502047], [83.98322140105637, 666.033071298975]], [[567.4615749494617, 498.62112248354094], [681.6111955617956, 498.06110290014743], [685.4983089689907, 642.1286889318455], [571.3821422149933, 649.3692015282325], [891.3388613039479, 369.7398950086916], [1157.972922702478, 383.48040343746595], [1169.9446632359218, 768.7372637595419], [903.9265971485607, 806.7900052252763]], [[69.16701825618276, 568.5869410665248], [11.701557740645725, 570.1506137361201], [12.58778556197, 611.8474331754536], [70.0594524848279, 609.6292885391916], [110.24608360904467, 568.1000327584998], [58.8525383944723, 569.5075745052993], [59.669386770807016, 607.2266035435828], [111.06761593941371, 605.2827010335184]], [[515.9313408967264, 561.2381181755039], [555.4211601830332, 560.1061525017104], [556.331548966054, 595.2683350436632], [516.8425554769015, 596.8961827773256], [522.3866259851218, 560.8748063572481], [565.3736934318324, 559.6452951542113], [566.3702448340598, 598.0094876221872], [523.3842447042939, 599.8300661691934]], [[375.4672415762495, 564.2408263626335], [406.71009606705996, 563.3476752322858], [407.21491955790543, 583.8500473187031], [375.97048257094303, 584.9025785231969], [361.3098251429679, 564.4703943740296], [394.5864726280934, 563.5205348439188], [395.1200441924856, 585.2818239648291], [361.84157292160637, 586.4113232224181]], [[1.9179315704389988, 575.8976499597436], [-62.39875673621961, 577.7410165497229], [-61.55646905854666, 618.5869323650466], [2.7667741864345383, 615.9947970292974], [50.102910929040604, 574.7235703886556], [-6.605939948536397, 576.3523417878889], [-5.835418195406729, 612.875304033628], [50.878153399819574, 610.6467058562681]]], "objects_token": ["a00d883f890de00ec8c290dfd1dab1bb534aee2d001fa1138f3bcc173a6d4af3", "7eccafc67131542a0a6e162c36ff9f7da401630d294efff724976c76c3b7fd23", "0d058a6f8d143b0b4bb1d61a7c0b553cf54c34d7ad9e510e28ad406e48b5cd33", "7b427f85fac1bece3f1c55ef78c85368d7a52b6f179905083674e19913df9b24", "b763981d75c4a7a2a960353d6598e3e3f44a2a15f4af7731be39c35c61bcda4b", "58c6a857d379e22dd2cd34678f530c889c182d4ee232d5ad4fdcfde322d69d40", "af067cb1550ef35fd6f056efe7ef361d4baddcbd5ce444a67fcf10601529e4d3", "090663f357af6254903200b15ecf0add1bbe70519ac955ea64277448d2ed7a4f", "f3c89d1f48d2bb25b1284b49205b4aae94e720b6fc6eb39a521e59008adeba54"], "objects_type": ["car", "car", "car", "truck", "bus", "car", "car", "car", "car"], "cam_intrinsic": [[1109.05239567, 0.0, 957.849065461], [0.0, 1109.05239567, 539.672710373], [0.0, 0.0, 1.0]], "ego_translation": [0.0, 0.0, 0.0], "ego_rotation": [[1.0, 0.0, 0.0], [0.0, 1.0, 0.0], [0.0, 0.0, 1.0]], "cam_translation": [1.5039405282244198, -0.02676183592864872, 1.6584901808053665], "cam_rotation": [[0.006759426271296165, 0.02533582536529963, 0.9996561439362748], [-0.9999683364602721, 0.004369557390585865, 0.006650792816400852], [-0.004199551566444137, -0.999669446827935, 0.02536455884440647]],