{"scene_token": "da4ed9e02f64c544f4f1f10c6738216dcb0e6b0d50952e158e5589854af9f100", "sample_token": "9770c5841a1290382ae5edc2e084fd908685c9f00a11c2c3eacedd895f2bcfbf", "map_patch": [-10, -40, 70, 40], "egobbox": [[2.04266838609173, -0.8618451982938352], [2.042659332555771, 0.8681407829658082], [-2.041339188713377, 0.8681334012197507], [-2.041330135177418, -0.8618525800398927]], "map_objects_center": [[38.62194124446383, -24.320201133105655], [45.12779978609718, 7.445261332496855], [33.90046626777409, -30.49045358245781], [57.68291109211377, 3.847627994544343], [23.839595992040117, 15.826827058996692], [94.11034337799077, -13.747684231114917], [15.481512984746972, 9.65190024526797], [74.6352925935663, -3.757351923128926], [23.72611084585069, 22.475073292737946], [28.76717070142082, 14.874880708258557], [27.673837007012075, -18.443653365715733], [47.922299389638916, 4.03313267346687], [39.18949289183156, 28.067807974087504], [38.40177739859909, -29.420146872244885], [31.58911172516386, -22.66831772161666], [34.93504929486918, -17.323036754216208], [19.871051193808015, 14.24935443679292]], "map_objects_elevation": [-0.06811451659245593, -0.1002113478020008, -0.06135963147906376, 0.1146921461755418, 0.39151102506276214, 0.14739343447429576, 0.17394919790028462, 0.098262124955943, 0.32550241093627375, 0.3029994397387875, 0.26730250611206285, 0.1859585723741779, -0.1641898913368416, -0.20272617352747324, 0.07180904754556816, 0.027783425336942447, 0.22954700852235332], "map_objects_bbox": [[[39.71448066719982, -21.72603732567797], [37.74411621723188, -21.64573829515759], [37.52940182172783, -26.91436494053334], [39.499766271695776, -26.994663971053722]], [[41.014318210844415, 9.05097591798708], [40.82241463052229, 6.46408415066098], [49.24128136134994, 5.839546747006631], [49.43318494167207, 8.42643851433273]], [[35.19672179887074, -28.35735305784549], [33.260812058820854, -28.077729242014335], [32.604210736677445, -32.62355410707013], [34.54012047672733, -32.903177922901286]], [[55.35882452720401, 4.813666756088595], [55.36804935387666, 2.8596885313959914], [60.00699765702353, 2.8815892330000907], [59.99777283035088, 4.835567457692695]], [[22.837913041781615, 13.60990210150232], [24.763622109367763, 13.57642693135352], [24.84127894229862, 18.043752016491066], [22.91556987471247, 18.077227186639863]], [[94.56777468797081, -14.230634639179707], [94.55584474531008, -13.253707478912315], [93.65291206801074, -13.264733823050127], [93.66484201067146, -14.24166098331752]], [[14.706314437888672, 7.209750277934109], [16.672663624888692, 7.383378831992361], [16.256711531605273, 12.094050212601832], [14.290362344605253, 11.920421658543582]], [[77.06145209210388, -2.3628215047959724], [75.57763375786834, -1.1224025630724759], [72.20913309502873, -5.15188234146188], [73.69295142926427, -6.392301283185376]], [[22.644638965757043, 19.839471877013878], [24.715326130331764, 19.803476509735496], [24.80758272594434, 25.110674708462014], [22.736895561369618, 25.146670075740396]], [[29.769899216787728, 17.14461505933801], [27.91590372690265, 17.205653764155393], [27.764442186053913, 12.605146357179102], [29.618437675938992, 12.544107652361719]], [[28.632281091643677, -16.109749032493248], [26.689311563167696, -16.120630733362997], [26.715392922380474, -20.777557698938217], [28.658362450856455, -20.766675998068468]], [[45.69652721525211, 5.068280236727988], [45.638127004561476, 3.1341617255215803], [50.14807156402572, 2.997985110205752], [50.206471774716356, 4.93210362141216]], [[40.559801039996316, 37.53508110731194], [37.91383405190915, 37.54829844263014], [37.81918474366681, 18.600534840863066], [40.46515173175398, 18.587317505544867]], [[39.3391546003989, -27.073328977403882], [37.57463275676755, -27.032247797432596], [37.464400196799275, -31.766964767085888], [39.228922040430625, -31.808045947057174]], [[32.54513644249353, -20.60484704340126], [30.66820387101584, -20.588937231141553], [30.633087007834188, -24.73178839983206], [32.51001957931188, -24.747698212091766]], [[35.98599737682541, -14.584954144243943], [33.96923834071859, -14.553777385568566], [33.88410121291295, -20.06111936418847], [35.90086024901977, -20.09229612286385]], [[18.829390858065672, 11.590165040578135], [20.9263839145714, 11.595561425179891], [20.912711529550357, 16.908543833007705], [18.81571847304463, 16.90314744840595]]],