{"scene_token": "da4ed9e02f64c544f4f1f10c6738216dcb0e6b0d50952e158e5589854af9f100", "sample_token": "bd27a141731c13f6659407f8e5b79f88eb4a52ea8946995ed2a6b401b4fa45e6", "map_patch": [-10, -40, 70, 40], "egobbox": [[2.0395095737629227, -0.8261627292705074], [2.0403659255600455, 0.9017307445369787], [-2.043619437355846, 0.9032197657323053], [-2.0444757891529686, -0.8246737080751807]], "map_objects_center": [[20.621865501675405, 18.615321808613906], [45.29547094376012, 2.471989216462317], [37.59789541162709, 20.830632403756127], [96.1210325124712, 22.492259761459074], [44.73095801466974, 21.62594693315492], [35.57594361625318, 1.2662783812149385], [38.04604821703792, 24.070553735941086], [29.528318673802158, 23.548069103752063], [51.819515359546024, 3.243808778594822], [13.153793558883663, -1.6591137415338109], [96.09244465732206, 13.617832780910483], [30.518850489935534, 19.768890813444596], [40.06755976208637, 1.8160131197908083], [32.33031634655641, 11.035332907254693], [51.96105898214859, 22.36616969439314]], "map_objects_elevation": [0.40155557526040675, 0.0586846296786282, 0.24174803834801284, 0.15105537132977676, 0.4680458077381745, 0.15039697466923319, 0.3394689882326718, 0.1311286484599259, 0.08244118031345526, -0.29779716647542864, 0.6493564136874032, 0.257203839252395, 0.12380335376292739, 0.18376435364135224, 0.4280063294171168], "map_objects_bbox": [[[14.572060560718448, 19.21779539838593], [15.095891640596925, 16.080222769783788], [26.67167044263236, 18.01284821884188], [26.147839362753885, 21.150420847444025]], [[47.92130382695677, 1.8895367123702025], [47.61449067118938, 3.8344857316115952], [42.66963806056347, 3.054441720554432], [42.976451216330865, 1.1094927013130393]], [[34.7682319211539, 21.47747301834603], [34.97119368488245, 19.595384943237907], [40.42755890210029, 20.183791789166225], [40.224597138371735, 22.065879864274347]], [[93.92752759770008, 23.581437175324666], [93.75527903904953, 21.859028561190723], [98.31453742724233, 21.403082347593482], [98.48678598589288, 23.125490961727426]], [[42.17360268734061, 22.233255734162547], [42.36187572331913, 20.487377942355966], [47.288313341998865, 21.018638132147295], [47.10004030602035, 22.764515923953876]], [[38.04000326798804, 0.7932339512802146], [37.728223551508094, 2.5558721468245196], [33.11188396451831, 1.7393228111496626], [33.42366368099826, -0.023315384394642535]], [[35.52135016996561, 24.94481515057018], [35.68290703549045, 22.823959573402846], [40.570746264110234, 23.196292321311994], [40.40918939858539, 25.317147898479327]], [[26.99122160526796, 24.31533109605663], [27.27815883056345, 22.1472360730607], [32.065415742336356, 22.780807111447494], [31.778478517040867, 24.948902134443426]], [[54.48599340539555, 2.6351380293366575], [54.26106781422417, 4.476451006110624], [49.1530373136965, 3.8524795278529864], [49.37796290486788, 2.01116655107902]], [[22.717998684671056, -1.4774951525562527], [22.302359870725496, 1.135656273661128], [3.589588433096271, -1.840732330511369], [4.00522724704183, -4.45388375672875]], [[98.36917569415247, 12.53053324263544], [98.46682826726455, 14.471077747398109], [93.81571362049165, 14.705132319185525], [93.71806104737958, 12.764587814422857]], [[27.76566262915921, 20.399067656302115], [28.037063432386887, 18.420595871310635], [33.27203835071186, 19.138713970587077], [33.00063754748418, 21.117185755578557]], [[42.151191145073305, 1.3236316519917466], [41.85858505040119, 2.9891233731842406], [37.98392837909943, 2.30839458758987], [38.27653447377155, 0.6429028663973759]], [[36.7168281639704, 10.527825197276398], [36.24494782405356, 13.078543712675533], [27.94380452914242, 11.542840617232988], [28.415684869059255, 8.992122101833854]], [[49.34512966603373, 23.11519326751404], [49.48872159651384, 21.229652931827477], [54.57698829826346, 21.61714612127224], [54.433396367783345, 23.502686456958802]]], "image_objects_bbox": [[[-352.3321858711808, 417.7233516304615], [-666.1448945773371, 425.71588464556305], [-659.0026227320129, 755.594254214128], [-343.5134494385561, 734.5760270858092], [156.7540382205887, 488.77500825708495], [-0.19601579194398983, 494.60264400001785], [5.925436370425796, 670.953169680425], [163.27694649573624, 661.3332610293777]], [[858.0615033002316, 565.4711511708331], [904.8149897276952, 562.995203854016], [906.9949148657676, 604.5727739541513], [860.2179709729543, 607.3361346253497], [867.6355793852534, 564.5187475050792], [919.8436024726898, 561.7573339760312], [922.295202930797, 608.2537944611101], [870.0579955390939, 611.3749438080781]], [[303.12520465920863, 577.298223550316], [236.67783776009873, 580.7150255147245], [239.372998419874, 649.291855877467], [305.89206231562895, 645.434102421855], [376.9634072402258, 576.3514711985475], [320.2312281302809, 579.2843810167851], [322.64503203781635, 638.2409983524261], [379.42926942516726, 634.981880915415]], [[689.0540784061197, 574.3288208830979], [668.9122924566913, 575.4131120370708], [669.9581488550898, 597.2984592058148], [690.110435425843, 596.2520919119112], [706.6545924799358, 573.5696717418424], [687.4290555262588, 574.6043243587711], [688.4333707093167, 595.4614543094511], [707.6684691659937, 594.4612429598451]], [[396.35768491247086, 587.8930336906287], [346.3223855971435, 590.5406904146956], [347.90791350001706, 628.7969957436508], [397.97291186297474, 625.962215518537], [443.11621367211967, 586.0311299363971], [398.6641579919571, 588.3860007614726], [400.1141328334487, 622.5242857565227], [444.58956789767365, 620.0203295206678]], [[871.0713681399704, 559.9829437284769], [924.7649168843053, 557.1847559506155], [927.6025355652216, 610.8990979696101], [873.8769168959026, 614.1744546114256], [887.6289622107962, 557.8710201560817], [948.8364779230329, 554.69372937164], [952.1094489978881, 616.0967108479264], [890.860474155748, 619.8983441887336]], [[212.1542062923226, 582.1557985167555], [139.69404510920603, 585.9223759716307], [142.10159566316963, 650.3050070051977], [214.640622045581, 646.2072980580339], [293.7889517878885, 580.4720409519731], [230.74919548010604, 583.760331367679], [232.95612233517224, 640.0844121639954], [296.05544470131974, 636.5425315878836]], [[1.9837058760057689, 599.1407275188931], [-102.68064139323508, 604.5550939456471], [-100.0054192792683, 686.5494976446021], [4.7943801364679315, 680.1787011583378], [127.0295988576429, 594.9124303196692], [40.03657027399456, 599.4346961028731], [42.48441815288297, 668.5250659147154], [129.57030481818182, 663.3224702504585]], [[856.4449773702108, 565.0410774452424], [895.1481346563207, 562.9892548090855], [897.0775577247259, 599.9226814239721], [858.3547972697668, 602.1402590052563], [860.6237227062843, 564.3691577487024], [903.406445220202, 562.1032634981461], [905.5470472865261, 602.9516538950137], [862.7403850149241, 605.4204021853499]], [[882.5669423848029, 486.1913676406188], [1018.1455131605983, 480.5701032758539], [1028.027332145839, 661.081275491057], [892.1599222979842, 670.416316591351], [1694.6580742592823, -181.008314676105], [2589.136171593372, -123.23267363662679], [2707.7132636169927, 1245.0643323931545], [1806.0093172386444, 1434.1462668993981]], [[786.0939910541971, 568.3180012412299], [808.0809220650765, 567.1376207572165], [808.8986629141947, 583.3217440992445], [786.9040281337345, 584.4881401326872], [774.9219589050385, 568.6794734028387], [798.0047714109365, 567.4400377214497], [798.8603096539184, 584.438856920019], [775.7690054622204, 585.6628654406732]], [[184.1311878242911, 591.682606807457], [93.10028929714329, 596.4076067392881], [95.73971057916447, 668.7746482084024], [186.87049809673195, 663.2761370455253], [284.95126508190094, 588.5032073324165], [209.84309774744108, 592.4200710420631], [212.18477976961302, 652.8258634581656], [287.3604148990478, 648.3691019951627]], [[867.7053260115923, 564.1287091946041], [913.3752282404926, 561.7189449296769], [915.7933344530849, 607.69083571046], [870.0999139554498, 610.4450501793174], [879.2707141025695, 563.0342373670799], [929.6123741000536, 