{"scene_token": "da4ed9e02f64c544f4f1f10c6738216dcb0e6b0d50952e158e5589854af9f100", "sample_token": "7735ab5d222c9c005fac08e68fad832699fc316799b01ec9e663b3182566a989", "map_patch": [-10, -40, 70, 40], "egobbox": [[2.04266838609173, -0.8618451982938351], [2.042659332555771, 0.8681407829658079], [-2.0413391887133763, 0.8681334012197508], [-2.041330135177417, -0.8618525800398922]], "map_objects_center": [[38.401777398598874, -29.420146872244946], [45.47765704470797, 7.463285539016319], [38.62194124446389, -24.32020113310587], [23.72611084585075, 22.475073292737726], [91.0549832078956, -7.246360412038229], [34.900937609961865, -26.466773497675288], [19.87105119380808, 14.249354436792702], [39.18949289183141, 28.067807974087223], [47.922299389638766, 4.033132673466589], [23.839595992040117, 15.826827058996692], [35.505204306136946, 17.364681538321193], [5.490281991446781, -5.460165235853279], [91.22926136632623, -13.782937686569486], [28.382925487068356, -12.609100442084799], [83.8272501260813, -7.191375542676141], [57.68291109211377, 3.847627994544343], [15.481512984746972, 9.65190024526797], [8.580522329561981, 2.2525249567841095], [28.178895664432794, 14.67802284673164], [72.07072580791753, -8.277276562170105]], "map_objects_elevation": [-0.20272617352747324, -0.1000483240495802, -0.06811451659245593, 0.32550241093627375, -0.062466469699431704, -0.016259272928756285, 0.22954700852235332, -0.1641898913368416, 0.1859585723741779, 0.39151102506276214, 0.14195540116500593, -0.07250741986540477, 0.1465959753044359, 0.21055625268971678, -0.28077910396127215, 0.1146921461755418, 0.17394919790028462, 0.10331294232111032, 0.29992320632357317, 0.0759359219857656], "map_objects_bbox": [[[39.339154600398686, -27.073328977403943], [37.574632756767336, -27.032247797432657], [37.46440019679906, -31.76696476708595], [39.22892204043041, -31.808045947057234]], [[41.336778389054956, 8.99696541407413], [41.19005152311026, 6.407118463613535], [49.61853570036098, 5.929605663958506], [49.76526256630567, 8.519452614419102]], [[39.71448066719989, -21.726037325678185], [37.74411621723194, -21.645738295157802], [37.529401821727895, -26.914364940533552], [39.49976627169584, -26.994663971053935]], [[22.644638965757103, 19.839471877013658], [24.715326130331825, 19.803476509735276], [24.8075827259444, 25.110674708461794], [22.73689556136968, 25.146670075740175]], [[93.22432255801245, -8.16279809897315], [93.27101567788135, -6.449434228525045], [88.88564385777876, -6.329922725103307], [88.83895073790985, -8.043286595551411]], [[35.93034864876022, -23.72052129454461], [33.9134069550793, -23.705184923019893], [33.87152657116351, -29.213025700805964], [35.88846826484443, -29.228362072330683]], [[18.829390858065736, 11.590165040577917], [20.926383914571463, 11.595561425179673], [20.91271152955042, 16.908543833007485], [18.815718473044694, 16.903147448405733]], [[40.55980103999616, 37.53508110731166], [37.91383405190899, 37.54829844262986], [37.81918474366665, 18.600534840862785], [40.46515173175382, 18.587317505544586]], [[45.69652721525196, 5.068280236727707], [45.638127004561326, 3.1341617255212997], [50.14807156402557, 2.9979851102054713], [50.206471774716206, 4.932103621411879]], [[22.837913041781615, 13.60990210150232], [24.763622109367763, 13.57642693135352], [24.84127894229862, 18.043752016491066], [22.91556987471247, 18.077227186639863]], [[36.434376637330665, 19.740002785846258], [34.66669401645069, 19.773501320722996], [34.57603197494323, 14.989360290796128], [36.3437145958232, 14.95586175591939]], [[7.324539583979755, -6.94671193348344], [7.837178501571525, -5.202485646509661], [3.6560243989138073, -3.9736185382231173], [3.1433854813220368, -5.717844825196897]], [[91.68669267630627, -14.265888094634276], [91.67476273364554, -13.288960934366884], [90.77183005634619, -13.299987278504696], [90.78375999900692, -14.276914438772089]], [[29.34588895562585, -10.32221175694428], [27.49111056594903, -10.293539031439655], [27.419962018510862, -14.895989127225317], [29.274740408187682, -14.924661852729942]], [[86.15195449198097, -8.289682699698714], [86.25052951282657, -6.332163104582158], [81.50254576018162, -6.093068385653568], [81.40397073933602, -8.050587980770125]], [[55.35882452720401, 4.813666756088596], [55.36804935387666, 2.8596885313959923], [60.00699765702353, 2.88158923300009], [59.99777283035088, 4.835567457692694]], [[14.706314437888672, 7.209750277934109], [16.672663624888692, 7.383378831992361], [16.256711531605273, 12.094050212601832], [14.290362344605253, 11.920421658543582]], [[6.487285402414296, 3.6452416066541824], [6.094450627981319, 1.8773609998268457], [10.673759256709667, 0.8598083069140365], [11.066594031142644, 2.6276889137413733]], [[29.031253926471805, 16.923751101248165], [27.333255823947834, 16.92628957027326], [27.326537402393782, 12.432294592215115], [29.024535504917754, 12.42975612319002]], [[73.03288493565717, -5.6494990196625], [71.09888821955761, -5.65306302248802], [71.10856668017789, -10.90505410467771], [73.04256339627744, -10.90149010185219]]],