{"scene_token": "da4ed9e02f64c544f4f1f10c6738216dcb0e6b0d50952e158e5589854af9f100", "sample_token": "b92e51798c633fae9351edf034178fc6e93485314e5f811bb31b0a87deff1ac6", "map_patch": [-10, -40, 70, 40], "egobbox": [[2.0262119866276658, -0.8478872641285818], [2.026862508884432, 0.8817110162356055], [-2.0563756456769857, 0.8815468320746714], [-2.057026167933752, -0.848051448289516]], "map_objects_center": [[21.980295551503737, -17.698830357617254], [37.667286201594564, -29.18276122448267], [14.364042870033563, -11.591792907858157], [36.5173607681928, 30.216322666701686], [22.125747535302818, 12.775565078951413], [49.85218958643739, -30.550454990778192], [39.42504353515122, 33.6835695509841]], "map_objects_elevation": [-0.14478489222189317, -0.06336042219048987, -0.0816982429825237, -0.07342940839188994, -0.5071475478129299, 0.15965362151588114, -0.10284696572092455], "map_objects_bbox": [[[20.729735195177554, -15.514635301037982], [19.54386227731888, -17.06763930061086], [23.23085590782992, -19.883025414196524], [24.416728825688594, -18.330021414623648]], [[37.00393790922734, -29.2896047690396], [37.66415232670294, -29.854651601574176], [38.33063449396179, -29.075917679925745], [37.67042007648619, -28.510870847391168]], [[13.233539093433064, -9.412904782898087], [12.006240513164098, -10.908887134020512], [15.494546646634062, -13.770681032818226], [16.721845226903028, -12.274698681695801]], [[38.641133772995424, 31.552342585741677], [37.210237359294084, 32.62781246131079], [34.39358776339018, 28.880302747661695], [35.82448417709152, 27.804832872092582]], [[28.99200536625274, 19.436008637673226], [26.90471403520654, 21.062210008764566], [15.259489704352893, 6.115121520229602], [17.346781035399097, 4.488920149138259]], [[49.98211856633586, -31.20967040335783], [50.52378003672149, -30.530138320598166], [49.72226060653892, -29.891239578198554], [49.18059913615329, -30.57077166095822]], [[41.283969756813214, 34.74580895545819], [39.933390642030375, 35.76336340349151], [37.56611731348922, 32.62133014651002], [38.91669642827206, 31.6037756984767]]], "image_objects_bbox": [[[1966.257574349091, 518.6543377946455], [1817.7120038667053, 522.5989037455153], [1820.8878479125663, 626.2403829620482], [1969.740417376522, 628.8576252015986], [1935.7858117800522, 520.0356597878905], [1812.4370436975573, 523.2825039420809], [1815.103534474435, 610.3989338891231], [1938.665984303188, 611.7418953736383]], [[1844.3870091603637, 520.7785245221477], [1843.6355114976864, 520.7121069281962], [1845.3822025484756, 577.4033863772728], [1846.10224536371, 576.4401394793583], [1805.469195739086, 521.8357092349571], [1804.0243663871183, 521.789680812617], [1805.725504713593, 577.4656575893672], [1807.140490655078, 576.5182493138467]], [[2053.3874591607128, 530.455557321967], [1804.5088493242145, 535.6627032400754], [1809.0327690637992, 683.7226327535761], [2058.6816064521877, 695.0505632450667], [2002.6599291316336, 529.200896430391], [1813.993162548549, 533.3282055259912], [1817.5005065267223, 647.8857836175889], [2006.6144757249313, 653.4132118519473]], [[-75.00511368436624, 570.8901241747278], [-2.954575494024402, 569.186015668779], [-1.9446058819268524, 622.7208649673405], [-73.98006451915532, 626.600066754216], [-34.5479708546239, 569.6521455912314], [41.63616074752696, 567.8621285663729], [42.744705676676034, 625.7374426617317], [-33.420341247513434, 630.0779543808704]], [[20.342613306672252, 511.086517941355], [156.80191192388057, 512.2647233817345], [159.6205107271626, 653.8634093473007], [23.25999075298301, 664.4440626087272], [449.0157047599901, 450.8075535624893], [626.8554795765144, 460.7559133466136], [632.4353611613087, 703.8619847999166], [455.1198602208911, 730.7684341196695]], [[1626.037595268858, 522.4616741433927], [1648.805957296965, 521.7991806952712], [1650.0371006985033, 563.4612376619921], [1627.2494153410928, 563.6753078371087], [1622.8029324798229, 522.4034463653992], [1645.9172251208402, 521.7292017239456], [1647.1682235803557, 564.0899103814004], [1624.033976062716, 564.3006496417655]], [[-94.1805073567103, 574.9349566671242], [-29.919618131154493, 573.2914243419872], [-29.030412927857807, 620.8657433723715], [-93.2800710361413, 624.2055273354466], [-64.62298837140686, 574.2537190162898], [2.5771695113242354, 572.532280348503], [3.5326348469570834, 623.0833459640729], [-63.65404407367265, 626.7242298127634]]], "objects_token": ["6acfbaa67a9af6aff7eab27dd28387faa7e6c14290fe5f16dfd4558823882865", "30c51f6e3f8f3f734308ac45d7edb4c8faf0ceea9290395b69662549cae3e98b", "d53d4d94624ebc78000ddcfd372740cddf6356c1597eab9e31cc8368d1004088", "e86d8f75ffee68b8c77010e8fde7569cf208574225a37760949d2066d0e010bb", "e2d06bc5ec20c6454f789ecbae45e95d15d6acab91b0907df56ab52d8a2768c5", "841e558a673cdf30d88a43a7e4fb6fbbaad86ba39fb06c706eff681a58ef6477", "03ce23d9adfe7b43eb8001199b02754afabf98701bef6c721378818dfc8ad7f1"], "objects_type": ["car", "pedestrian", "car", "car", "bus", "pedestrian", "car"], "cam_intrinsic": [[1109.05239567, 0.0, 957.849065461], [0.0, 1109.05239567, 539.672710373], [0.0, 0.0, 1.0]], "ego_translation": [0.0, 0.0, 0.0], "ego_rotation": [[1.0, 0.0, 0.0], [0.0, 1.0, 0.0], [0.0, 0.0, 1.0]], "cam_translation": [1.5039405282244198, -0.02676183592864872, 1.6584901808053665], "cam_rotation": [[0.006759426271296165, 0.02533582536529963, 0.9996561439362748], [-0.9999683364602721, 0.004369557390585865, 0.006650792816400852], [-0.004199551566444137, -0.999669446827935, 0.02536455884440647]], "subsequent_egocenters": [[0.937499029053023, -0.012987241483453982], [1.8219406241136593, 0.07203792249878083], [2.6952848512534953, 0.25425505678946025], [3.6002854553091588, 0.48112049514387145], [4.4980511337263, 0.7571232282637765], [5.370594956643272, 1.058771600072976], [6.221202290199253, 1.4205126323810102], [7.039621206264922, 1.8391241876801847], [7.84556782302925, 2.306612078988455], [8.67446008434241, 2.847748308898205], [9.529326707511657, 3.4843025782313433], [10.433809797096279, 4.221318637319248], [11.370373300118292, 5.025945491589345], [12.30055009478715, 5.910947296714147], [13.224434476094842, 6.881379144936705], [14.175032513408404, 7.910098608366796], [15.16917343583531, 9.06456641322518], [16.15946093174908, 10.262492637277191], [17.163034976248674, 11.522541725817586], [18.165691167745717, 12.822690247682143], [19.232771586385642, 14.211689658117123], [20.335431979309455, 15.638619627395297], [21.46988792496228, 17.097925339304133], [22.66708295958617, 18.61333555295505], [23.89473946481473, 20.152691216108327], [25.146015233863945, 21.742443406596127], [26.441161634510756, 23.397582565372698], [27.76045592803316, 25.08399348450011], [29.037833597854227, 26.782127750711684], [30.349095988636876, 28.436489679245405], [31.64602767603466, 30.091761481460335], [32.96572763746559, 31.72722659035322], [34.33105149364887, 33.3893449915869], [35.67261782337664, 35.03935853736347], [37.000432502501056, 36.6276985586429], [38.27908530163351, 38.1448438952177], [39.56403630867261, 39.63933173684977], [40.810720497311976, 41.0816208136221], [42.02873638317331, 42.46131413536693], [43.22086125105139, 43.7987320203591]]}