{"scene_token": "da4ed9e02f64c544f4f1f10c6738216dcb0e6b0d50952e158e5589854af9f100", "sample_token": "106b3edc18c197e28448c821758917372fc99dd3eadb034b99090f3a5fc63935", "map_patch": [-10, -40, 70, 40], "egobbox": [[2.04266838609173, -0.8618451982938351], [2.042659332555771, 0.8681407829658079], [-2.0413391887133763, 0.8681334012197508], [-2.041330135177417, -0.8618525800398922]], "map_objects_center": [[19.87105119380808, 14.249354436792702], [57.68291109211377, 3.847627994544343], [91.0549832078956, -7.246360412038229], [15.481512984746972, 9.65190024526797], [35.479634131737754, 14.842060163491197], [83.8272501260813, -7.191375542676141], [45.491228635501145, 7.485452202116547], [4.950272753757515, -5.277400450373996], [34.89109620374866, -27.979002341891245], [72.04562918785075, -8.674600708599769], [39.18949289183141, 28.067807974087223], [23.839595992040117, 15.826827058996692], [38.401777398598874, -29.420146872244946], [9.709126468204287, 2.0295737135608864], [28.128153388076583, 12.374808314701347], [23.72611084585075, 22.475073292737726], [38.62194124446389, -24.32020113310587], [28.357077064482546, -15.12448251606643], [47.922299389638766, 4.033132673466589]], "map_objects_elevation": [0.22954700852235332, 0.1146921461755418, -0.062466469699431704, 0.17394919790028462, 0.13680123465189775, -0.28077910396127215, -0.09793859175778019, -0.07274490389655086, -0.023544150771776184, 0.074016983393284, -0.1641898913368416, 0.39151102506276214, -0.20272617352747324, 0.11048520724848732, 0.2948201842007486, 0.32550241093627375, -0.06811451659245593, 0.19843680792120144, 0.1859585723741779], "map_objects_bbox": [[[18.829390858065736, 11.590165040577919], [20.92638391457146, 11.595561425179673], [20.91271152955042, 16.908543833007485], [18.815718473044697, 16.903147448405733]], [[55.35882452720401, 4.813666756088596], [55.36804935387666, 2.8596885313959923], [60.00699765702353, 2.88158923300009], [59.99777283035088, 4.835567457692694]], [[93.22432255801245, -8.16279809897315], [93.27101567788135, -6.449434228525045], [88.88564385777876, -6.329922725103307], [88.83895073790985, -8.043286595551411]], [[14.706314437888672, 7.209750277934109], [16.672663624888692, 7.383378831992361], [16.256711531605273, 12.094050212601832], [14.290362344605253, 11.920421658543582]], [[36.400509383621376, 17.220610356459233], [34.63272060036067, 17.24793832340919], [34.55875887985413, 12.463509970523164], [36.32654766311484, 12.436182003573203]], [[86.15195449198097, -8.289682699698714], [86.25052951282657, -6.332163104582158], [81.50254576018162, -6.093068385653568], [81.40397073933602, -8.050587980770125]], [[41.35572874932433, 9.033577097411346], [41.199962524367066, 6.444258097526905], [49.62672852167796, 5.937327306821748], [49.78249474663522, 8.526646306706189]], [[6.824904585022596, -6.712697456992393], [7.289153297280908, -4.9549724690700785], [3.075640922492435, -3.842103443755599], [2.6113922102341225, -5.599828431677913]], [[35.92290340742393, -25.23364951494098], [33.90597586524465, -25.21655303581054], [33.85928900007339, -30.724355168841512], [35.87621654225267, -30.74145164797195]], [[72.95254527753859, -6.027249540683938], [71.01904735772212, -6.071315333146334], [71.13871309816291, -11.3219518765156], [73.07221101797938, -11.277886084053204]], [[40.55980103999616, 37.53508110731166], [37.91383405190899, 37.54829844262986], [37.81918474366665, 18.600534840862785], [40.46515173175382, 18.587317505544586]], [[22.837913041781615, 13.60990210150232], [24.763622109367763, 13.57642693135352], [24.84127894229862, 18.043752016491066], [22.91556987471247, 18.077227186639863]], [[39.339154600398686, -27.073328977403943], [37.574632756767336, -27.032247797432657], [37.46440019679906, -31.76696476708595], [39.22892204043041, -31.808045947057234]], [[7.681222171240071, 3.515812140716525], [7.2085954458097055, 1.7675716028016277], [11.737030765168504, 0.5433352864052479], [12.209657490598868, 2.2915758243201454]], [[28.98834551176721, 14.617547601899172], [27.29036661493925, 14.626013174938667], [27.267961264385956, 10.132069027503523], [28.96594016121392, 10.123603454464028]], [[22.644638965757103, 19.839471877013658], [24.715326130331825, 19.803476509735276], [24.8075827259444, 25.110674708461794], [22.73689556136968, 25.146670075740175]], [[39.71448066719989, -21.726037325678185], [37.74411621723194, -21.645738295157802], [37.529401821727895, -26.914364940533552], [39.49976627169584, -26.994663971053935]], [[29.3280173975623, -12.840969133228706], [27.47335039432001, -12.805822197597283], [27.386136731402793, -17.40799589890415], [29.24080373464508, -17.443142834535575]], [[45.69652721525196, 5.068280236727707], [45.638127004561326, 3.1341617255212997], [50.14807156402557, 2.9979851102054713], [50.206471774716206, 4.932103621411879]]],