{"scene_token": "da4ed9e02f64c544f4f1f10c6738216dcb0e6b0d50952e158e5589854af9f100", "sample_token": "3d75899056efc03788074c15d06da63d06ba05c41873a3b6914ad762921753d9", "map_patch": [-10, -40, 70, 40], "egobbox": [[2.04266838609173, -0.8618451982938351], [2.042659332555771, 0.8681407829658079], [-2.0413391887133763, 0.8681334012197508], [-2.041330135177417, -0.8618525800398922]], "map_objects_center": [[19.87105119380808, 14.249354436792702], [83.8272501260813, -7.191375542676141], [91.0549832078956, -7.246360412038229], [16.697523876377605, -9.650379539388151], [35.38607031765021, -19.092327821758367], [28.036962799107027, -17.302823615512757], [38.401777398598874, -29.420146872244946], [23.10722755622351, -7.745163953888474], [34.83858236938633, 2.221915864981776], [57.68291109211377, 3.847627994544343], [47.922299389638766, 4.033132673466589], [23.839595992040117, 15.826827058996692], [15.481512984746972, 9.65190024526797], [39.18949289183141, 28.067807974087223], [49.066927954167525, 7.1518701168118515], [72.39000607318701, -14.205685956185967], [32.736026476734395, 26.469112631214852], [23.72611084585075, 22.475073292737726], [87.67577785512285, -12.917435819392555]], "map_objects_elevation": [0.22954700852235332, -0.28077910396127215, -0.062466469699431704, 0.1147569704680439, 0.05335736590589524, 0.21787675559828668, -0.20272617352747324, 0.20233164305611195, 0.08588441241396017, 0.1146921461755418, 0.1859585723741779, 0.39151102506276214, 0.17394919790028462, -0.1641898913368416, -0.09676605052702225, 0.047454890455063126, 0.17470040909181295, 0.32550241093627375, -0.05701363563455608], "map_objects_bbox": [[[18.829390858065736, 11.590165040577917], [20.926383914571463, 11.595561425179673], [20.91271152955042, 16.908543833007485], [18.815718473044694, 16.903147448405733]], [[86.15195449198097, -8.289682699698714], [86.25052951282657, -6.332163104582158], [81.50254576018162, -6.093068385653568], [81.40397073933602, -8.050587980770125]], [[93.22432255801245, -8.16279809897315], [93.27101567788135, -6.449434228525045], [88.88564385777876, -6.329922725103307], [88.83895073790985, -8.043286595551411]], [[14.15752256040048, -9.381903162709557], [14.58447949350457, -11.085206945736633], [19.23752519235473, -9.918855916066745], [18.81056825925064, -8.215552133039669]], [[36.29309221939389, -16.70846047650669], [34.52517436590404, -16.69141749226518], [34.479048415906526, -21.476195167010044], [36.246966269396374, -21.493238151251553]], [[28.904978303279705, -15.063100622704082], [27.207039301484755, -15.048708048800522], [27.16894729493435, -19.542546608321434], [28.866886296729298, -19.55693918222499]], [[39.339154600398686, -27.073328977403943], [37.574632756767336, -27.032247797432657], [37.46440019679906, -31.76696476708595], [39.22892204043041, -31.808045947057234]], [[23.038669451283333, -5.231879193610202], [21.36761217365033, -5.929939774698815], [23.175785661163687, -10.258448714166747], [24.84684293879669, -9.560388133078131]], [[35.77736279413743, 4.72854862909066], [33.942428713870214, 4.744102441289147], [33.89980194463523, -0.28471689912710874], [35.734736024902446, -0.3002707113255956]], [[55.35882452720401, 4.813666756088596], [55.36804935387666, 2.8596885313959923], [60.00699765702353, 2.88158923300009], [59.99777283035088, 4.835567457692694]], [[45.69652721525196, 5.068280236727707], [45.638127004561326, 3.1341617255212997], [50.14807156402557, 2.9979851102054713], [50.206471774716206, 4.932103621411879]], [[22.837913041781615, 13.60990210150232], [24.763622109367763, 13.57642693135352], [24.84127894229862, 18.043752016491066], [22.91556987471247, 18.077227186639863]], [[14.706314437888672, 7.209750277934109], [16.672663624888692, 7.383378831992361], [16.256711531605273, 12.094050212601832], [14.290362344605253, 11.920421658543582]], [[40.55980103999616, 37.53508110731166], [37.91383405190899, 37.54829844262986], [37.81918474366665, 18.600534840862785], [40.46515173175382, 18.587317505544586]], [[44.91021598096351, 8.642103511895444], [44.79061747830531, 6.050862072322142], [53.22363992737154, 5.661636721728259], [53.34323843002974, 8.252878161301561]], [[74.07841122277273, -11.974037899064857], [72.2278789515681, -11.412000255102976], [70.70160092360129, -16.437334013307076], [72.55213319480592, -16.99937165726896]], [[34.034106665214246, 29.41896352986653], [31.57778326560951, 29.47662076318775], [31.437946288254548, 23.519261732563173], [33.89426968785928, 23.461604499241954]], [[22.644638965757103, 19.839471877013658], [24.715326130331825, 19.803476509735276], [24.8075827259444, 25.110674708461794], [22.73689556136968, 25.146670075740175]], [[88.10205910974996, -13.41110098117079], [88.11935879469091, -12.439254943518248], [87.24949660049573, -12.42377065761432], [87.23219691555478, -13.395616695266861]]],