{"scene_token": "da4ed9e02f64c544f4f1f10c6738216dcb0e6b0d50952e158e5589854af9f100", "sample_token": "5a01bf73097e742d0a66179bb5d40f88a38b01eeb5cb7f855fcd5ad80e9853c7", "map_patch": [-10, -40, 70, 40], "egobbox": [[2.0317662618615357, -0.853624140551716], [2.032083826148861, 0.876195221627653], [-2.0515872813193945, 0.8761959295194577], [-2.0519048456067197, -0.8536234326599113]], "map_objects_center": [[74.54755725642617, -38.188794812932926], [59.16831906880459, -16.25483656998973], [22.284488859022954, 18.39538203136615], [49.45841865403196, -31.580887115802398], [14.65290396568519, 15.680102057592732], [29.762304615480392, -11.148000083914503], [77.70654597454043, -43.92651379187417], [20.861142239706666, -7.138988850766316], [56.08219584773612, -34.47306067646963], [61.70831497705474, -36.53818989563157], [48.31579673120261, -17.44799289401979]], "map_objects_elevation": [0.1036109307277886, 0.09298133232946715, -0.5194006669977065, -0.46448142913853707, -0.11891460259255227, -0.13636045946533737, -0.22500950288679544, -0.07668367970718548, -0.23787172872725804, -0.04792208012536403, -0.0871211337172948], "map_objects_bbox": [[[76.48907518339227, -40.204104501112205], [77.33241147142108, -38.46366205584325], [72.60603932946007, -36.17348512475365], [71.76270304143127, -37.9139275700226]], [[59.44189882724404, -16.868514511398914], [59.81848998522046, -16.085354183155726], [58.894739310365146, -15.641158628580547], [58.518148152388726, -16.424318956823736]], [[27.2675908486045, 26.560900971484315], [24.84002773033404, 27.613637076504467], [17.30138686944141, 10.229863091247987], [19.728949987711868, 9.177126986227831]], [[51.16387068520016, -33.504935547984985], [52.0243397127464, -31.743915090229414], [47.75296662286376, -29.65683868361981], [46.89249759531752, -31.41785914137538]], [[16.440621898262663, 19.717813611621935], [13.864873821852889, 20.02499083550312], [12.865186033107719, 11.642390503563528], [15.440934109517492, 11.335213279682343]], [[28.005403194772622, -9.345805131109726], [27.245440474298835, -11.145964197273068], [31.519206036188162, -12.95019503671928], [32.27916875666195, -11.150035970555939]], [[79.26938902306476, -45.64557395826719], [80.02879077134213, -43.99597855796042], [76.1437029260161, -42.20745362548115], [75.38430117773873, -43.85704902578792]], [[19.22181179675012, -5.311917984927804], [18.407483369364858, -7.067222577399506], [22.50047268266321, -8.966059716604828], [23.314801110048474, -7.210755124133127]], [[57.716325920588105, -36.1687936020805], [58.43307404644021, -34.6118516879143], [54.44806577488414, -32.77732775085876], [53.731317649032036, -34.334269665024955]], [[63.2924848367917, -38.2109233189543], [64.00923296264381, -36.653981404788105], [60.12414511731778, -34.865456472308836], [59.407396991465674, -36.42239838647503]], [[47.68615152786429, -17.68249964853455], [48.44412011363617, -18.107522733769905], [48.94544193454093, -17.213486139505033], [48.18747334876905, -16.788463054269677]]], "image_objects_bbox": [[[1504.9390983633818, 537.7977840295174], [1536.5718258681027, 537.1335481478419], [1537.34731912372, 567.2179649169544], [1505.6943746527147, 567.5566398240317], [1506.398894611253, 537.2944895376868], [1540.1685704263684, 536.5798618481999], [1540.9975047360062, 568.6810075567047], [1507.204803779275, 569.0252315763327]], [[1250.363290893303, 544.4530544585483], [1267.1712274448007, 544.1086964510487], [1267.9562939001112, 579.167290383561], [1251.1360637599762, 579.2910746703359], [1246.6933085705712, 544.4367090287047], [1263.7493436678296, 544.0866789603031], [1264.5455767474562, 579.7122717941063], [1247.4768688247598, 579.8345589899068]], [[-369.71582104052334, 516.4170915751898], [-199.74342633802038, 519.2566167219279], [-199.1416475240123, 670.5003938016057], [-369.4076576588969, 683.491615913004], [229.64838188967963, 476.04906739386183], [388.3753570990279, 485.3798433205893], [390.78575830841055, 697.392574037386], [231.94071919480862, 720.5354174885802]], [[1636.298330358203, 550.4673478400383], [1686.791298334283, 549.6657506637767], [1687.8668864829308, 588.5533759896117], [1637.3318771674499, 588.7117690541344], [1649.9684525946552, 550.9404900061089], [1705.4329036596303, 550.0726623065676], [1706.6190419241073, 592.597638327836], [1651.1040849702729, 592.6974986608022]], [[-848.8804076338259, 450.6069185600897], [-517.3341263598022, 468.1814515449156], [-517.3364284530153, 714.2755043539785], [-850.1220499269652, 747.9055546215684], [-184.6168953310797, 427.24820814210716], [46.99194353592546, 450.2519609727311], [48.84928175677607, 712.4605255290609], [-183.2765649609557, 748.3897536761004]], [[1418.900583950722, 544.9536019263145], [1331.3863624251323, 546.6186583229915], [1333.1467394029978, 622.5022262955598], [1420.7969479879114, 623.0012896755625], [1418.2482880897765, 545.1955445260426], [1342.821013942692, 546.6251477642936], [1344.3477611454823, 612.0330533946947], [1419.8758969047342, 612.204997504423]], [[1563.4084858961266, 548.298692473844], [1592.5833853948416, 547.8003380463806], [1593.1715062259127, 570.0129273660549], [1563.9830172344732, 570.3025249146724], [1568.9618841445267, 548.423682877016], [1599.7200173747506, 547.9004801277825], [1600.3410388656646, 571.2766198844913], [1569.5678258983917, 571.5687362980201]], [[1399.2022148494548, 555.1471012348311], [1270.973883707283, 557.1568454874733], [1273.2009388453998, 656.4148006767972], [1401.699969253747, 659.0161835422213], [1410.976245612734, 553.3465188873128], [1306.1712129060447, 555.0475040798368], [1308.019337494515, 635.8241642490972], [1413.0039311044561, 637.15084349525]], [[1614.4201961364847, 544.7619410902594], [1653.0826340681765, 544.0685477957676], [1654.042371819437, 579.3042496865098], [1615.3513069929254, 579.5671467659121], [1626.254451132711, 544.6776648813354], [1668.0065352228894, 543.9305634543399], [1669.046195707855, 581.8397185128415], [1627.2608398190318, 582.0889804977047]], [[1591.2214983283618, 545.7889735070332], [1626.1544877855047, 545.1693471221093], [1626.9057221341109, 573.0970755648343], [1591.95225254417, 573.4057828701469], [1600.1187277553538, 545.7824446231335], [1637.4898796612074, 545.1213886880237], [1638.2955062451613, 574.913568818251], [1600.9009761939556, 575.2210688762909]], [[1370.4001096457905, 545.1935700150702], [1367.1906137337587, 545.2156081875358], [1368.2290029510937, 589.1253284374807], [1371.4235166154494, 588.3961268089083], [1345.312742913529, 545.6815095817781], [1341.7307590085047, 545.7112155836759], [1342.744376934353, 589.1609504583826], [1346.312127883787, 588.4387026338491]]], "objects_token": ["dd5c47d0332c9f88f98449d8965d8b57d7e0f584c50c503b05bbadba4075ada6", "e1698b46be065011bb34b865422ab77a73dc15389b58b859dc9083a5af64c19c", "7e4ceb68e42f8b234a5fa3db15445fdb6b4bd0cc3c011628be4fae13ab893a08", "67c417ee2f6aca95838793a32a3005dfaddcfcd57eb500d5f4f450a6bb70465e", "78fd403c966c6ef49582b19ab0645a83898cc4ce57a4f7b3aedf64ad13d0ac09", "ce80a9d9618ef17621e5d2a10648195619592dd8155781b253e045cbf7c751f6", "5c4674d1496f6ce21472c92b2040b08a39055ccc6472f04dae34888501aaf58d", "e65fe1c46da92f6f8abf6f7435fac875725488105dfcb88cf29bb6d92480ae3d", "ae8f5f1c72059a21b8bdbc0b0fc6b6355632b33863af20377df313ade81ab0f5", "592a802bb02029030a76b352d1fd7e39b4d4ca9cb72ab1a6e0437981b0c9cdcc", "8a16e0d932be0e917da81c78f6b9bfb6fd36379338f7dbe05a10da22459096dd"], "objects_type": ["car", "pedestrian", "bus", "car", "truck", "car", "car", "car", "car", "car", "pedestrian"], "cam_intrinsic": [[1109.05239567, 0.0, 957.849065461], [0.0, 1109.05239567, 539.672710373], [0.0, 0.0, 1.0]], "ego_translation": [0.0, 0.0, 0.0], "ego_rotation": [[1.0, 0.0, 0.0], [0.0, 1.0, 0.0], [0.0, 0.0, 1.0]], "cam_translation": [1.5039405282244198, -0.02676183592864872, 1.6584901808053665],