{"scene_token": "da4ed9e02f64c544f4f1f10c6738216dcb0e6b0d50952e158e5589854af9f100", "sample_token": "685df79f20f4ead479f8b6f87704c8becc505c362aff56df96f3fc96c3bee4d0", "map_patch": [-10, -40, 70, 40], "egobbox": [[2.0458276911004076, -0.8653367766183728], [2.045835310117179, 0.8646630669246533], [-2.038114902473287, 0.8646724769180667], [-2.0381225214900582, -0.8653273666249595]], "map_objects_center": [[18.587523983562054, -18.753424626320278], [68.10175516372705, -12.836239210099095], [33.199976133744876, 1.2022454345077556], [70.09653381173392, 5.07104276662762], [93.2149292180107, -14.975604725516323], [42.91507359909043, 0.24326010386159602], [26.400671395004707, 25.855900597379897], [81.29309603547323, -13.625304205639699], [22.89850771997097, 10.729345229944096], [75.30212625942471, -13.463484991390436], [81.06261081036921, -9.176916563585136]], "map_objects_elevation": [-0.009829973931338332, -0.2956624232853572, 0.08790968749444716, 0.05701637202373355, 0.1385876476291764, 0.029088122977284248, -0.35801672666736795, 0.12200229974413557, -0.022782729925635792, -0.06842796721109456, 0.12477986671398478], "map_objects_bbox": [[[19.852336240950862, -16.107325950239012], [17.84440387420773, -15.916285089203145], [17.322711726173246, -21.399523302401544], [19.330644092916376, -21.59056416343741]], [[70.33202159421108, -14.115473609674101], [70.58554971112794, -12.171939845127522], [65.87148873324301, -11.557004810524088], [65.61796061632616, -13.500538575070667]], [[31.06332060734119, 2.410672267828078], [30.851696821823875, 0.48727933516888633], [35.33663166014856, -0.006181398812566741], [35.54825544566587, 1.9172115338466247]], [[70.56694106217634, 4.591289164524207], [70.6467902996632, 5.456612860763233], [69.6261265612915, 5.550796368731033], [69.54627732380465, 4.685472672492008]], [[95.25005783645872, -16.05536523432087], [95.43250192283445, -14.351102884990073], [91.17980059956267, -13.895844216711776], [90.99735651318694, -15.600106566042573]], [[40.674931953259026, 1.390593820184707], [40.52914494763042, -0.5579600407567464], [45.15521524492183, -0.904073612461515], [45.30100225055043, 1.0444802484799385]], [[28.51757359984451, 35.18465882423648], [25.88099113344088, 35.40770343379465], [24.283769190164904, 16.52714237052331], [26.920351656568535, 16.30409776096514]], [[83.32822465392125, -14.705064714444244], [83.51066874029698, -13.000802365113449], [79.2579674170252, -12.545543696835153], [79.07552333064947, -14.249806046165949]], [[21.61281799328955, 14.953804003172433], [19.462499954671316, 13.502953103599005], [24.184197446652387, 6.5048864567157585], [26.33451548527062, 7.955737356289188]], [[77.39194240950236, -14.549099890364566], [77.5743864958781, -12.844837541033769], [73.21231010934706, -12.377870092416305], [73.02986602297132, -14.082132441747103]], [[83.51815485014396, -10.519029997213865], [83.80213844352453, -8.60599332252865], [78.60706677059446, -7.834803129956407], [78.32308317721389, -9.747839804641622]]], "image_objects_bbox": [[[2016.0811752718723, 529.3347434417391], [1913.9755091716165, 533.995857350702], [1917.8732843294035, 670.3210778750262], [2020.872963820374, 682.1163177789763], [2427.635314035819, 526.8891892973152], [2277.0296528204526, 531.9573145633724], [2282.4232569045766, 672.2849595717801], [2434.346820468562, 684.7156920677263]], [[1154.013398800849, 575.7182733223617], [1185.9216160136366, 575.6450341270902], [1186.1715969797592, 603.9069476192791], [1154.2381245186466, 603.8754290053225], [1157.5981964971652, 575.9440965223422], [1191.8545972477107, 575.8664017796948], [1192.1277504416423, 606.1973661314133], [1157.8422399330739, 606.1544357157328]], [[940.3761310245446, 571.9161507340391], [869.1812459251629, 572.1145971123404], [869.1972881721636, 631.8753232207138], [940.50834534822, 632.1103736244704], [958.9710576883887, 572.0162278444458], [896.9399558861887, 572.1881808288762], [896.9929638253374, 624.1483341544827], [959.112235214043, 624.3037851157301]], [[872.304199364945, 569.492467845067], [886.0298828820903, 569.4513952528739], [886.0512538794952, 598.9381164829992], [872.3145971030156, 598.9446290328988], [869.4712977363707, 569.4442038901733], [883.398357186375, 569.4024611176635], [883.4179143840936, 599.3293616789427], [869.4795571840932, 599.3355055018004]], [[1128.515470391203, 572.0461010371372], [1148.9500827396278, 571.9904954149451], [1149.0954906085778, 590.5260459877798], [1128.6503545928717, 590.5451496221572], [1130.8623493075097, 572.0157798033221], [1152.2691708480077, 571.9574791782983], [1152.423210778387, 591.3709315465455], [1131.0048402723967, 591.389194336587]], [[974.6446241911174, 567.4210940425395], [919.897247641205, 567.5883444960169], [919.9818735852505, 619.1245274363279], [974.8062790435179, 619.1529159282736], [981.8355548411696, 567.9847234450895], [932.7986888307676, 568.1325463558919], [932.8905582603041, 614.264189032868], [981.9892123394659, 614.2730613344949]], [[-623.4844534815694, 510.89061664513116], [-462.5480010761907, 516.8260984562256], [-467.64061371463174, 658.8817316145191], [-629.8059604898933, 668.0610672228369], [167.79977237716582, 504.10811640322777], [258.18888480963665, 511.1104856166212], [255.72616037988178, 662.1551655805257], [164.64342168415305, 672.3568612185907]], [[1134.710782017017, 572.1794537792899], [1158.1244636151898, 572.1160811559658], [1158.296256074936, 593.342762930754], [1134.8687582551902, 593.3582785372172], [1137.7532819150806, 572.1517653052093], [1162.4522050367189, 572.0848676175374], [1162.6360037380782, 594.4708496483918], [1137.9217057392298, 594.4845266775397]], [[142.47967281880705, 476.53699881701715], [149.80503359884057, 486.8597352233113], [146.33852799034293, 666.8701854987672], [138.5649702591811, 677.687763118365], [645.4111466300085, 495.3077730396012], [608.478717682781, 502.1044464204576], [607.4827812029753, 648.4694324024412], [644.4823509815833, 655.3487705295902]], [[1146.012911452729, 571.5028287121979], [1171.2773285760195, 571.4328730092158], [1171.499368230248, 597.7110694537479], [1146.216475543447, 597.7171693911819], [1150.07972378936, 571.4310824822093], [1176.8881065949654, 571.3566953374059], [1177.1278688362233, 599.2310282716625], [1150.2986829146287, 599.2335774732084]], [[1075.0287189074693, 565.8560567999966], [1101.2023925057158, 565.762229535274], [1101.3835462745883, 593.4071855056118], [1075.1897119121718, 593.4048133671636], [1071.6921141150494, 565.406189183537], [1099.614926833945, 565.3043704139018], [1099.8070138743612, 594.8110439954053], [1071.8612541051625, 594.8032958769929]]], "objects_token": ["ad94311a8b73209efd08997fd43274ed7894e82129eeeae155879960484a3ccb", "18a087cf8a9ae22d17078bbf0db54880dfc092bc5c7da3fa414836e9cad8dc33", "5a778cdab7a8d7222a902783acc21f996126f49731aade89eac8f4076e608a7b", "dad57350b7e291eb56c779dd2c5f56775da1a01945e8f6bd0e773f6b72332104", "49896676b3c1c24872818d5c7f4ede9b05044d362533c4f99263f34f760db795", "6e77f1d62fa5269b340ee8a25c9553df23a6b78ac0c76912bfbbaa427ab3009d", "dd71207ff8398f4784c724f56093e39a52c07ec18b26cd94f419b8b00fc0e77e", "d8703e3504b1877e99c9119cc8f30c34b88e9f05902fa9d5c33f3e96c444972a", "b3e2076299451d4b4b65e555612e9552c8cbf4515c866676fff86d19fa606304", "2e7c8b85a50382c18cbcfcbfe36c0ec05f4739e593a42a12ce1141fa07a58610", "4a3c640ee46ce5ae359276e548f110e007eb9f303fbdd2ee3b6f740a1e9f7909"], "objects_type": ["car", "car", "car", "pedestrian", "car", "car", "bus", "car", "truck", "car", "car"], "cam_intrinsic": [[1109.05239567, 0.0, 957.849065461], [0.0, 1109.05239567, 539.672710373], [0.0, 0.0, 1.0]], "ego_translation": [0.0, 0.0, 0.0], "ego_rotation": [[1.0, 0.0, 0.0], [0.0, 1.0, 0.0], [0.0, 0.0, 1.0]], "cam_translation": [1.5039405282244198, -0.02676183592864872, 1.6584901808053665], "cam_rotation": [[0.006759426271296165, 0.02533582536529963, 0.9996561439362748], [-0.9999683364602721, 0.004369557390585865, 0.006650792816400852], [-0.004199551566444137, -0.999669446827935, 0.02536455884440647]],