{"scene_token": "da4ed9e02f64c544f4f1f10c6738216dcb0e6b0d50952e158e5589854af9f100", "sample_token": "c12f574c35886b2b3a3018a8c18d0361e24953c34c414862c92f83a94164e44c", "map_patch": [-10, -40, 70, 40], "egobbox": [[2.043467404979849, -0.826995244380872], [2.044177259140565, 0.9009504247217498], [-2.0398112090426603, 0.9030898901280952], [-2.0405210632033763, -0.8248557789745267]], "map_objects_center": [[51.539663371242874, 20.287950869433647], [44.2855429402824, 19.840680046368938], [30.00996783998591, 18.559805420763535], [38.824945137153996, 0.23550883921470422], [33.00937158116492, 9.96809507600393], [37.12615727767315, 19.33444055458085], [95.66861697130217, 18.62833787948223], [11.792681742440257, -2.1485199476778236], [50.625022287391424, 1.1869492359656668], [44.07510442759309, 0.6795587730693775], [77.45007878296978, 38.91015343365316], [37.70494996871557, 22.553591752252398], [29.17305559257547, 22.375944585022616], [34.31477510857714, -0.13215825824270233], [20.07445370157512, 17.80737314732003], [98.31856963869654, 9.370482789556913]], "map_objects_elevation": [0.38705977431193705, 0.4272253020877871, 0.21663491066926777, 0.08324705605781801, 0.1474013565895136, 0.2010525055735346, 0.10938051398483284, -0.33787744127858854, 0.041677874077538646, 0.018036046359389046, -0.1553169098778543, 0.29873542329058467, 0.09054027421445265, 0.10991983406019135, 0.36116051776393876, 0.6188915885217372], "map_objects_bbox": [[[48.95616000848515, 21.142136373068276], [49.02339311938766, 19.252331962871715], [54.1231667340006, 19.43376536579902], [54.055933623098085, 21.32356977599558]], [[41.75483545932401, 20.550898249332825], [41.87236035729006, 18.79883549407602], [46.81625042124078, 19.13046184340505], [46.69872552327473, 20.882524598661856]], [[27.28451264526065, 19.30079140682879], [27.475692442646384, 17.31296362629257], [32.73542303471117, 17.81881943469828], [32.54424323732544, 19.8066472152345]], [[40.886963154662304, -0.34072110227662367], [40.66194013146185, 1.3352400067678931], [36.76292711964569, 0.8117387807060321], [36.987950142846145, -0.8642223283384847]], [[37.364368352740755, 9.23799020712272], [37.022920370909986, 11.809419629779251], [28.654374809589086, 10.69819994488514], [28.99582279141985, 8.12677052222861]], [[34.32496279228047, 20.09516895881304], [34.45165677397166, 18.20641338039554], [39.92735176306583, 18.573712150348662], [39.80065778137464, 20.462467728766164]], [[93.52094658476173, 19.80531840641427], [93.27919370052109, 18.09128324255055], [97.81628735784261, 17.451357352550193], [98.05804024208325, 19.165392516413913]], [[21.35640877875079, -2.353776311630323], [21.04677205579589, 0.2740442872305948], [2.2289547061297252, -1.9432635837253243], [2.5385914290846205, -4.571084182586242]], [[53.26470817410182, 0.4709578467004283], [53.11441959574975, 2.3198597757428843], [47.98533640068103, 1.9029406252309053], [48.135624979033096, 0.05403869618844914]], [[46.67523852074218, -0.008592335077491686], [46.44731984645736, 1.947171985568596], [41.474970334444, 1.3677098812162467], [41.70288900872882, -0.588054439429841]], [[76.60002719786732, 36.311582999228726], [78.75895273632659, 36.509735767032595], [78.30013036807225, 41.50872386807759], [76.14120482961297, 41.31057110027372]], [[35.21766722742263, 23.52922376016639], [35.29333566394119, 21.403570145930328], [40.192232710008504, 21.577959744338408], [40.11656427348994, 23.70361335857447]], [[26.669057473095904, 23.245166028409052], [26.868093614796624, 21.06724187585073], [31.677053712055034, 21.50672314163618], [31.478017570354314, 23.6846472941945]], [[36.757692161763714, -0.7044495051181007], [36.517439292537055, 1.069353910942528], [31.871858055390557, 0.440132988632696], [32.11211092461722, -1.3336704274279327]], [[14.053957290341424, 18.65397648556185], [14.450492947467051, 15.497788837048546], [26.094950112808817, 16.960769809078208], [25.69841445568319, 20.11695745759151]], [[100.5282328149217, 8.152651459842257], [100.73854510537191, 10.084235716478656], [96.1089064624714, 10.588314119271569], [95.89859417202118, 8.65672986263517]]],