{"scene_token": "da4ed9e02f64c544f4f1f10c6738216dcb0e6b0d50952e158e5589854af9f100", "sample_token": "e8ef5edc8e63ab903a5138b79d576a808b9877f6ce94bad1df35dbf59fd00949", "map_patch": [-10, -40, 70, 40], "egobbox": [[2.04266838609173, -0.8618451982938351], [2.042659332555771, 0.8681407829658079], [-2.0413391887133763, 0.8681334012197508], [-2.041330135177417, -0.8618525800398922]], "map_objects_center": [[23.839595992040117, 15.826827058996692], [45.91750592433656, 7.436767304528925], [28.263341928834855, -22.5610868690899], [23.72611084585075, 22.475073292737726], [72.00138991064134, -9.865645155562373], [19.87105119380808, 14.249354436792702], [83.8272501260813, -7.191375542676141], [15.481512984746972, 9.65190024526797], [13.19815826712707, 1.0255350215578511], [38.62194124446389, -24.32020113310587], [39.18949289183141, 28.067807974087223], [28.089131067034447, 5.466267706292324], [35.090866292170624, 28.85793131885101], [38.401777398598874, -29.420146872244946], [91.0549832078956, -7.246360412038229]], "map_objects_elevation": [0.39151102506276214, -0.09608015961080563, 0.16660253494180577, 0.32550241093627375, 0.06827140151346223, 0.22954700852235332, -0.28077910396127215, 0.17394919790028462, 0.13441032099812822, -0.06811451659245593, -0.1641898913368416, 0.271540999860168, 0.2122155786149018, -0.20272617352747324, -0.062466469699431704], "map_objects_bbox": [[[22.837913041781615, 13.60990210150232], [24.763622109367763, 13.57642693135352], [24.84127894229862, 18.043752016491066], [22.91556987471247, 18.077227186639863]], [[41.78743519739696, 8.999318356647418], [41.622631511389436, 6.4105588573740055], [50.04757665127616, 5.874216252410432], [50.21238033728368, 8.462975751683844]], [[29.250200402103054, -20.284407521061556], [27.395823965693683, -20.23631352882049], [27.276483455566655, -24.83776621711824], [29.130859891976026, -24.885860209359308]], [[22.644638965757103, 19.839471877013658], [24.715326130331825, 19.803476509735276], [24.8075827259444, 25.110674708461794], [22.73689556136968, 25.146670075740175]], [[72.74028785338149, -7.1665721980055785], [70.81337216404636, -7.331956375586547], [71.26249196790118, -12.564718113119167], [73.18940765723632, -12.399333935538198]], [[18.829390858065736, 11.590165040577917], [20.926383914571463, 11.595561425179673], [20.91271152955042, 16.908543833007485], [18.815718473044694, 16.903147448405733]], [[86.15195449198097, -8.289682699698714], [86.25052951282657, -6.332163104582158], [81.50254576018162, -6.093068385653568], [81.40397073933602, -8.050587980770125]], [[14.706314437888672, 7.209750277934109], [16.672663624888692, 7.383378831992361], [16.256711531605273, 12.094050212601832], [14.290362344605253, 11.920421658543582]], [[11.44022566257469, 2.8230258999357325], [10.68841222434887, 1.175452668148122], [14.95609087167945, -0.7719558568200302], [15.70790430990527, 0.8756173749675803]], [[39.71448066719989, -21.726037325678185], [37.74411621723194, -21.645738295157802], [37.529401821727895, -26.914364940533552], [39.49976627169584, -26.994663971053935]], [[40.55980103999616, 37.53508110731166], [37.91383405190899, 37.54829844262986], [37.81918474366665, 18.600534840862785], [40.46515173175382, 18.587317505544586]], [[28.957146571207126, 7.705990699100999], [27.259207569412176, 7.720383273004559], [27.22111556286177, 3.226544713483649], [28.91905456465672, 3.21215213958009]], [[36.094941016609624, 31.339130715865032], [34.26104287376112, 31.40271217272805], [34.08679156773162, 26.376731921836985], [35.92068971058013, 26.313150464973965]], [[39.339154600398686, -27.073328977403943], [37.574632756767336, -27.032247797432657], [37.46440019679906, -31.76696476708595], [39.22892204043041, -31.808045947057234]], [[93.22432255801245, -8.16279809897315], [93.27101567788135, -6.449434228525045], [88.88564385777876, -6.329922725103307], [88.83895073790985, -8.043286595551411]]], "image_objects_bbox": [[[318.83493549708425, 556.0887021517545], [259.0248030261245, 554.9677787272309], [258.314889788694, 640.3352815462483], [318.29448305462864, 634.4087326683181], [110.58120365509845, 557.8828684955771], [32.45329432908856, 556.9278799885799], [31.291524767690728, 641.8747152334345], [109.65905530810693, 635.848676797315]], [[787.1682748122895, 526.9513312003761], [716.8530309963974, 527.7241103129402], [717.0832385167306, 619.1227913734926], [787.5523810288984, 618.7624613969086], [830.2667069156016, 534.0856546440001], [771.9236252475308, 534.6985232937661], [772.2126157422389, 610.3109087803361], [830.6616040906088, 609.9800977523092]], [[1835.171831036771, 552.4867189798714], [1778.7163065010507, 553.560883723983], [1780.6113833431307, 622.1146475859556], [1837.301689239017, 625.9800769474667], [2039.5321127597306, 550.7533427543915], [1968.9767745430408, 551.9503411798398], [1971.1924965959618, 620.8751457825493], [2042.0319006049506, 624.6733045920219]], [[22.748113350590017, 561.653586036897], [-70.83808421310059, 560.9809660158069], [-72.22429637830493, 646.9804822734785], [21.658537405009838, 640.0149281385956], [-222.9413681583467, 563.753964155207], [-339.7343033330891, 563.2884755035725], [-341.6561208989921, 648.7813000619664], [-224.47804774109872, 641.6944030781654]], [[1082.182749940266, 560.4171690802204], [1076.4425135888123, 560.6633266204528], [1076.7949587122353, 592.633576162778], [1082.5494743072388, 593.2776854584943], [1164.7915334844201, 559.7816575455599], [1156.8606647387846, 560.0434976519083], [1157.2715404115627, 591.8279614033561], [1165.2199140322155, 592.4459287749711]], [[303.77304285298953, 568.6509425239741], [224.40905249832204, 568.6391306918257], [223.51787062023757, 666.2271354445244], [303.1413449017111, 655.7241532045467], [2.5771352643898306, 571.1334918675117], [-112.93471049106495, 571.4204297404937], [-114.60257441800691, 668.8961768183283], [1.326439055849238, 658.1173226597921]], [[1047.8801821711854, 570.4242735460174], [1073.6626411959896, 570.2154085759859], [1073.9156235960197, 593.306350099673], [1048.1187683995847, 593.484942599316], [1049.4613320872604, 570.5523968534824], [1076.7786619159663, 570.3312944548637], [1077.048494945763, 594.7957620410034], [1049.7150034208132, 594.982886087481]], [[424.67179413117304, 573.441055456569], [358.9294297243251, 574.0216746531307], [358.18873180885504, 698.5221983260603], [424.19559310181387, 681.8032370769113], [58.31063015789299, 576.4604563742093], [-65.42358757352032, 577.520182237123], [-67.47357776208364, 705.7689429802654], [56.85863696525919, 687.6510924712516]], [[819.276521077938, 529.1912374216078], [647.0297101738242, 533.7248794167336], [647.2099923523217, 742.0518352315033], [820.3920959526636, 754.8499062504206], [1026.0079800733477, 540.370806131172], [894.2135261921864, 542.9483629404847], [895.1927316405994, 688.757172948259], [1027.523579657148, 694.4629915483304]], [[1629.5068768204535, 561.0745107426105], [1597.483638727159, 561.4511347475591], [1598.7095007807918, 613.9486537569561], [1630.8416594316423, 616.4397306321403], [1797.1594742778593, 559.6807657555457], [1756.1936619049256, 560.132459531082], [1757.6260301701948, 612.9747057836425], [1798.7246772651688, 615.4295409749471]], [[-171.11364838354177, 527.1403322138032], [-94.3204671983326, 529.933606656536], [-95.97385228676184, 629.0179032040229], [-173.0796975747351, 633.3786892550879], [398.2703667457647, 522.1531256660012], [436.9914172081299, 525.2992535528025], [436.58215909304386, 624.9280096594237], [397.733366018585, 629.0176513710387]], [[632.0203473061788, 557.8854353814978], [653.1707244123949, 558.549595884598], [653.2402529008599, 627.3782294497304], [632.0577444540719, 631.2474747441269], [824.7772572373647, 556.2648716345176], [834.0555294947409, 557.0309163378188], [834.4205216876433, 626.0267207954627], [825.1502117970354, 629.8168591720573]], [[-92.56233954647591, 572.2544298223817], [-34.80081968132229, 572.0518487980579], [-35.581026433066995, 623.1718754743777], [-93.45972009196794, 626.2212850832325], 