{"scene_token": "da4ed9e02f64c544f4f1f10c6738216dcb0e6b0d50952e158e5589854af9f100", "sample_token": "29fd7d429450b8ac7478323ef9d5eede87fd184d74c3c36cd2e2853281043459", "map_patch": [-10, -40, 70, 40], "egobbox": [[2.04266838609173, -0.8618451982938351], [2.042659332555771, 0.8681407829658079], [-2.0413391887133763, 0.8681334012197508], [-2.041330135177417, -0.8618525800398922]], "map_objects_center": [[38.62194124446389, -24.32020113310587], [91.0549832078956, -7.246360412038229], [15.481512984746972, 9.65190024526797], [24.797401571422867, -19.063278279119377], [35.19963978950233, -10.573149823459907], [76.64739599328205, 5.72955835446346], [9.061005190809047, 2.2397345917757794], [20.556230070062906, -2.826702446572771], [28.76169583649542, 22.416381226839476], [23.839595992040117, 15.826827058996692], [83.8272501260813, -7.191375542676141], [47.922299389638766, 4.033132673466589], [28.267751699033216, 5.439505333176882], [85.062722674061, -4.0855272908577085], [32.84214218899708, 17.78602035240134], [19.87105119380808, 14.249354436792702], [39.18949289183141, 28.067807974087223], [57.68291109211377, 3.847627994544343], [23.72611084585075, 22.475073292737726]], "map_objects_elevation": [-0.06811451659245593, -0.062466469699431704, 0.17394919790028462, 0.21919183476500625, 0.13434377746635695, -0.07160667703111168, 0.05085353820237093, 0.14396101314697285, 0.27881538484920754, 0.39151102506276214, -0.28077910396127215, 0.1859585723741779, 0.31595264519516764, 0.14345006414746342, 0.10541738985274751, 0.22954700852235332, -0.1641898913368416, 0.1146921461755418, 0.32550241093627375], "map_objects_bbox": [[[39.71448066719989, -21.726037325678185], [37.74411621723194, -21.645738295157802], [37.529401821727895, -26.914364940533552], [39.49976627169584, -26.994663971053935]], [[93.22432255801245, -8.16279809897315], [93.27101567788135, -6.449434228525045], [88.88564385777876, -6.329922725103307], [88.83895073790985, -8.043286595551411]], [[14.706314437888672, 7.209750277934109], [16.672663624888692, 7.383378831992361], [16.256711531605273, 12.094050212601832], [14.290362344605253, 11.920421658543582]], [[25.722446562076605, -16.682526713905897], [23.966786828752802, -16.64795937693293], [23.87235658076913, -21.444029844332857], [25.628016314092932, -21.478597181305823]], [[36.01397378486178, -7.957455433053813], [34.252550749439195, -8.00254301762742], [34.38530579414287, -13.188844213866002], [36.14672882956546, -13.143756629292394]], [[72.62358840985074, 7.548355355648781], [72.29656037237591, 4.975052290966084], [80.67120357671335, 3.91076135327814], [80.99823161418819, 6.484064417960837]], [[7.4326386412764895, 3.662953348806278], [6.923730180230126, 1.909303389927533], [10.689371740341603, 0.816515834745281], [11.198280201387966, 2.570165793624026]], [[19.98313561722797, -0.36269879435757524], [18.398551235309103, -1.5060309143379471], [21.129324522897843, -5.290706098787966], [22.71390890481671, -4.147373978807595]], [[29.638384165022707, 24.34754948067549], [27.9405575733442, 24.371816012964803], [27.885007507968133, 20.485212973003463], [29.58283409964664, 20.46094644071415]], [[22.837913041781615, 13.60990210150232], [24.763622109367763, 13.57642693135352], [24.84127894229862, 18.043752016491066], [22.91556987471247, 18.077227186639863]], [[86.15195449198097, -8.289682699698714], [86.25052951282657, -6.332163104582158], [81.50254576018162, -6.093068385653568], [81.40397073933602, -8.050587980770125]], [[45.69652721525196, 5.068280236727707], [45.638127004561326, 3.1341617255212997], [50.14807156402557, 2.9979851102054713], [50.206471774716206, 4.932103621411879]], [[29.21611147084835, 7.890028745267195], [27.314112575249876, 7.887979076468762], [27.31939192721808, 2.9889819210865696], [29.221390822816556, 2.9910315898850026]], [[87.31261892574597, -5.02653903714676], [87.34794590557728, -3.2338870897526215], [82.81282642237605, -3.1445155445686566], [82.77749944254474, -4.9371674919627955]], [[34.2503055642968, 23.152523721305947], [31.511376516275124, 23.172238434163802], [31.433978813697358, 12.419516983496734], [34.17290786171903, 12.39980227063888]], [[18.829390858065736, 11.590165040577917], [20.926383914571463, 11.595561425179673], [20.91271152955042, 16.908543833007485], [18.815718473044694, 16.903147448405733]], [[40.55980103999616, 37.53508110731166], [37.91383405190899, 37.54829844262986], [37.81918474366665, 18.600534840862785], [40.46515173175382, 18.587317505544586]], [[55.35882452720401, 4.813666756088596], [55.36804935387666, 2.8596885313959923], [60.00699765702353, 2.88158923300009], [59.99777283035088, 4.835567457692694]], [[22.644638965757103, 19.839471877013658], [24.715326130331825, 19.803476509735276], [24.8075827259444, 25.110674708461794], [22.73689556136968, 25.146670075740175]]],