{"scene_token": "da4ed9e02f64c544f4f1f10c6738216dcb0e6b0d50952e158e5589854af9f100", "sample_token": "c50496833dc431071c10df0c5feea3519a49c81258e465678f331ac535e86f39", "map_patch": [-10, -40, 70, 40], "egobbox": [[2.055665830498881, -0.8692233242773191], [2.0558848114048174, 0.8607519635172951], [-2.027448726722618, 0.8608745960511455], [-2.0276677076285545, -0.8691006917434687]], "map_objects_center": [[80.96954243962284, -9.567995508801012], [28.05890238032522, -25.098608291457314], [68.00087502822826, 7.573863366917237], [24.591482852668964, -17.691717031806334], [21.259864297228727, -18.709625368433663], [38.185749992026665, 2.970579016886953], [81.25301536088902, -4.475502740822712], [73.74650771807123, -9.302412931375112], [30.16070047086121, 27.253176532698667], [97.78087922057884, 2.177447539206973], [73.79876227423593, 8.72155189276524], [47.93674274666121, 2.499452364546343], [86.96117911397053, -9.429471143161088], [29.549046543566874, 9.235916191584307]], "map_objects_elevation": [-0.046805142065140526, 0.020157236593977168, 0.04672396249446298, 0.0844672541048157, 0.14362978924958436, 0.14769312992966555, 0.10240626399524055, -0.2659157097091407, -0.3109963084668641, -0.23644722854097255, 0.04885239356407012, 0.07800640500690192, 0.13656011600629003, -0.012932236186982804], "map_objects_bbox": [[[83.11111248908982, -10.54757142378973], [83.20796318778476, -8.836309917718172], [78.82797239015586, -8.588419593812294], [78.73112169146093, -10.299681099883852]], [[29.226945913357156, -22.53755332232013], [27.25977824570338, -22.399584603627787], [26.890858847293288, -27.6596632605945], [28.858026514947063, -27.79763197928684]], [[67.52666384171201, 7.09786940625928], [68.39286339628588, 7.028160499683126], [68.47508621474452, 8.049857327575195], [67.60888666017065, 8.11956623415135]], [[25.722167693367844, -14.985586946054035], [23.707186743702017, -14.895360716587202], [23.460798011970084, -20.397847117558634], [25.47577896163591, -20.488073347025466]], [[22.31126348901938, -16.693080243845085], [20.43712446007929, -16.589485358819367], [20.208465105438073, -20.72617049302224], [22.082604134378165, -20.82976537804796]], [[35.99124786356492, 4.070466583039463], [35.876230070947166, 2.1388879780167893], [40.38025212048841, 1.8706914507344437], [40.49526991310616, 3.8022700557571167]], [[83.77270191977156, -5.692936371451767], [83.96050742415319, -3.768076612268267], [78.73332880200648, -3.2580691101936576], [78.54552329762485, -5.182928869377157]], [[76.03804991025387, -10.468330330441946], [76.193910605535, -8.514537239127904], [71.45496552588858, -8.13649553230828], [71.29910483060746, -10.090288623622321]], [[31.807679596687034, 36.67625802226958], [29.163234619585637, 36.766959527677], [28.51372134503539, 17.830095043127756], [31.158166322136786, 17.73939353772033]], [[98.20360202468964, 4.563250691372862], [96.42971499422131, 4.188692547506975], [97.35815641646803, -0.2083556129589157], [99.13204344693636, 0.166202530906971]], [[74.2989221976212, 8.272902195296002], [74.32320218857775, 9.141562935769029], [73.29860235085066, 9.170201590234477], [73.2743223598941, 8.30154084976145]], [[45.64194447573958, 3.533140008747954], [45.59394110230517, 1.5797297404891544], [50.23154101758284, 1.4657647203447322], [50.27954439101725, 3.419174988603532]], [[89.04783703809683, -10.405939246931474], [89.14468773679177, -8.694677740859914], [84.87452118984423, -8.453003039390701], [84.7776704911493, -10.164264545462261]], [[26.90399306813052, 12.771837869461528], [25.374856532253297, 10.676467387984472], [32.19410001900322, 5.699994513707086], [33.72323655488045, 7.795364995184143]]], "image_objects_bbox": [[[1082.54295904365, 586.7841047877472], [1105.8897678934181, 586.8157679273149], [1105.996119363114, 611.2974759785892], [1082.6270105206333, 611.2342631481197], [1085.7191046681428, 586.7374070688059], [1110.388850938452, 586.7707949868608], [1110.5057333667244, 612.6365607915358], [1085.8110869714105, 612.5679576294825]], [[1918.4190004443853, 583.3142067361783], [1856.7382320776117, 583.617916216116], [1859.1391556590092, 655.2860945061442], [1921.1867451497378, 660.4185851477729], [2161.2425423662603, 583.5699115181337], [2081.3567700733943, 583.8597385833096], [2084.426318298142, 656.5595550854007], [2164.791457226549, 661.8696732216597]], [[846.8807868421862, 584.0489803868903], [844.1968436547663, 584.0020441714521], [844.017301611576, 614.8673866519221], [846.7067332820186, 614.5167098897621], [830.1966305924659, 584.0298125095718], [827.2989962561618, 583.9826884093997], [827.0994649361113, 614.8074052834385], [830.0030903166809, 614.4579556857301]], [[1696.4500052046415, 554.7761341390873], [1640.3119408097277, 557.4721469083993], [1642.925041684327, 661.488183849936], [1699.54539876063, 668.1312504255671], [1980.2293979166514, 554.7586697298477], [1899.8800083827405, 557.486616560841], [1903.5841523518864, 662.6836036247892], [1984.6291178240924, 669.5177511913245]], [[1920.5299186512734, 585.0280421208914], [1840.8973815215968, 585.2575732344542], [1843.7009989298958, 670.5170575545428], [1923.8975243790765, 678.6359557986392], [2175.4296654690947, 585.3359142221027], [2071.9111488078092, 585.5404981429374], [2075.5224289529915, 671.8259313369516], [2179.7804892959357, 680.1819895660556]], [[893.9670101859518, 585.3003531025153], [832.7057173335435, 585.2218124006564], [832.3841187139459, 636.5720121430439], [893.7668386050564, 636.8355241676612], [909.5204796536701, 585.5661506741989], [855.2174171314695, 585.4957515654015], [854.9724116371569, 630.9622417679523], [909.3708636654652, 631.1775927542469]], [[1013.4605531841942, 581.379200444297], [1039.4465351656881, 581.4008833308027], [1039.4952363184143, 608.9970333706555], [1013.4813562181687, 608.9094314538386], [1009.5351874036755, 580.9551561583934], [1037.265572465833, 580.9772205977434], [1037.3150701535678, 610.4381490790131], [1009.5529133856624, 610.3409679256913]], [[1088.93577411615, 590.6067376292872], [1118.2014147065681, 590.6543299953785], [1118.327500114373, 616.8054763805497], [1089.0319362161429, 616.6999837555231], [1091.4278189298946, 590.8062282176189], [1122.6773949366973, 590.8575090269419], [1122.816863013427, 618.7783278749588], [1091.5331669257039, 618.6610552243982]], [[-482.1447180963421, 526.2079943299859], [-355.2136728745219, 531.4584634498525], [-361.8531529944996, 657.9315314269297], [-490.09211352626426, 664.5493183846363], [242.73873144035997, 525.621974276432], [309.2558218004799, 531.0535374425386], [305.80252042853317, 660.6649669291085], [238.58388322884653, 667.7270736717187]], [[914.1960042960745, 589.736350600329], [910.8121374067401, 589.6898456338115], [910.7481247265812, 609.5107120258724], [914.1334501131565, 609.9269212792872], [965.4025066697461, 589.7868623611896], [961.1217896756477, 589.7398720163396], [961.0967232118126, 609.3772896415288], [965.3803008139432, 609.7871098313666]], [[824.2933299112528, 584.2535476747703], [837.4133255786285, 584.2707936185413], [837.2430518137162, 612.2750247638908], [824.1088618691696, 612.2467854442856], [821.8793896867359, 584.2065281067112], [835.1846629699647, 584.2240001789137], [835.0095116574918, 612.6261340006364], [821.6896401565975, 612.5973539941278]], [[923.1137204413213, 581.9243993792653], [874.4524131984699, 581.863174092636], [874.2396740803099, 627.6873561623783], [922.9874097170945, 627.8084393518658], [929.4943506569091, 582.456879657112], [885.4162352567432, 582.4008035061249], [885.2412648552095, 623.8958367410073], [929.3902829513214, 624.0009890754686]], [[1072.7128882514564, 587.4585870684256], [1094.4703977281922, 587.4889207762109], [1094.5479212998468, 607.3634378955779], [1072.773550315709, 607.309223937971], [1075.0842064775757, 587.4507585980167], [1097.9560918310867, 587.4826318829809], [1098.0404056936607, 608.3731659794859], [1075.1498866650807, 608.3149100643686]], [[475.10757220098816, 512.9050820531501], [414.28740296342113, 517.2173576722794], 