{"scene_token": "da4ed9e02f64c544f4f1f10c6738216dcb0e6b0d50952e158e5589854af9f100", "sample_token": "3cf121b84e916d4591f6592afef1773c37322eef11cb7ec8d0f3c2a0b441e150", "map_patch": [-10, -40, 70, 40], "egobbox": [[2.051757072254965, -0.862430668377575], [2.051702281864052, 0.8675598511913271], [-2.031970018401857, 0.867601785032227], [-2.031915228010944, -0.8623887345366751]], "map_objects_center": [[62.99891145131104, -17.625322351858856], [80.32268876689487, -15.873997486300935], [67.14523155364367, -0.049433260057563544], [24.25436175938123, 24.027064529874785], [38.84165316447128, -2.7300623906979453], [18.665407196277844, 12.1876392194831], [29.223310381498024, -1.0596484484261217], [70.13371678046099, -18.780066943402055]], "map_objects_elevation": [-0.35218153077607184, 0.1093100139270351, 0.031210337619720363, -0.41416247008775553, -0.026970608325570633, -0.04098357862100821, 0.0321218014374004, -0.12514971868168467], "map_objects_bbox": [[[65.12912721108145, -19.065013227299055], [65.5248120620274, -17.145369119988562], [60.86869569154062, -16.185631476418656], [60.47301084059468, -18.10527558372915]], [[82.67295149966856, -17.392954393831616], [83.09676803899829, -15.50596325951472], [77.97242603412118, -14.355040578770254], [77.54860949479145, -16.242031713087147]], [[67.56826727463307, -0.5714364006295143], [67.72941723292034, 0.28249081579118784], [66.72219583265426, 0.4725698805143872], [66.561045874367, -0.38135733590631493]], [[27.051167339968504, 33.17500875491223], [24.4381084616456, 33.59122900720405], [21.457556178793954, 14.87912030483734], [24.070615057116857, 14.462900052545518]], [[36.691894694137915, -1.4211896813675244], [36.40329060995408, -3.353758873555066], [40.99141163480465, -4.038935100028366], [41.28001571898849, -2.1063659078408246]], [[18.56426185929322, 16.602253542479648], [16.102781600796188, 15.783748235820381], [18.766552533262466, 7.773024896486551], [21.2280327917595, 8.591530203145817]], [[27.18124826556593, 0.3025463117586811], [26.828834690733114, -1.6000912449697557], [31.265372497430118, -2.4218432086109245], [31.617786072262934, -0.5192056518824877]], [[72.13809241141055, -20.01633939721453], [72.44529993227162, -18.330095186215896], [68.12934114951142, -17.54379448958958], [67.82213362865035, -19.230038700588214]]], "image_objects_bbox": [[[1252.119453203189, 585.9334917048706], [1287.226868718124, 585.753210572645], [1287.7630210943446, 616.3177342589339], [1252.6147032239644, 616.3109893101579], [1257.284442290757, 586.2575328289988], [1295.1812997004747, 586.0652551693414], [1295.768826633396, 619.0315635663695], [1257.8243129618677, 619.0063714990532]], [[1166.5477171913112, 575.2703402685415], [1193.3069429650145, 575.077310823745], [1193.704564193081, 603.0116842847731], [1166.9170480201888, 603.0609324135287], [1163.8927567470005, 574.8445964784818], [1192.431434907867, 574.6362739076671], [1192.8548223921457, 604.4450575048398], [1164.28396236829, 604.4897123107296]], [[951.8601866751603, 579.7687759299866], [966.1124965611755, 579.6760174807727], [966.3042085941252, 610.5171273596739], [952.0359657722429, 610.5356266114609], [948.5628584733186, 579.7361732961288], [963.0265130429874, 579.6419068191586], [963.2177702781127, 610.9583318590392], [948.7377059741483, 610.976035413089]], [[-643.0704159917426, 524.8552184524207], [-464.0466398155982, 530.6209648721087], [-470.72664794344786, 681.3489442466123], [-651.5643981567904, 692.5357409980603], [143.89905452042112, 510.32070308415024], [256.5055173059718, 518.4834994891908], [253.2951546226779, 688.7007944453603], [139.50857803823538, 702.4770493864831]], [[1061.6013020597613, 578.2483295072129], [1000.4417035527605, 578.6456044169233], [1000.8677472430868, 636.0054096872238], [1062.1556015107408, 636.0748273198598], [1068.65297451578, 578.6975540730822], [1014.4329144103798, 579.0462142637361], [1014.8352517045652, 629.8393376386194], [1069.1560802442066, 629.8562898005448]], [[-212.7270092839959, 470.93449382123566], [-99.9799548092637, 487.0420097374962], [-106.65820189650418, 699.0509182952873], [-221.49531365730584, 717.8525964122741], [466.6679034439175, 484.8957261035448], [481.4834166774821, 497.16257659466163], [479.4775869631519, 680.9485353030652], [464.27106045830226, 694.3523665702251]], [[1024.8487552034308, 584.0482581593757], [942.849535291505, 584.5170317535977], [943.2204176191505, 653.2695631659446], [1025.4263041918364, 653.7405668547443], [1045.1477362006124, 583.7340177686859], [974.8524367160508, 584.1381630721911], [975.2355064137572, 642.8601273347067], [1045.682587023827, 643.1401823868727]], [[1241.8600960765723, 581.3312395104589], [1269.4386120855718, 581.1671287390785], [1269.9160960016152, 609.3923282877415], [1242.308187306375, 609.4354947041217], [1247.178214921667, 581.2923724832772], [1276.5658645108356, 581.117463050793], [1277.0818386614735, 611.1711548609161], [1247.6608156817301, 611.2089803102829]]], "objects_token": ["79b58593f636298c37dc21eafd478245f4f581232466618fe3fee6a82136bb7a", "b3215834de6817748fd34691a8c54e149f6ff13e3ca0fd068a9bf65a93874cf9", "f4908d769519209dc603f6fadfd1e40309417b6c099813c14a74da44c519a468", "1277c3e2ffbecd6be57b06c0dfdc85c61a39998944c25d94a67c8df90438da02", "413acf1873f34e116b2fea3f5cb155d14c50fc3ef8eef506932111aab2f3630f", "6531fbb9da18352940e36eb9999af6b78432b0d282e8639f398f45b372ce6e79", "afef65c49befe6a9583ea45963b074a1c259983f53509d5f90fc1f2668a57e1c", "0121651cd56e393d46b6a6d6ce07e0dfbffd2b417079bc17938ed4f5a294696f"], "objects_type": ["car", "car", "pedestrian", "bus", "car", "truck", "car", "car"], "cam_intrinsic": [[1109.05239567, 0.0, 957.849065461], [0.0, 1109.05239567, 539.672710373], [0.0, 0.0, 1.0]], "ego_translation": [0.0, 0.0, 0.0], "ego_rotation": [[1.0, 0.0, 0.0], [0.0, 1.0, 0.0], [0.0, 0.0, 1.0]], "cam_translation": [1.5039405282244198, -0.02676183592864872, 1.6584901808053665], "cam_rotation": [[0.006759426271296165, 0.02533582536529963, 0.9996561439362748], [-0.9999683364602721, 0.004369557390585865, 0.006650792816400852], [-0.004199551566444137, -0.999669446827935, 0.02536455884440647]],