{"scene_token": "da4ed9e02f64c544f4f1f10c6738216dcb0e6b0d50952e158e5589854af9f100", "sample_token": "374a1002caf190ad964e284b0f5feee6cdb3c607778c4298e8171fa0c4f1c34a", "map_patch": [-10, -40, 70, 40], "egobbox": [[2.04266838609173, -0.8618451982938351], [2.042659332555771, 0.8681407829658079], [-2.0413391887133763, 0.8681334012197508], [-2.041330135177417, -0.8618525800398922]], "map_objects_center": [[39.18949289183141, 28.067807974087223], [28.101093623892222, -12.770803552266116], [21.706582339363642, -5.376663207535678], [15.481512984746972, 9.65190024526797], [38.62194124446389, -24.32020113310587], [23.839595992040117, 15.826827058996692], [15.668179570372924, -10.389746438843558], [34.8299885893032, 7.554598118306541], [35.39598814748542, -13.721748787044701], [88.17821322779061, -12.925961757083428], [72.33884542518206, -13.19542607613436], [83.8272501260813, -7.191375542676141], [23.72611084585075, 22.475073292737726], [91.0549832078956, -7.246360412038229], [47.922299389638766, 4.033132673466589], [19.87105119380808, 14.249354436792702], [57.68291109211377, 3.847627994544343], [47.780769810842344, 7.186311622075067], [38.401777398598874, -29.420146872244946]], "map_objects_elevation": [-0.1641898913368416, 0.21971622301603955, 0.19343270979749105, 0.17394919790028462, -0.06811451659245593, 0.39151102506276214, 0.1029719084899271, 0.09956403297141425, 0.07022356120619055, -0.05694523337764146, 0.05230904888036614, -0.28077910396127215, 0.32550241093627375, -0.062466469699431704, 0.1859585723741779, 0.22954700852235332, 0.1146921461755418, -0.09688039065073806, -0.20272617352747324], "map_objects_bbox": [[[40.55980103999616, 37.53508110731166], [37.91383405190899, 37.54829844262986], [37.81918474366665, 18.600534840862785], [40.46515173175382, 18.587317505544586]], [[28.9691091280649, -10.531080559457441], [27.27117012626995, -10.516687985553881], [27.233078119719544, -15.010526545074791], [28.931017121514493, -15.024919118978351]], [[21.262970175831505, -2.90188872319042], [19.715086358214432, -3.8419827010241274], [22.15019450289578, -7.851437691880936], [23.698078320512852, -6.911343714047229]], [[14.706314437888672, 7.209750277934109], [16.672663624888692, 7.383378831992361], [16.256711531605273, 12.094050212601832], [14.290362344605253, 11.920421658543582]], [[39.71448066719989, -21.726037325678185], [37.74411621723194, -21.645738295157802], [37.529401821727895, -26.914364940533552], [39.49976627169584, -26.994663971053935]], [[22.837913041781615, 13.60990210150232], [24.763622109367763, 13.57642693135352], [24.84127894229862, 18.043752016491066], [22.91556987471247, 18.077227186639863]], [[13.141209706650288, -10.76137738190078], [13.978347428190508, -12.304988872909593], [18.195149434095562, -10.018115495786335], [17.35801171255534, -8.474504004777522]], [[35.7687690140543, 10.061230882415426], [33.93383493378708, 10.076784694613913], [33.8912081645521, 5.047965354197656], [35.726142244819314, 5.032411541999169]], [[36.30023568025986, -11.336827687831702], [34.53229919311411, -11.321841780492779], [34.49174061471098, -16.1066698862577], [36.259677101856724, -16.121655793596624]], [[88.60449448241772, -13.419626918861663], [88.62179416735867, -12.447780881209122], [87.7519319731635, -12.432296595305193], [87.73463228822254, -13.404142632957734]], [[73.61407828840679, -10.704493290097842], [71.69406294787098, -10.472335817447993], [71.06361256195733, -15.686358862170879], [72.98362790249314, -15.918516334820728]], [[86.15195449198097, -8.289682699698714], [86.25052951282657, -6.332163104582158], [81.50254576018162, -6.093068385653568], [81.40397073933602, -8.050587980770125]], [[22.644638965757103, 19.839471877013658], [24.715326130331825, 19.803476509735276], [24.8075827259444, 25.110674708461794], [22.73689556136968, 25.146670075740175]], [[93.22432255801245, -8.16279809897315], [93.27101567788135, -6.449434228525045], [88.88564385777876, -6.329922725103307], [88.83895073790985, -8.043286595551411]], [[45.69652721525196, 5.068280236727707], [45.638127004561326, 3.1341617255212997], [50.14807156402557, 2.9979851102054713], [50.206471774716206, 4.932103621411879]], [[18.829390858065736, 11.590165040577917], [20.926383914571463, 11.595561425179673], [20.91271152955042, 16.908543833007485], [18.815718473044694, 16.903147448405733]], [[55.35882452720401, 4.813666756088596], [55.36804935387666, 2.8596885313959923], [60.00699765702353, 2.88158923300009], [59.99777283035088, 4.835567457692694]], [[43.624057837638325, 8.67654501715866], [43.504459334980126, 6.085303577585357], [51.93748178404636, 5.6960782269914745], [52.05708028670456, 8.287319666564777]], [[39.339154600398686, -27.073328977403943], [37.574632756767336, -27.032247797432657], [37.46440019679906, -31.76696476708595], [39.22892204043041, -31.808045947057234]]],