{"scene_token": "da4ed9e02f64c544f4f1f10c6738216dcb0e6b0d50952e158e5589854af9f100", "sample_token": "a5f5f3fc826be29e7416893b872605beef94c42fb57256f9f13f455c2df31a3a", "map_patch": [-10, -40, 70, 40], "egobbox": [[2.04266838609173, -0.8618451982938351], [2.042659332555771, 0.8681407829658079], [-2.0413391887133763, 0.8681334012197508], [-2.041330135177417, -0.8618525800398922]], "map_objects_center": [[35.389157899229886, 28.510294078119728], [83.8272501260813, -7.191375542676141], [19.869354355972817, -9.140176458540374], [6.0012247733381185, 3.145729066203998], [19.87105119380808, 14.249354436792702], [39.18949289183141, 28.067807974087223], [91.0549832078956, -7.246360412038229], [57.68291109211377, 3.847627994544343], [23.72611084585075, 22.475073292737726], [24.608082944591942, -13.781379023613018], [34.857268523853136, -11.262774001207674], [38.62194124446389, -24.32020113310587], [47.922299389638766, 4.033132673466589], [15.481512984746972, 9.65190024526797], [32.49174371155076, 12.236593171937752], [71.97035299083596, -16.45075263797612], [23.839595992040117, 15.826827058996692], [86.4208988974002, -12.895102571479939], [38.401777398598874, -29.420146872244946], [53.27571684797732, 7.040497308190322]], "map_objects_elevation": [0.2426058584402866, -0.28077910396127215, 0.1459054054777983, 0.057551305905117034, 0.22954700852235332, -0.1641898913368416, -0.062466469699431704, 0.1146921461755418, 0.32550241093627375, 0.21358931757653443, 0.03894785608970541, -0.06811451659245593, 0.1859585723741779, 0.17394919790028462, 0.1561054652899263, 0.03655146033735557, 0.39151102506276214, -0.05717947325262607, -0.20272617352747324, -0.09638546918740953], "map_objects_bbox": [[[36.239933313367324, 31.114363623024254], [34.47805245341328, 31.093873739481715], [34.53838248509245, 25.9062245332152], [36.300263345046496, 25.92671441675774]], [[86.15195449198097, -8.289682699698714], [86.25052951282657, -6.332163104582158], [81.50254576018162, -6.093068385653568], [81.40397073933602, -8.050587980770125]], [[17.969274648965136, -7.43331285619319], [17.316357289965907, -9.063415589862904], [21.769434062980498, -10.847040060887558], [22.422351421979727, -9.216937327217844]], [[3.7823831261464482, 4.360839347078846], [3.5785328388592514, 2.417501738639971], [8.22006642052979, 1.9306187853291497], [8.423916707816986, 3.873956393768025]], [[18.829390858065736, 11.590165040577917], [20.926383914571463, 11.595561425179673], [20.91271152955042, 16.908543833007485], [18.815718473044694, 16.903147448405733]], [[40.55980103999616, 37.53508110731166], [37.91383405190899, 37.54829844262986], [37.81918474366665, 18.600534840862785], [40.46515173175382, 18.587317505544586]], [[93.22432255801245, -8.16279809897315], [93.27101567788135, -6.449434228525045], [88.88564385777876, -6.329922725103307], [88.83895073790985, -8.043286595551411]], [[55.35882452720401, 4.813666756088596], [55.36804935387666, 2.8596885313959923], [60.00699765702353, 2.88158923300009], [59.99777283035088, 4.835567457692694]], [[22.644638965757103, 19.839471877013658], [24.715326130331825, 19.803476509735276], [24.8075827259444, 25.110674708461794], [22.73689556136968, 25.146670075740175]], [[25.311106109020084, -11.367448840223814], [23.506649515811436, -11.521258473296108], [23.9050597801638, -16.19530920700222], [25.70951637337245, -16.04149957392993]], [[35.79604894860424, -8.75614123709879], [33.96111486833702, -8.740587424900303], [33.918488099102035, -13.769406765316559], [35.75342217936925, -13.784960577515045]], [[39.71448066719989, -21.726037325678185], [37.74411621723194, -21.645738295157802], [37.529401821727895, -26.914364940533552], [39.49976627169584, -26.994663971053935]], [[45.69652721525196, 5.068280236727707], [45.638127004561326, 3.1341617255212997], [50.14807156402557, 2.9979851102054713], [50.206471774716206, 4.932103621411879]], [[14.706314437888672, 7.209750277934109], [16.672663624888692, 7.383378831992361], [16.256711531605273, 12.094050212601832], [14.290362344605253, 11.920421658543582]], [[33.78982390003061, 15.186444070589431], [31.333500500425878, 15.244101303910652], [31.193663523070914, 9.286742273286073], [33.649986922675645, 9.229085039964852]], [[74.1862979753509, -14.741790138211098], [72.54876134181892, -13.712795593113439], [69.75440800632103, -18.15971513774114], [71.39194463985301, -19.1887096828388]], [[22.837913041781615, 13.60990210150232], [24.763622109367763, 13.57642693135352], [24.84127894229862, 18.043752016491066], [22.91556987471247, 18.077227186639863]], [[86.84718015202732, -13.388767733258174], [86.86447983696827, -12.416921695605632], [85.9946176427731, -12.401437409701703], [85.97731795783214, -13.373283447354245]], [[39.339154600398686, -27.073328977403943], [37.574632756767336, -27.032247797432657], [37.46440019679906, -31.76696476708595], [39.22892204043041, -31.808045947057234]], [[49.098603146981354, 8.472548679109602], [49.015195682587276, 5.8798899675003495], [57.45283054897329, 5.608445937271042], [57.53623801336737, 8.201104648880294]]],