{"scene_token": "da4ed9e02f64c544f4f1f10c6738216dcb0e6b0d50952e158e5589854af9f100", "sample_token": "200725dcf08f4a731ad6886b7dc22d407f41cb04c77f2337a61b6e275218c71d", "map_patch": [-10, -40, 70, 40], "egobbox": [[2.0234485388927808, -0.8476132011212472], [2.024129821861131, 0.8819778313386324], [-2.0588224539945945, 0.881574731514561], [-2.0595037369629448, -0.8480163009453185]], "map_objects_center": [[48.953503525157814, 39.46478377227858], [40.72920773834204, 30.94962552829403], [44.374742395184704, 34.75372424150682], [37.588337919908355, 27.692119118523962], [46.842153444598594, -34.00117481845629], [22.02319748180843, 11.290146593945195]], "map_objects_elevation": [-0.14815954145593646, -0.09927248831854363, -0.16778207628362451, -0.06979458785504444, 0.16370196512505153, -0.5032122999782962], "map_objects_bbox": [[[51.407354459573924, 40.67275763030084], [50.07223997072268, 41.960583046131525], [46.499652590741704, 38.256809914256316], [47.83476707959295, 36.968984498425634]], [[42.657248963316, 31.880547804749437], [41.38039871465944, 32.9892111632608], [38.80116651336808, 30.01870325183862], [40.07801676202464, 28.910039893327262]], [[46.78051267668942, 35.95643725907532], [45.3165047794011, 37.2731156088166], [41.96897211367999, 33.551011223938325], [43.43298001096831, 32.234332874197044]], [[39.799554232029166, 28.877818667739888], [38.44659133864603, 30.049821828626552], [35.377121607787544, 26.506419569308036], [36.73008450117068, 25.334416408421372]], [[46.9284337215472, -34.66750972960058], [47.51362561417259, -34.02508350908533], [46.75587316764999, -33.334839907312], [46.1706812750246, -33.97726612782726]], [[29.334323951133367, 17.458974258059044], [27.36469131275007, 19.22585378700697], [14.712071012483495, 5.121318929831348], [16.68170365086679, 3.35443940088342]]], "image_objects_bbox": [[[-22.0137727229531, 569.4864512040707], [33.088506488144475, 568.0319062974147], [34.01828291766219, 607.7140508761056], [-21.065204409773013, 610.2801956399652], [-6.345893852607778, 569.0696879008109], [52.51325072309393, 567.5160654566419], [53.51685800397951, 610.2349702602736], [-5.320315450803394, 613.0796051776905]], [[19.8582104142802, 569.1586468347871], [78.98532155660546, 567.5734192182684], [80.06916690373153, 613.540656666724], [20.968272680755387, 616.6218548997583], [45.30218335749847, 568.537298028309], [107.48589018230763, 566.8680785037145], [108.6459492731938, 615.8764827342793], [46.49240404229269, 619.249835195712]], [[-6.822487365052178, 570.1669331488201], [56.85141712217966, 568.4506108811597], [57.86553583356171, 611.5913780681713], [-5.783052377339671, 614.7745682010802], [17.74214243349498, 569.6037374272537], [85.58008593302019, 567.7716642140616], [86.67872785875737, 614.3244825641237], [18.870637596483313, 617.8692377329112]], [[35.60800281054272, 565.2871485554178], [102.24492636701615, 563.6242165826574], [103.47243315237462, 615.5185603362279], [36.869598031427984, 619.111922647875], [70.60620434049764, 564.1194578024166], [141.61929726418774, 562.3587788633419], [142.95969878510996, 618.7230724994977], [71.98749729167308, 622.7683821703604]], [[1750.597233293228, 513.6270931160112], [1776.1599213240222, 512.8382216843128], [1777.4486302391256, 557.1891699222081], [1751.866387101436, 557.429457394272], [1747.3901653759633, 513.5602831256642], [1773.3444085257831, 512.757216691954], [1774.6545100297028, 557.8584755314148], [1748.6800597757874, 558.0943582615663]], [[114.00810131241218, 506.68982129137424], [243.81159377074607, 507.501013018121], [247.18304235278774, 647.3088433383618], [117.57653147970288, 657.2803348325997], [509.54640843873494, 440.9380447000141], [693.4981444053657, 450.9377239530783], [699.9786306219673, 704.378337214467], [516.8209230339966, 732.1820730205131]]], "objects_token": ["d79e99100689caae5e4928d0298b368f27edd0a3a9ac2438ba2af7e767992620", "1b26219d2f8457a7ed773bfd8968a6fb0b3bc2aef380076a9ced7516d986aa58", "46e8ddd3fea2a85913d1a6948a1f8dd519c6e6e3179cf87898bd2935b4d203f0", "c0d22b84d3110ae9f7a8efa89fe9a4b6b5a8e954ddd093fd19309482073920d4", "099eca27fa4d5e514f27dc56da398a2102547261685d84a80a9d3c034db7d17d", "cc7906323ccc98bbbe2b2022d6e23248e5e4914ddca6a8806ef7f9bc6c0b4d0b"], "objects_type": ["car", "car", "car", "car", "pedestrian", "bus"], "cam_intrinsic": [[1109.05239567, 0.0, 957.849065461], [0.0, 1109.05239567, 539.672710373], [0.0, 0.0, 1.0]], "ego_translation": [0.0, 0.0, 0.0], "ego_rotation": [[1.0, 0.0, 0.0], [0.0, 1.0, 0.0], [0.0, 0.0, 1.0]], "cam_translation": [1.5039405282244198, -0.02676183592864872, 1.6584901808053665], "cam_rotation": [[0.006759426271296165, 0.02533582536529963, 0.9996561439362748], [-0.9999683364602721, 0.004369557390585865, 0.006650792816400852], [-0.004199551566444137, -0.999669446827935, 0.02536455884440647]], "subsequent_egocenters": [[0.8882067869710862, 0.023556679776828793], [1.7720752380357945, 0.14484057945052464], [2.6906167651681243, 0.30847273825270527], [3.605344428870861, 0.5216253204335928], [4.496687263274746, 0.7621090302406281], [5.370308848903477, 1.0640605751580865], [6.215758688696184, 1.4249756964796858], [7.052151795106385, 1.8355136961133551], [7.916536967323726, 2.3179337145999206], [8.813443610000393, 2.8937433667745873], [9.766806414834184, 3.5663366265218537], [10.756855899189471, 4.3041561087350075], [11.746101496660863, 5.122599883406219], [12.734987436195464, 6.026704368883264], [13.754560382623158, 6.987106040006882], [14.826282068945696, 8.06993784281115], [15.897169899492692, 9.196390601350554], [16.985615544370972, 10.38389666300677], [18.07592318271596, 11.611469418903752], [19.23665490229669, 12.92321705362342], [20.435508540426525, 14.270339554990676], [21.668323989868615, 15.6475575918511], [22.96761412532466, 17.07639950419559], [24.29895123764826, 18.527019318572158], [25.65734179070495, 20.026278529895137], [27.06402687972988, 21.587728783453965], [28.49696801808932, 23.17870298659809], [29.88890527812035, 24.784275894184894], [31.311613809278107, 26.343834448210284], [32.72008908490455, 27.90529336183349], [34.14990595885344, 29.445416024993097], [35.62708338327337, 31.00896764510894], [37.0797218566759, 32.562089141932724], [38.51436965615804, 34.054637813412924], [39.89504208684383, 35.479568194927786], [41.2804281385979, 36.88145923451759], [42.62402353912445, 38.23392758788637], [43.934683561081926, 39.52593635996196], [45.216586383475075, 40.77756468085069]]}