{"scene_token": "da4ed9e02f64c544f4f1f10c6738216dcb0e6b0d50952e158e5589854af9f100", "sample_token": "bc622d6dcf571db5b691e582d22cfa5552a436e564930cd740a13bc85f56b333", "map_patch": [-10, -40, 70, 40], "egobbox": [[2.04266838609173, -0.8618451982938351], [2.042659332555771, 0.8681407829658083], [-2.041339188713377, 0.8681334012197508], [-2.041330135177418, -0.8618525800398926]], "map_objects_center": [[38.62194124446389, -24.32020113310587], [28.433769387406954, -7.5778142982477235], [35.55463854740902, 22.41096346389091], [23.72611084585075, 22.475073292737726], [39.18949289183141, 28.067807974087223], [72.2291849063869, -7.418750305863], [23.839595992040117, 15.826827058996692], [47.922299389638766, 4.033132673466589], [57.68291109211377, 3.847627994544343], [91.7536071566306, -13.776735152925596], [38.401777398598874, -29.420146872244946], [15.481512984746972, 9.65190024526797], [19.87105119380808, 14.249354436792702], [34.92199536824149, -23.44198487070276], [6.2991315381874395, 2.5420572704140447], [45.45155786516072, 7.420658081645057], [6.5548178682425435, -5.870149748617017], [28.278674327479678, 19.285495902539775]], "map_objects_elevation": [-0.06811451659245593, 0.2347974702780996, 0.15326837867394194, 0.32550241093627375, -0.1641898913368416, 0.08010501583514995, 0.39151102506276214, 0.1859585723741779, 0.1146921461755418, 0.14674008179518694, -0.20272617352747324, 0.17394919790028462, 0.22954700852235332, -0.0016876239274874472, 0.0882100818109417, -0.10425934590000319, -0.07224991518023893, 0.3101339066718546], "map_objects_bbox": [[[39.71448066719989, -21.726037325678185], [37.74411621723194, -21.645738295157802], [37.529401821727895, -26.914364940533552], [39.49976627169584, -26.994663971053935]], [[29.380744024040556, -5.284258644339875], [27.52581066224454, -5.268535308302712], [27.486794750773353, -9.871369952155572], [29.341728112569367, -9.887093288192734]], [[36.500370971248714, 24.77974003260698], [34.73296528953887, 24.825578403648603], [34.60890612356933, 20.042186895174837], [36.37631180527917, 19.996348524133214]], [[22.644638965757103, 19.839471877013658], [24.715326130331825, 19.803476509735276], [24.8075827259444, 25.110674708461794], [22.73689556136968, 25.146670075740175]], [[40.55980103999616, 37.53508110731166], [37.91383405190899, 37.54829844262986], [37.81918474366665, 18.600534840862785], [40.46515173175382, 18.587317505544586]], [[73.46075077407998, -4.905941018723723], [71.5369761546102, -4.707327792870283], [70.99761903869383, -9.931559593002277], [72.92139365816361, -10.130172818855717]], [[22.837913041781615, 13.60990210150232], [24.763622109367763, 13.57642693135352], [24.84127894229862, 18.043752016491066], [22.91556987471247, 18.077227186639863]], [[45.69652721525196, 5.068280236727707], [45.638127004561326, 3.1341617255212997], [50.14807156402557, 2.9979851102054713], [50.206471774716206, 4.932103621411879]], [[55.35882452720401, 4.813666756088596], [55.36804935387666, 2.8596885313959923], [60.00699765702353, 2.88158923300009], [59.99777283035088, 4.835567457692694]], [[92.21103846661063, -14.259685560990386], [92.1991085239499, -13.282758400722994], [91.29617584665056, -13.293784744860806], [91.30810578931128, -14.270711905128199]], [[39.339154600398686, -27.073328977403943], [37.574632756767336, -27.032247797432657], [37.46440019679906, -31.76696476708595], [39.22892204043041, -31.808045947057234]], [[14.706314437888672, 7.209750277934109], [16.672663624888692, 7.383378831992361], [16.256711531605273, 12.094050212601832], [14.290362344605253, 11.920421658543582]], [[18.829390858065736, 11.590165040577917], [20.926383914571463, 11.595561425179673], [20.91271152955042, 16.908543833007485], [18.815718473044694, 16.903147448405733]], [[35.94661172728754, -20.69394019006614], [33.92964633857946, -20.68212406745039], [33.89737900919544, -26.190029551339382], [35.91434439790352, -26.201845673955134]], [[4.088284036372094, 3.7393265900396857], [3.857293594158845, 1.9431182458863334], [8.509979040002786, 1.3447879507884035], [8.740969482216034, 3.140996294941756]], [[41.300073101378075, 8.925392030248776], [41.171430206756646, 6.334583854087634], [49.60304262894337, 5.915924133041339], [49.7316855235648, 8.50673230920248]], [[8.304156908799825, -7.455752132943595], [8.912365215564726, -5.742507650803883], [4.805478827685262, -4.284547364290439], [4.197270520920361, -5.997791846430151]], [[29.115333804645825, 21.537119965137276], [27.417359359424832, 21.527804205562507], [27.44201485031353, 17.033871839942275], [29.139989295534523, 17.043187599517044]]],