{"scene_token": "da4ed9e02f64c544f4f1f10c6738216dcb0e6b0d50952e158e5589854af9f100", "sample_token": "b91810849ec1b37688ab2b655647aba264d59f364b125121b995a747cd8a4f32", "map_patch": [-10, -40, 70, 40], "egobbox": [[2.0322702634748895, -0.8298104904063516], [2.0331854427336182, 0.8985125779858295], [-2.0505347797003326, 0.8985688269395994], [-2.0514499589590613, -0.8297542414525817]], "map_objects_center": [[15.649854019931105, -0.37078266248535563], [29.66657184340921, 26.21980843735146], [53.71025201828446, 8.024700376265056], [21.24505653480993, 20.498270289037016], [44.980964475302336, 25.68681068432253], [37.713514530151265, 4.579599045127466], [90.63739778285711, 22.10463406521366], [30.99634876559086, 22.546249074738668], [38.1015998813429, 27.513972413449437], [37.94965280307592, 24.246735860114082], [42.136613668909696, 5.535130456729304], [47.283309726636865, 6.663356421073736], [30.600620358138293, 13.156889773970835], [52.11391204693104, 27.080833186432876], [57.590564831452404, 38.90454244477118]], "map_objects_elevation": [-0.3540449050019798, 0.07590706580776008, 0.027572889717492943, 0.34594356949387284, 0.4132930365920334, 0.0949507451018815, 0.5729706913017231, 0.20194298418226408, 0.2845406318206658, 0.18674287239607334, 0.06851698960950992, 0.0035846452035220855, 0.11988205948287733, 0.3735081271098306, 0.2131577087259029], "map_objects_bbox": [[[25.158005928768574, 0.6790041151368682], [24.506678119025224, 3.2435875285307345], [6.141702111093636, -1.4205694401075795], [6.793029920836986, -3.9851528535014458]], [[27.07026033500734, 26.753399152544304], [27.552984906725456, 24.620338912452723], [32.26288335181108, 25.686217722158617], [31.78015878009296, 27.819277962250197]], [[56.42100124566348, 7.660799460816863], [56.02972039070437, 9.474062897977184], [50.99950279090543, 8.388601291713249], [51.390783645864545, 6.575337854552926]], [[15.165535245151876, 20.548620448862962], [15.97225217217873, 17.471613981588582], [27.324577824467983, 20.44792012921107], [26.517860897441132, 23.52492659648545]], [[42.37901042193652, 26.059269211105335], [42.725119900338846, 24.33771635715049], [47.58291852866815, 25.314352157539727], [47.236809050265826, 27.03590501149457]], [[40.21036065808447, 4.332373614750706], [39.73973256106226, 6.0593968323981295], [35.21666840221806, 4.826824475504226], [35.68729649924027, 3.099801257856803]], [[93.02368811071678, 21.285278848495423], [92.89841857475344, 23.224236440440006], [88.25110745499744, 22.923989281931895], [88.37637699096078, 20.985031689987313]], [[28.197294459518336, 22.9236894563314], [28.64731936631798, 20.97805676148379], [33.79540307166339, 22.168808693145937], [33.34537816486374, 24.114441387993548]], [[35.50791509474347, 28.155246518464327], [35.86148606041537, 26.057839411526373], [40.69528466794233, 26.872698308434547], [40.341713702270425, 28.9701054153725]], [[35.07292521050195, 24.63382319925548], [35.44603753545388, 22.77795785043058], [40.82638039564989, 23.859648520972684], [40.45326807069796, 25.715513869797583]], [[44.256361589150565, 5.234085601874555], [43.81365369241788, 6.866106042362517], [40.01686574866883, 5.836175311584053], [40.45957364540151, 4.20415487109609]], [[49.951199921831, 6.321872663938774], [49.468954693623694, 8.230903973234483], [44.61541953144273, 7.004840178208698], [45.09766475965004, 5.0958088689129895]], [[35.01636969248139, 13.142473940714497], [34.262559448613615, 15.624530772505421], [26.184871023795193, 13.171305607227174], [26.93868126766297, 10.68924877543625]], [[49.44075128504545, 27.58909890543748], [49.75505294376976, 25.72440175380048], [54.78707280881663, 26.57256746742827], [54.47277115009232, 28.437264619065274]], [[54.745459983504446, 39.483588992280986], [55.08336855280813, 37.44034187095886], [60.43566967940036, 38.325495897261376], [60.09776111009668, 40.3687430185835]]], "image_objects_bbox": [[[787.2491161113621, 492.1053465354323], [910.4149348579057, 488.3730440478263], [917.8627331824227, 650.8128693731928], [794.6538538938366, 659.2406324876446], [1227.0672285470469, 209.6298873192785], [1698.892432855032, 227.3978451861888], [1737.6815803499069, 921.1195151412239], [1266.4767538682513, 997.9326213500608]], [[-98.08256505131966, 591.198323363827], [-210.57482192360013, 596.1689801480056], [-207.97184471107644, 678.134030760772], [-95.41607158434023, 671.5938136103233], [23.37101801121591, 587.5252145737829], [-69.70430839590465, 591.6657249736973], [-67.38268386446455, 660.9220199776958], [25.734464570479997, 655.6576013237149]], [[756.0569166445969, 561.7001386908361], [793.9127247993468, 559.9632407428134], [795.4952094205025, 595.6452479928474], [757.6340723155653, 597.6469758335], [760.6350083462795, 561.2104661880314], [802.2463501965262, 559.3035158364947], [803.9915478395582, 598.5616932131745], [762.3738030774703, 600.7894564839302]], [[-387.81762894976146, 418.14876427542447], [-714.5664893963378, 421.3523516598918], [-706.4693725656476, 738.8254520144793], [-378.9532409871861, 717.5736661043876], [68.54315164100755, 483.8783966036619], [-96.03033103693666, 487.80734996905784], [-90.23537224119127, 662.1657532733451], [74.50082846833142, 652.6497870631202]], [[294.5143293283745, 581.7015328277893], [242.20874417458754, 584.0927520487976], [243.63634455358812, 622.2333322429726], [295.9542767920463, 619.5094538406875], [339.952113998847, 580.0300563478039], [293.5395056996605, 582.1550501562095], [294.8378327036972, 616.2556393445304], [341.260000222206, 613.8644809655763]], [[772.2176117568463, 557.557328440362], [823.5359984568927, 555.2515968316184], [825.8076514890486, 606.045177480013], [774.4847799945869, 608.991162394334], [788.7702730077259, 555.9735424518277], [846.5797828027775, 553.3879579504212], [849.165850111229, 610.839714215966], [791.3510022658498, 614.2457615908987]], [[667.475333390449, 564.6280653206636], [691.347569400937, 563.5260481016957], [692.0860797905589, 580.6754148398187], [668.2098387981443, 581.8038865425132], [656.1861902718357, 564.942006454906], [681.3510248935273, 563.7806519269424], [682.1267093251406, 581.8458245911534], [656.9574225316932, 583.0365368884025]], [[93.03290665845714, 584.647409426109], [-2.2218880485850905, 588.8853955765076], [0.2313532627018919, 660.2667733076509], [95.52798077399326, 654.8080372231416], [188.22174559157432, 581.905087605042], [109.67150744395046, 585.421578696895], [111.81377274001493, 645.3111640046197], [190.3913243240065, 640.9329708412808]], [[107.80595533381796, 575.1560430954783], [30.505435898137893, 578.5339388702954], [32.75105465610302, 643.0961391467577], [110.08929212730655, 639.0229437185583], [188.34191767020874, 573.7990789962486], [121.39483827009607, 576.7450705170598], [123.42603505036688, 633.2914472042825], [190.40095127111786, 629.8113757594081]], [[204.8346658756623, 570.8799347384354], [135.2143011442039, 573.891232642222], [137.67279076810766, 642.002494845645], [207.32389050104288, 638.2141087183212], [275.9750962251466, 570.1863331839232], [216.63691184313709, 572.7765191028687], [218.81683421651908, 631.5106197016739], [278.176813438468, 628.341677105308]], [[768.3575775065838, 561.2835366304597], [812.3321519973928, 559.2698945895779], [814.2838811874615, 603.0495977329465], [770.3058240463417, 605.5327777286084], [780.0222493963449, 560.4889300396188], [828.1104195047136, 558.2899442893024], [830.2603293122942, 606.30171064914], [782.1681615568426, 609.0659858869853]], [[758.2919732194849, 562.3060054315064], [803.6927772790602, 560.2195160048965], [805.4669834922656, 600.1144437240578], [760.061557208005, 602.6133009811944], [768.182976412066, 561.6195308931195], [818.487835831136, 559.3102920597345], [820.4663811714129, 603.6149328669104], [770.1559731160523, 606.4333199841482]], [[418.32544880203636, 520.3207887216562], [512.04967151187, 517.3403122928755], [516.511289381905, 626.5812669609968], [422.7605135418962, 632.1302459867634], [355.32726493866016, 503.8866640203457], [480.37460267648964, 500.4649866912126], 