{"scene_token": "da4ed9e02f64c544f4f1f10c6738216dcb0e6b0d50952e158e5589854af9f100", "sample_token": "fd070635266d3a98b7b360925fba558f0433e9255eadddc94e5d2c3d528f93ad", "map_patch": [-10, -40, 70, 40], "egobbox": [[2.042668386091729, -0.861845198293835], [2.04265933255577, 0.8681407829658078], [-2.0413391887133763, 0.8681334012197507], [-2.041330135177417, -0.8618525800398921]], "map_objects_center": [[45.00000606418443, 7.462456097679702], [94.89489517327164, -13.737762906109037], [19.871051193808082, 14.249354436792693], [47.922299389638766, 4.033132673466573], [57.68291109211376, 3.8476279945443252], [38.621941244463876, -24.320201133105876], [23.72611084585076, 22.47507329273772], [29.056435888883684, 22.508398512289133], [91.05498320789559, -7.246360412038257], [76.17387365357837, -2.994289513200652], [31.616505018148757, -20.700167742193376], [39.189492891831414, 28.06780797408721], [23.83959599204012, 15.826827058996683], [27.810950680728315, -10.558815914387996], [83.82725012608128, -7.19137554267617], [34.44957710639591, -26.196716895382828], [34.93802415453467, -17.120860591091883], [15.481512984746974, 9.651900245267967]], "map_objects_elevation": [-0.09015626500762064, 0.1476121396297998, 0.22954700852235332, 0.1859585723741779, 0.1146921461755418, -0.06811451659245571, 0.32550241093627375, 0.32982455613563755, -0.062466469699431704, 0.10227215307994286, 0.07129330094363429, -0.1641898913368416, 0.39151102506276214, 0.30930496571902544, -0.28077910396127237, -0.040561819747068406, 0.028757732413304593, 0.17394919790028462], "map_objects_bbox": [[[40.903564730227956, 9.1111581318426], [40.684582299981365, 6.526417778297722], [49.09644739814091, 5.813754063516804], [49.3154298283875, 8.398494417061682]], [[95.35232648325167, -14.220713314173826], [95.34039654059094, -13.243786153906434], [94.4374638632916, -13.254812498044247], [94.44939380595233, -14.23173965831164]], [[18.82939085806574, 11.590165040577908], [20.926383914571463, 11.595561425179664], [20.912711529550425, 16.908543833007478], [18.8157184730447, 16.903147448405722]], [[45.69652721525196, 5.068280236727693], [45.638127004561326, 3.1341617255212855], [50.14807156402557, 2.9979851102054536], [50.206471774716206, 4.932103621411861]], [[55.358824527204, 4.813666756088578], [55.36804935387665, 2.859688531395974], [60.006997657023526, 2.8815892330000725], [59.997772830350875, 4.835567457692676]], [[39.71448066719987, -21.726037325678192], [37.74411621723193, -21.64573829515781], [37.52940182172788, -26.91436494053356], [39.499766271695826, -26.994663971053942]], [[22.64463896575711, 19.83947187701365], [24.71532613033183, 19.80347650973527], [24.807582725944407, 25.110674708461787], [22.736895561369685, 25.146670075740168]], [[30.082877592135606, 24.767508055853874], [28.22962294213916, 24.847958054402913], [28.02999418563176, 20.249288968724393], [29.88324883562821, 20.168838970175354]], [[93.22432255801243, -8.162798098973177], [93.27101567788134, -6.449434228525073], [88.88564385777875, -6.329922725103336], [88.83895073790984, -8.043286595551441]], [[78.91222205267161, -2.4177367877856017], [77.8843374900358, -0.7795031884796213], [73.43552525448513, -3.570842238615702], [74.46340981712093, -5.209075837921683]], [[32.58691206375227, -18.643421606705807], [30.71013630233805, -18.614408827313795], [30.64609797254524, -22.756913877680944], [32.522873733959464, -22.785926657072956]], [[40.55980103999617, 37.53508110731165], [37.913834051909, 37.54829844262984], [37.81918474366666, 18.60053484086277], [40.46515173175383, 18.587317505544572]], [[22.83791304178162, 13.60990210150231], [24.763622109367766, 13.576426931353511], [24.841278942298622, 18.043752016491055], [22.915569874712475, 18.077227186639853]], [[28.792148667667107, -8.234385874479877], [26.84916554916792, -8.226286416030183], [26.829752693789523, -12.883245954296115], [28.77273581228871, -12.891345412745808]], [[86.15195449198096, -8.289682699698744], [86.25052951282656, -6.332163104582187], [81.5025457601816, -6.093068385653595], [81.403970739336, -8.050587980770153]], [[35.65981829504407, -24.01366570145734], [33.71430508488119, -23.811392744585362], [33.239335917747745, -28.379768089308314], [35.184849127910624, -28.582041046180294]], [[35.98897223649091, -14.38277798111962], [33.97221320038409, -14.351601222444241], [33.88707607257844, -19.858943201064147], [35.90383510868526, -19.890119959739526]], [[14.706314437888674, 7.209750277934106], [16.672663624888692, 7.383378831992356], [16.256711531605276, 12.094050212601829], [14.290362344605255, 11.920421658543578]]],