{"scene_token": "da4ed9e02f64c544f4f1f10c6738216dcb0e6b0d50952e158e5589854af9f100", "sample_token": "8bd1ca46001bf97663a9f624ad6bd62e42479fa768205e73338a83fecf3e5963", "map_patch": [-10, -40, 70, 40], "egobbox": [[2.04266838609173, -0.8618451982938351], [2.042659332555771, 0.8681407829658079], [-2.0413391887133763, 0.8681334012197508], [-2.041330135177417, -0.8618525800398922]], "map_objects_center": [[38.62194124446389, -24.32020113310587], [15.231429090580221, -10.850495991525783], [72.30707451466152, -12.77033379613863], [34.84027322910612, 10.192074841715984], [35.390056976171934, -11.01689084783164], [91.0549832078956, -7.246360412038229], [23.72611084585075, 22.475073292737726], [38.401777398598874, -29.420146872244946], [47.922299389638766, 4.033132673466589], [57.68291109211377, 3.847627994544343], [15.481512984746972, 9.65190024526797], [23.839595992040117, 15.826827058996692], [19.87105119380808, 14.249354436792702], [39.18949289183141, 28.067807974087223], [47.532341226709626, 7.215246571921352], [28.101942109944517, -10.505053311176207], [20.87071159805168, -4.257766374069909], [83.8272501260813, -7.191375542676141], [88.42959638603084, -12.930912191073244]], "map_objects_elevation": [-0.06811451659245593, 0.09665778908458156, 0.05434932650718438, 0.10826803536633589, 0.07724850831991081, -0.062466469699431704, 0.32550241093627375, -0.20272617352747324, 0.1859585723741779, 0.1146921461755418, 0.17394919790028462, 0.39151102506276214, 0.22954700852235332, -0.1641898913368416, -0.09679516649163, 0.2246279510564798, 0.18863897647638295, -0.28077910396127215, -0.056914306958129046], "map_objects_bbox": [[[39.71448066719989, -21.726037325678185], [37.74411621723194, -21.645738295157802], [37.529401821727895, -26.914364940533552], [39.49976627169584, -26.994663971053935]], [[12.770962846788265, -11.535909817736124], [13.794965306888376, -12.962428293504637], [17.691895334372177, -10.165082165315441], [16.667892874272066, -8.738563689546929]], [[73.48574597242992, -10.232283640085342], [71.55823382695465, -10.074002469236332], [71.12840305689312, -15.308383952191917], [73.0559152023684, -15.466665123040928]], [[35.78779771569109, 12.695415379342034], [33.95292910740679, 12.7173742120255], [33.89274874252114, 7.688734304089934], [35.727617350805446, 7.666775471406467]], [[36.294304508946375, -8.63196974861864], [34.52636802180063, -8.616983841279717], [34.48580944339749, -13.401811947044639], [36.25374593054324, -13.416797854383562]], [[93.22432255801245, -8.16279809897315], [93.27101567788135, -6.449434228525045], [88.88564385777876, -6.329922725103307], [88.83895073790985, -8.043286595551411]], [[22.644638965757103, 19.839471877013658], [24.715326130331825, 19.803476509735276], [24.8075827259444, 25.110674708461794], [22.73689556136968, 25.146670075740175]], [[39.339154600398686, -27.073328977403943], [37.574632756767336, -27.032247797432657], [37.46440019679906, -31.76696476708595], [39.22892204043041, -31.808045947057234]], [[45.69652721525196, 5.068280236727707], [45.638127004561326, 3.1341617255212997], [50.14807156402557, 2.9979851102054713], [50.206471774716206, 4.932103621411879]], [[55.35882452720401, 4.813666756088596], [55.36804935387666, 2.8596885313959923], [60.00699765702353, 2.88158923300009], [59.99777283035088, 4.835567457692694]], [[14.706314437888672, 7.209750277934109], [16.672663624888692, 7.383378831992361], [16.256711531605273, 12.094050212601832], [14.290362344605253, 11.920421658543582]], [[22.837913041781615, 13.60990210150232], [24.763622109367763, 13.57642693135352], [24.84127894229862, 18.043752016491066], [22.91556987471247, 18.077227186639863]], [[18.829390858065736, 11.590165040577917], [20.926383914571463, 11.595561425179673], [20.91271152955042, 16.908543833007485], [18.815718473044694, 16.903147448405733]], [[40.55980103999616, 37.53508110731166], [37.91383405190899, 37.54829844262986], [37.81918474366665, 18.600534840862785], [40.46515173175382, 18.587317505544586]], [[43.38085646292698, 8.71998052052507], [43.25221356830555, 6.129172344363928], [51.683825990492274, 5.7105126233176335], [51.8124688851137, 8.301320799478775]], [[28.969957614117195, -8.265330318367532], [27.272018612322245, -8.250937744463972], [27.23392660577184, -12.744776303984882], [28.931865607566788, -12.759168877888442]], [[20.23005411161557, -1.8265406574665812], [18.762550741700956, -2.887745095494073], [21.511369084487793, -6.688992090673238], [22.978872454402406, -5.627787652645746]], [[86.15195449198097, -8.289682699698714], [86.25052951282657, -6.332163104582158], [81.50254576018162, -6.093068385653568], [81.40397073933602, -8.050587980770125]], [[88.85587764065795, -13.424577352851479], [88.8731773255989, -12.452731315198937], [88.00331513140372, -12.437247029295008], [87.98601544646277, -13.40909306694755]]],