{"scene_token": "da4ed9e02f64c544f4f1f10c6738216dcb0e6b0d50952e158e5589854af9f100", "sample_token": "ca5196d521428c2a127cbd34adcae454f40d964b85d32fbf38d9f5ab874d70bd", "map_patch": [-10, -40, 70, 40], "egobbox": [[2.04266838609173, -0.8618451982938347], [2.042659332555771, 0.8681407829658088], [-2.041339188713377, 0.8681334012197504], [-2.041330135177418, -0.8618525800398931]], "map_objects_center": [[87.92716101336325, -12.922386253382086], [35.402441101957805, -16.42575860768178], [57.68291109211377, 3.847627994544343], [22.449973514344563, -6.558547541079608], [47.922299389638766, 4.033132673466589], [23.72611084585075, 22.475073292737726], [19.87105119380808, 14.249354436792702], [48.42427535492136, 7.168829871506409], [39.18949289183141, 28.067807974087223], [34.8338590069284, 4.88851798958099], [38.401777398598874, -29.420146872244946], [38.62194124446389, -24.32020113310587], [91.0549832078956, -7.246360412038229], [16.15964478087751, -9.98710219115169], [28.069715684426093, -15.036648114619055], [83.8272501260813, -7.191375542676141], [32.784844818329695, 29.315170950130014], [15.481512984746972, 9.65190024526797], [23.839595992040117, 15.826827058996692], [72.38673024133952, -13.699551259645599]], "map_objects_elevation": [-0.05698270921505788, 0.06420282383915255, 0.1146921461755418, 0.19790295408627334, 0.1859585723741779, 0.32550241093627375, 0.22954700852235332, -0.09682438461456311, -0.1641898913368416, 0.09272538671835595, -0.20272617352747324, -0.06811451659245593, -0.062466469699431704, 0.10901811924396332, 0.21879743596480605, -0.28077910396127215, 0.17841724369527912, 0.17394919790028462, 0.39151102506276214, 0.04989166780059984], "map_objects_bbox": [[[88.35344226799036, -13.416051415160322], [88.37074195293131, -12.44420537750778], [87.50087975873613, -12.428721091603851], [87.48358007379518, -13.400567129256393]], [[36.30668863473225, -14.04083750846878], [34.5387521475865, -14.025851601129856], [34.498193569183364, -18.810679706894778], [36.26613005632911, -18.8256656142337]], [[55.35882452720401, 4.813666756088596], [55.36804935387666, 2.8596885313959923], [60.00699765702353, 2.88158923300009], [59.99777283035088, 4.835567457692694]], [[22.206264531110445, -4.056167387807328], [20.587972109615226, -4.869094591516948], [22.69368249757868, -9.060927694351887], [24.3119749190739, -8.248000490642267]], [[45.69652721525196, 5.068280236727707], [45.638127004561326, 3.1341617255212997], [50.14807156402557, 2.9979851102054713], [50.206471774716206, 4.932103621411879]], [[22.644638965757103, 19.839471877013658], [24.715326130331825, 19.803476509735276], [24.8075827259444, 25.110674708461794], [22.73689556136968, 25.146670075740175]], [[18.829390858065736, 11.590165040577919], [20.92638391457146, 11.595561425179673], [20.91271152955042, 16.908543833007485], [18.815718473044697, 16.903147448405733]], [[44.267563381717345, 8.659063266590001], [44.147964879059145, 6.067821827016699], [52.58098732812538, 5.6785964764228165], [52.70058583078358, 8.269837915996119]], [[40.55980103999616, 37.53508110731166], [37.91383405190899, 37.54829844262986], [37.81918474366665, 18.600534840862785], [40.46515173175382, 18.587317505544586]], [[35.7726394316795, 7.395150753689874], [33.93770535141228, 7.410704565888361], [33.8950785821773, 2.381885225472105], [35.730012662444516, 2.366331413273618]], [[39.339154600398686, -27.073328977403943], [37.574632756767336, -27.032247797432657], [37.46440019679906, -31.76696476708595], [39.22892204043041, -31.808045947057234]], [[39.71448066719989, -21.726037325678185], [37.74411621723194, -21.645738295157802], [37.529401821727895, -26.914364940533552], [39.49976627169584, -26.994663971053935]], [[93.22432255801245, -8.16279809897315], [93.27101567788135, -6.449434228525045], [88.88564385777876, -6.329922725103307], [88.83895073790985, -8.043286595551411]], [[13.606023121513726, -10.039089409082216], [14.243093942543533, -11.675450240009308], [18.713266440241295, -9.935114973221165], [18.07619561921149, -8.298754142294072]], [[28.93773118859877, -12.79692512181038], [27.23979218680382, -12.78253254790682], [27.201700180253415, -17.27637110742773], [28.899639182048364, -17.29076368133129]], [[86.15195449198097, -8.289682699698714], [86.25052951282657, -6.332163104582158], [81.50254576018162, -6.093068385653568], [81.40397073933602, -8.050587980770125]], [[34.082925006809546, 32.26502184878169], [31.62660160720481, 32.322679082102916], [31.486764629849848, 26.365320051478335], [33.94308802945458, 26.307662818157116]], [[14.706314437888672, 7.209750277934109], [16.672663624888692, 7.383378831992361], [16.256711531605273, 12.094050212601832], [14.290362344605253, 11.920421658543582]], [[22.837913041781615, 13.60990210150232], [24.763622109367763, 13.57642693135352], [24.84127894229862, 18.043752016491066], [22.91556987471247, 18.077227186639863]], [[73.87420955561785, -11.329241092263691], [71.98173431008449, -10.930626685796238], [70.89925092706119, -16.069861427027504], [72.79172617259455, -16.46847583349496]]],