{"scene_token": "da4ed9e02f64c544f4f1f10c6738216dcb0e6b0d50952e158e5589854af9f100", "sample_token": "57c823209ea714288c2f56a3bf2510a9f02db43310ee3631a7d678b191645e12", "map_patch": [-10, -40, 70, 40], "egobbox": [[2.04266838609173, -0.8618451982938347], [2.042659332555771, 0.8681407829658088], [-2.041339188713377, 0.8681334012197504], [-2.041330135177418, -0.8618525800398931]], "map_objects_center": [[10.29833848640084, 1.9185674501746879], [83.47801355368702, -4.046578877012248], [19.871051193808018, 14.249354436792913], [78.5410604574608, 5.5038367722808825], [15.481512984746974, 9.651900245267967], [24.773698917569735, -20.1614249150706], [83.82725012608122, -7.191375542675953], [23.726110845850695, 22.475073292737935], [38.621941244463876, -24.320201133105876], [39.18949289183157, 28.067807974087486], [91.05498320789576, -7.246360412037976], [35.2114538613345, -12.97910041176012], [28.28697532388264, 3.2717702876800976], [32.81291620230378, 15.178913710938957], [23.83959599204012, 15.826827058996683], [21.24144304206856, -3.6611299948455], [38.40177739859886, -29.420146872244956]], "map_objects_elevation": [0.06157654035971938, 0.14329238549246304, 0.22954700852235332, -0.06428107513362047, 0.17394919790028462, 0.22389822927137726, -0.28077910396127237, 0.32550241093627375, -0.0681145165924415, -0.1641898913368416, -0.06246646969943148, 0.12275954840738867, 0.2925171001398187, 0.09285547344592349, 0.39151102506276214, 0.15109190919033688, -0.20272617352747302], "map_objects_bbox": [[[8.746689071223317, 3.4250578558458464], [8.146699104022602, 1.7004454242373739], [11.849987901578364, 0.41207704450352933], [12.44997786877908, 2.136689476112002]], [[85.72790980537198, -4.987590623301302], [85.76323678520329, -3.1949386759071636], [81.22811730200206, -3.1055671307231933], [81.19279032217075, -4.898219078117332]], [[18.829390858065675, 11.590165040578128], [20.9263839145714, 11.595561425179884], [20.91271152955036, 16.9085438330077], [18.815718473044637, 16.903147448405942]], [[74.54303947039091, 7.378637611556526], [74.18011438884163, 4.810151406574599], [82.5390814445307, 3.6290359330052393], [82.90200652607997, 6.197522137987166]], [[14.706314437888674, 7.209750277934106], [16.672663624888692, 7.383378831992356], [16.256711531605276, 12.094050212601829], [14.290362344605255, 11.920421658543578]], [[25.71534201191111, -17.787189346960474], [23.95996638635379, -17.740366134776142], [23.832055823228362, -22.535660483180727], [25.58743144878568, -22.58248369536506]], [[86.1519544919809, -8.289682699698528], [86.2505295128265, -6.33216310458197], [81.50254576018155, -6.093068385653378], [81.40397073933595, -8.050587980769937]], [[22.644638965757046, 19.839471877013867], [24.715326130331768, 19.803476509735486], [24.807582725944343, 25.110674708462003], [22.73689556136962, 25.146670075740385]], [[39.71448066719987, -21.726037325678192], [37.74411621723193, -21.64573829515781], [37.52940182172788, -26.91436494053356], [39.499766271695826, -26.994663971053942]], [[40.55980103999632, 37.535081107311925], [37.913834051909156, 37.54829844263013], [37.81918474366682, 18.600534840863048], [40.465151731753984, 18.58731750554485]], [[93.2243225580126, -8.162798098972898], [93.27101567788151, -6.449434228524794], [88.88564385777892, -6.329922725103054], [88.83895073791001, -8.043286595551159]], [[36.05313419321471, -10.372076971335003], [34.291335590282785, -10.398716841963413], [34.369773529454285, -15.586123852185237], [36.13157213238621, -15.559483981556827]], [[29.224633676439804, 5.7264083595513435], [27.32266182983888, 5.716059700823539], [27.349316971325475, 0.8171322158088516], [29.2512888179264, 0.827480874536656]], [[34.221079577603504, 20.545417079843563], [31.48215052958183, 20.56513179270142], [31.404752827004057, 9.812410342034351], [34.143681875025734, 9.792695629176496]], [[22.83791304178162, 13.60990210150231], [24.763622109367766, 13.576426931353511], [24.841278942298622, 18.043752016491055], [22.915569874712475, 18.077227186639853]], [[20.84162482458828, -1.1631514835346262], [19.181145593574612, -2.1931634851017248], [21.64126125954884, -6.1591085061563735], [23.30174049056251, -5.129096504589276]], [[39.33915460039867, -27.073328977403953], [37.57463275676733, -27.032247797432667], [37.46440019679905, -31.76696476708596], [39.22892204043039, -31.808045947057245]]],