{"scene_token": "da4ed9e02f64c544f4f1f10c6738216dcb0e6b0d50952e158e5589854af9f100", "sample_token": "ef1323aa6a2cad0fd196c3fa7ecaf1db7e9a7d21614a5a0212dadb7aaf0442c1", "map_patch": [-10, -40, 70, 40], "egobbox": [[2.0298412266650776, -0.8513257597233], [2.0302876541547046, 0.8784142166391512], [-2.053253431718598, 0.8784066581682745], [-2.053699859208225, -0.8513333181941768]], "map_objects_center": [[45.94351495051126, -20.588959971923586], [46.35317626374142, -34.55161933641341], [19.319010502299555, -8.391260871072685], [57.182454124228634, -19.958552496201662], [22.31566237323178, 17.006578266293843], [58.273750303746475, -40.255548030508784], [72.2723165632948, -43.43914364799596], [52.78581921823163, -37.84710542425863], [73.78546091392452, -48.61721682853497], [68.80689095565306, -46.00066799590768], [27.955761682304733, -12.942019131991998]], "map_objects_elevation": [-0.06394480259135626, -0.4508621368860519, -0.06284726080543912, 0.12669271739593468, -0.505705547986973, -0.03442268693513362, 0.13682252136381723, -0.22431623595939365, -0.21166223726547506, -0.019008721663883454, -0.12260917821838357], "map_objects_bbox": [[[45.30338421492524, -20.793114671497474], [46.040179672630444, -21.253867808768376], [46.58364568609728, -20.3848052723497], [45.84685022839207, -19.924052135078796]], [[47.93662210568053, -36.57726201606986], [48.90414292283576, -34.87270827142839], [44.76973042180231, -32.52597665675696], [43.802209604647075, -34.23053040139843]], [[17.795574609019013, -6.466491968304221], [16.874459211834584, -8.168188599631254], [20.842446395580097, -10.316029773841148], [21.763561792764527, -8.614333142514116]], [[57.42202355953532, -20.586288894434897], [57.840929242690095, -19.82492234104512], [56.94288468892195, -19.330816097968427], [56.523979005767174, -20.092182651358204]], [[27.79324953246455, 24.84896590737665], [25.435290898112918, 26.049527058958102], [16.838075213999012, 9.164190625211038], [19.196033848350645, 7.9636294736295845]], [[59.75165667710668, -42.02286916759205], [60.563134629595645, -40.51313424628158], [56.79584393038627, -38.48822689342552], [55.984365977897305, -39.99796181473599]], [[74.10058043764676, -45.55773190571372], [75.03794402068553, -43.86607428279096], [70.44405268894283, -41.3205553902782], [69.50668910590406, -43.01221301320096]], [[54.31217099455104, -39.640465818860505], [55.12364894704, -38.13073089755004], [51.25946744191222, -36.05374502965675], [50.44798948942326, -37.56347995096722]], [[75.2392217939493, -50.429460066544046], [76.09899073310913, -48.829880943381966], [72.33170003389975, -46.8049735905259], [71.47193109473992, -48.40455271368798]], [[70.28479732901326, -47.76798913299095], [71.09627528150223, -46.25825421168048], [67.32898458229286, -44.23334685882442], [66.51750662980389, -45.74308178013489]], [[26.31344359705882, -11.03482209002853], [25.44382178168027, -12.784643194661149], [29.598079767550644, -14.849216173955465], [30.467701582929195, -13.099395069322847]]], "image_objects_bbox": [[[1467.6750577130229, 538.097709204477], [1464.8642379982657, 538.0963540991768], [1466.0429006915037, 584.2681523251047], [1468.8355790440046, 583.5086345504047], [1440.4065270497254, 538.6961188314643], [1437.1779872022735, 538.7046822698558], [1438.3299032195578, 584.3259725519039], [1441.5411384705078, 583.5744259154224]], [[1749.818395727788, 543.4307410365201], [1806.180751423436, 542.432056835997], [1807.3809974574867, 583.8846245347862], [1750.9718961143546, 584.0636611133593], [1766.6519283460764, 543.8061730055672], [1828.8487997623172, 542.7190153925526], [1830.1757657395428, 588.1906676963187], [1767.9223631338818, 588.2934199099172]], [[1516.4232389214633, 547.0663174667355], [1371.9131080985978, 549.668627160291], [1374.554217710452, 657.0687771116478], [1519.3811379686852, 660.6426278314867], [1521.8891246595074, 545.6478526295925], [1405.1160852773648, 547.808527625916], [1407.2743147041583, 634.3967057619612], [1524.2525663761205, 636.2062377577898]], [[1331.5659988862346, 537.8845311232216], [1349.3424263741533, 537.4738729115401], [1350.2256842536588, 573.7210777688264], [1332.4364404926105, 573.8695996728018], [1327.985630660236, 537.8526031566095], [1346.0248555838714, 537.435025123959], [1346.9212661906254, 574.2723520674256], [1328.868824637468, 574.4192207716226]], [[-265.9171907215816, 513.7352918080315], [-106.06164088553625, 516.1722672153003], [-104.61796046003082, 664.2188432571419], [-264.59164751312335, 676.46278683836], [282.95048650687596, 468.1689507536389], [445.32024308891795, 477.79174813694516], [448.65199477663003, 695.5998944917435], [286.3826505095989, 719.3111476299586]], [[1696.8412068465543, 538.8011686616547], [1735.3714120999189, 538.0391243228012], [1736.2057889933808, 567.5800764286288], [1697.653188364606, 567.9488054553718], [1707.5101649453147, 538.7101500009743], [1748.8405193254332, 537.8944555739736], [1749.7364903335786, 569.4648765265214], [1708.3804724662286, 569.8317681475619]], [[1600.0356657234925, 530.6830930070797], [1633.8099006032662, 529.8898389666305], [1634.653957128448, 560.8906733904122], [1600.858879314549, 561.300139839192], [1602.8596113532599, 530.0799861583803], [1638.9424339659693, 529.2253270345257], [1639.8449648991837, 562.3109616462577], [1603.7383864903607, 562.7288418363919]], [[1723.677716114359, 537.5605159787328], [1766.54326957098, 536.7021671902202], [1767.6111521717662, 574.0953362250452], [1724.7140759469983, 574.4056735441499], [1737.8980263122487, 537.3611893931167], [1784.3500082764353, 536.432395584016], [1785.5088001981492, 576.7562132757795], [1739.0199982899157, 577.0484610024146]], [[1663.7543762334087, 541.6976746903176], [1695.6721883187981, 541.0917728929617], [1696.322843005837, 564.4586592525031], [1664.3903441431628, 564.8032631498194], [1670.343759302713, 541.7798259572735], [1704.0495860669093, 541.1424518636092], [1704.7371690967439, 565.7611634251274], [1671.0150060786823, 566.108666514812]], [[1674.4123776696572, 538.7338577542046], [1706.816708640987, 538.0871244386627], [1707.5167725534066, 563.1270242754692], [1675.0964628867036, 563.4905929871662], [1682.1062700345044, 538.6534955742829], [1716.4706873667724, 537.9685280996554], [1717.2136642878704, 564.4514606935697], [1682.8313300662203, 564.8198922450601]], [[1524.7857399560644, 537.0770201521104], [1428.2021204750708, 539.1644048384915], [1430.2339122471042, 619.9216259655226], [1526.9697443628515, 620.6596573507347], [1520.394799373515, 537.6594437762483], [1437.6730983108428, 539.4331081878754], [1439.4223480961007, 608.6984893044815], [1522.255580822408, 608.99303796767]]], "objects_token": ["2f87a4dc69695d768b91d1c3c14038bdfdb68ef0b3620dbc303ed66e22fff305", "6691069da9074f99faeb6892653c2c5c716ab778ae5b1684e01e8b43a60929bb", "7c3d6f970c6a07ba0ec8990cc60c5cfedb2994ae476d293e40f9fc7d3d4ba306", "19ce84368ecf37fd003295b7612ca2a44c97e6b2077c1a4dba6c76b3e4bbebb2", "13a6bc90ae2c18479d7aef9adaaf58d663af2e554d7e5bc91b6bac1c8dd7758d", "050214c20b5a416943025c4db741d503519ec18394a239081c6cffd5778e0785", "b7024a366080b8afb85cddeaffa3aa6dde98574a18942b0da092f50ad5fe8ed2", "277dba39a04b572ca1f799c10225e6559bcd1df7ecea8af80f31d7039ca43475", "517ee7c19b4441601117fa2a129fec88f805048bf3eb4ebabaf95dc7d82fe495", "e4fe10d7fbbfba46ab5d2679051fc836d9aabe272874d67b13493c1db5566a57", "0ac66861109a83f9b2e3d609dc9e7275b3deba2c86ebc9bcc8d5b00124105882"], "objects_type": ["pedestrian", "car", "car", "pedestrian", "bus", "car", "car", "car", "car", "car", "car"], "cam_intrinsic": [[1109.05239567, 0.0, 957.849065461], [0.0, 1109.05239567, 539.672710373], [0.0, 0.0, 1.0]], "ego_translation": [0.0, 0.0, 0.0], "ego_rotation": [[1.0, 0.0, 0.0], [0.0, 1.0, 0.0], [0.0, 0.0, 1.0]], "cam_translation": [1.5039405282244198, -0.02676183592864872, 1.6584901808053665],