{"scene_token": "da4ed9e02f64c544f4f1f10c6738216dcb0e6b0d50952e158e5589854af9f100", "sample_token": "58fe68b09d5650714880bd4a4706153df4a039b81dd2e95ff4bcdf4bba004962", "map_patch": [-10, -40, 70, 40], "egobbox": [[2.0426683860917305, -0.8618451982938351], [2.0426593325557714, 0.8681407829658083], [-2.0413391887133767, 0.8681334012197508], [-2.0413301351774176, -0.8618525800398926]], "map_objects_center": [[28.600001297801224, 9.858410954269374], [19.87105119380808, 14.249354436792702], [31.561507936516016, -24.445287962477053], [23.8395959920399, 15.826827058996628], [93.58599758768663, -13.753886764758732], [38.62194124446389, -24.32020113310587], [47.922299389638766, 4.033132673466589], [23.72611084585075, 22.475073292737726], [27.603402408048094, -23.42074887214696], [39.18949289183141, 28.067807974087223], [34.936267921070495, -17.71184038783324], [45.17799814126699, 7.439180408355309], [15.481512984746972, 9.65190024526797], [57.68291109211377, 3.847627994544343], [10.632075557936782, -9.39954263617821], [73.82079296170923, -4.482864755693342]], "map_objects_elevation": [0.2988044656470844, 0.22954700852235332, 0.08324556583776821, 0.3915110250627625, 0.14724932798355905, -0.06811451659245593, 0.1859585723741779, 0.3255024109362741, 0.24431800841144347, -0.1641898913368416, 0.02491124213910534, -0.10422974298482668, 0.17394919790028462, 0.1146921461755418, -0.07035860277423689, 0.09459068244256352], "map_objects_bbox": [[[29.554976168430485, 12.148647076695756], [27.700108992208477, 12.170845242705473], [27.645026427171963, 7.568174831842993], [29.49989360339397, 7.545976665833274]], [[18.829390858065736, 11.590165040577919], [20.92638391457146, 11.595561425179673], [20.91271152955042, 16.908543833007485], [18.815718473044697, 16.903147448405733]], [[32.517532653845684, -22.381817284261654], [30.640600082367996, -22.365907472001947], [30.605483219186343, -26.508758640692452], [32.482415790664035, -26.52466845295216]], [[22.8379130417814, 13.609902101502255], [24.763622109367546, 13.576426931353458], [24.841278942298402, 18.043752016491], [22.915569874712254, 18.0772271866398]], [[94.04342889766667, -14.236837172823522], [94.03149895500594, -13.25991001255613], [93.1285662777066, -13.270936356693943], [93.14049622036733, -14.247863516961335]], [[39.71448066719989, -21.726037325678185], [37.74411621723194, -21.645738295157802], [37.529401821727895, -26.914364940533552], [39.49976627169584, -26.994663971053935]], [[45.69652721525196, 5.068280236727707], [45.638127004561326, 3.1341617255212997], [50.14807156402557, 2.9979851102054713], [50.206471774716206, 4.932103621411879]], [[22.644638965757103, 19.839471877013658], [24.715326130331825, 19.803476509735276], [24.8075827259444, 25.110674708461794], [22.73689556136968, 25.146670075740175]], [[28.551729325372797, -21.082715391232405], [26.60882514863172, -21.102012023116476], [26.65507549072339, -25.758782353061513], [28.597979667464468, -25.73948572117744]], [[40.55980103999616, 37.53508110731166], [37.91383405190899, 37.54829844262986], [37.81918474366665, 18.600534840862785], [40.46515173175382, 18.587317505544586]], [[35.98084135555122, -14.971319526760086], [33.96401522869497, -14.944836059652937], [33.89169448658977, -20.452361248906396], [35.90852061344602, -20.478844716013544]], [[41.05340689717304, 9.016138578106036], [40.87956775819616, 6.427970122661186], [49.30258938536094, 5.862222238604582], [49.47642852433782, 8.450390694049432]], [[14.70631443788867, 7.209750277934109], [16.672663624888692, 7.38337883199236], [16.256711531605273, 12.094050212601832], [14.290362344605253, 11.920421658543582]], [[55.35882452720401, 4.813666756088595], [55.36804935387666, 2.859688531395991], [60.00699765702353, 2.881589233000091], [59.99777283035088, 4.835567457692695]], [[11.385560788322104, -11.63708191127288], [12.752302115954064, -10.438273276276107], [9.878590327551459, -7.162003361083542], [8.511848999919499, -8.360811996080315]], [[75.97418737047266, -2.6957280736495717], [74.30088997717552, -1.7259694265703143], [71.6673985529458, -6.270001437737112], [73.34069594624295, -7.2397600848163695]]],