{"scene_token": "da4ed9e02f64c544f4f1f10c6738216dcb0e6b0d50952e158e5589854af9f100", "sample_token": "e905618d5dc4699b0d07c5b81e4393bf546c5f9e91cd22f60befc3c03c6f59d6", "map_patch": [-10, -40, 70, 40], "egobbox": [[2.04266838609173, -0.8618451982938351], [2.042659332555771, 0.8681407829658083], [-2.041339188713377, 0.8681334012197508], [-2.041330135177418, -0.8618525800398926]], "map_objects_center": [[23.72611084585075, 22.475073292737726], [46.78672453049835, 7.303426351749541], [57.68291109211377, 3.847627994544343], [39.18949289183141, 28.067807974087223], [17.867054884038353, -1.4932102367049467], [28.10500956912117, -3.70694965349218], [34.871458092328254, 18.103130081655756], [15.481512984746972, 9.65190024526797], [38.401777398598874, -29.420146872244946], [47.922299389638766, 4.033132673466589], [23.839595992040117, 15.826827058996692], [19.87105119380808, 14.249354436792702], [14.212464121517446, -12.693586720803163], [38.62194124446389, -24.32020113310587]], "map_objects_elevation": [0.32550241093627375, -0.0965329445963321, 0.1146921461755418, -0.1641898913368416, 0.17129805027960243, 0.23936735654440977, 0.1343734931331393, 0.17394919790028462, -0.20272617352747324, 0.1859585723741779, 0.39151102506276214, 0.22954700852235332, 0.08155959469558427, -0.06811451659245593], "map_objects_bbox": [[[22.644638965757103, 19.839471877013658], [24.715326130331825, 19.803476509735276], [24.8075827259444, 25.110674708461794], [22.73689556136968, 25.146670075740175]], [[42.65122464432153, 8.851551247044336], [42.49545841936427, 6.262232247159895], [50.922224416675164, 5.7553014564547444], [51.077990641632425, 8.344620456339186]], [[55.35882452720401, 4.813666756088596], [55.36804935387666, 2.8596885313959923], [60.00699765702353, 2.88158923300009], [59.99777283035088, 4.835567457692694]], [[40.55980103999616, 37.53508110731166], [37.91383405190899, 37.54829844262986], [37.81918474366665, 18.600534840862785], [40.46515173175382, 18.587317505544586]], [[16.703683744921882, 0.7356612474032893], [15.507757030220503, -0.6242947419815015], [19.030426023154824, -3.7220817208131827], [20.226352737856203, -2.362125731428392]], [[28.973025073293847, -1.467226660683505], [27.275086071498897, -1.4528340867799456], [27.23699406494849, -5.946672646300856], [28.93493306674344, -5.961065220204414]], [[35.8451450672239, 20.596411087663416], [34.0106070141049, 20.637583064277784], [33.897771117432605, 15.609849075648096], [35.73230917055161, 15.56867709903373]], [[14.706314437888672, 7.209750277934109], [16.672663624888692, 7.383378831992361], [16.256711531605273, 12.094050212601832], [14.290362344605253, 11.920421658543582]], [[39.339154600398686, -27.073328977403943], [37.574632756767336, -27.032247797432657], [37.46440019679906, -31.76696476708595], [39.22892204043041, -31.808045947057234]], [[45.69652721525196, 5.068280236727707], [45.638127004561326, 3.1341617255212997], [50.14807156402557, 2.9979851102054713], [50.206471774716206, 4.932103621411879]], [[22.837913041781615, 13.60990210150232], [24.763622109367763, 13.57642693135352], [24.84127894229862, 18.043752016491066], [22.91556987471247, 18.077227186639863]], [[18.829390858065736, 11.590165040577917], [20.926383914571463, 11.595561425179673], [20.91271152955042, 16.908543833007485], [18.815718473044694, 16.903147448405733]], [[12.226570500229439, -14.299797409015518], [13.7328922983011, -15.202310921742148], [16.198357742805452, -11.087376032590807], [14.69203594473379, -10.184862519864177]], [[39.71448066719989, -21.726037325678185], [37.74411621723194, -21.645738295157802], [37.529401821727895, -26.914364940533552], [39.49976627169584, -26.994663971053935]]], "image_objects_bbox": [[[22.748113350590017, 561.653586036897], [-70.83808421310059, 560.9809660158069], [-72.22429637830493, 646.9804822734785], [21.658537405009838, 640.0149281385956], [-222.9413681583467, 563.753964155207], [-339.7343033330891, 563.2884755035725], [-341.6561208989921, 648.7813000619664], [-224.47804774109872, 641.6944030781654]], [[794.9568497669237, 527.8173003722378], [726.0257409062267, 528.5612631143716], [726.270556999797, 618.045827009832], [795.3493569414816, 617.6773907880381], [835.3170207790728, 534.6854271644473], [777.9351136358893, 535.2793422966917], [778.2296365160598, 609.5739574243004], [835.7138474633998, 609.2387143775809]], [[905.749251681296, 563.2835279096903], [865.5304502500585, 563.6146201996136], [865.758370864382, 601.3883329579403], [906.0131298749681, 601.0594557803038], [910.0586415434863, 563.7182645426612], [873.0270649885432, 564.0230899640117], [873.2430749004806, 598.8009696762881], [910.3051336218668, 598.4980219178392]], [[-171.11364838354177, 527.1403322138032], [-94.3204671983326, 529.933606656536], [-95.97385228676184, 629.0179032040229], [-173.0796975747351, 633.3786892550879], [398.2703667457647, 522.1531256660012], [436.9914172081299, 525.2992535528025], [436.58215909304386, 624.9280096594237], [397.733366018585, 629.0176513710387]], [[1011.8948791071831, 538.6654687060797], [909.0516872551593, 541.861015145422], [910.0144464509941, 678.0929224797153], [1013.3009508057477, 686.6419531278717], [1198.8262569824267, 543.0633267283113], [1103.193767160214, 545.3778847707202], [1104.4844862138436, 656.0620974787103], [1200.473819329108, 661.3768559479274]], [[1026.3615457515286, 556.0048534797527], [1023.1722053071245, 556.7863435928398], [1023.8453764186623, 625.7252349683265], [1027.0846899729634, 629.4921667216297], [1220.492698696445, 554.3765061419666], [1205.2665771609197, 555.2608195555334], [1206.23916700968, 624.3674183028755], [1221.5561907200488, 628.0544174413619]], [[262.84044092701015, 571.927447660314], [301.5380086878354, 571.7462167071727], [301.16097581732623, 623.3442012661721], [262.39231199054313, 626.4285618666866], [431.3211220772663, 570.5305702103666], [461.18204657907626, 570.4231968716387], [460.9990717531917, 622.238912883935], [431.08914087781017, 625.2746640229826]], [[424.67179413117304, 573.441055456569], [358.9294297243251, 574.0216746531307], [358.18873180885504, 698.5221983260603], [424.19559310181387, 681.8032370769113], [58.31063015789299, 576.4604563742093], [-65.42358757352032, 577.520182237123], [-67.47357776208364, 705.7689429802654], [56.85863696525919, 687.6510924712516]], [[1800.131578986564, 572.4195194475194], [1762.2257115801667, 572.2364691822972], [1763.4484412684362, 617.1214335732776], [1801.4567104445825, 619.5137979494102], [1950.3856027273957, 571.2257817962623], [1905.2697588332755, 571.0981898300937], [1906.6495301512607, 616.1511565260067], [1951.8840034672864, 618.5050425112702]], [[885.7491127365248, 566.0044450568989], [837.3635605223714, 566.4077186249428], [837.5803005034077, 606.7904653075223], [886.0124977002283, 606.4518630374804], [896.2289325332009, 566.2310198728696], [852.3043590882517, 566.5966552602994], [852.513981558248, 603.2404248812156], [896.4769917723302, 602.9280316407157]], [[318.83493549708425, 556.0887021517545], [259.0248030261245, 554.9677787272309], [258.314889788694, 640.3352815462483], [318.29448305462864, 634.4087326683181], [110.58120365509845, 557.8828684955771], [32.45329432908856, 556.9278799885799], [31.291524767690728, 641.8747152334345], [109.65905530810693, 635.848676797315]], [[303.77304285298953, 568.6509425239741], [224.40905249832204, 568.6391306918257], [223.51787062023757, 666.2271354445244], [303.1413449017111, 655.7241532045467], [2.5771352643898306, 571.1334918675117], [-112.93471049106495, 571.4204297404937], [-114.60257441800691, 668.8961768183283], [1.326439055849238, 658.1173226597921]], [[2352.8745694737468, 563.0895291813607], [2454.5362343523598, 563.0685310269449], [2461.462197217632, 721.8279565804014], [2358.6065295028875, 702.1457158908006], [1804.1313448950089, 566.6175166382202], [1823.7340151516446, 567.0039281063025], [1827.422593891447, 695.5268800502974], [1807.3869239265757, 681.9150785394847]], [[1629.5068768204535, 561.0745107426105], [1597.483638727159, 