{"scene_token": "da4ed9e02f64c544f4f1f10c6738216dcb0e6b0d50952e158e5589854af9f100", "sample_token": "ac823bd837677c2f26a725e05a74067d84dad0f26b57b77235eaeed889bd2cab", "map_patch": [-10, -40, 70, 40], "egobbox": [[2.0426683860917296, -0.8618451982938348], [2.0426593325557705, 0.868140782965808], [-2.041339188713376, 0.8681334012197505], [-2.0413301351774167, -0.8618525800398923]], "map_objects_center": [[38.62194124446389, -24.32020113310587], [23.839595992040117, 15.826827058996692], [38.401777398598874, -29.420146872244946], [23.72611084585069, 22.475073292737946], [19.871051193808015, 14.24935443679292], [39.18949289183156, 28.067807974087504], [72.01967962295129, -9.071402859155054], [47.9222993896387, 4.033132673466808], [45.504278225274845, 7.5067659308023185], [35.454917120032455, 12.318921608625704], [28.331228641896956, -17.639864590047992], [83.82725012608124, -7.1913755426759245], [15.481512984746972, 9.65190024526797], [10.82717462005432, 1.756807688587562], [57.68291109211377, 3.847627994544343], [28.078264056552825, 10.071071786797544], [91.05498320789577, -7.246360412037948], [34.85848871382565, -30.170184042798503]], "map_objects_elevation": [-0.06811451659244172, 0.39151102506276214, -0.20272617352747324, 0.32550241093627375, 0.22954700852235332, -0.1641898913368416, 0.07210037285213966, 0.18595857237417768, -0.09583308083257558, 0.1306447517074072, 0.18631736315268554, -0.28077910396127215, 0.17394919790028462, 0.11741526970619975, 0.11469214617555601, 0.2897148340266008, -0.062466469699431704, -0.0341037534741766], "map_objects_bbox": [[[39.71448066719989, -21.726037325678185], [37.74411621723194, -21.645738295157802], [37.529401821727895, -26.914364940533552], [39.49976627169584, -26.994663971053935]], [[22.837913041781615, 13.60990210150232], [24.763622109367763, 13.57642693135352], [24.84127894229862, 18.043752016491066], [22.91556987471247, 18.077227186639863]], [[39.339154600398686, -27.073328977403943], [37.574632756767336, -27.032247797432657], [37.46440019679906, -31.76696476708595], [39.22892204043041, -31.808045947057234]], [[22.644638965757043, 19.839471877013878], [24.715326130331764, 19.803476509735496], [24.80758272594434, 25.110674708462014], [22.736895561369618, 25.146670075740396]], [[18.829390858065672, 11.590165040578135], [20.9263839145714, 11.595561425179891], [20.912711529550357, 16.908543833007705], [18.81571847304463, 16.90314744840595]], [[40.559801039996316, 37.53508110731194], [37.91383405190915, 37.54829844263014], [37.81918474366681, 18.600534840863066], [40.46515173175398, 18.587317505544867]], [[72.87095487121654, -6.4056392815490195], [70.93880384377347, -6.490187534935327], [71.16840437468603, -11.737166436761088], [73.1005554021291, -11.65261818337478]], [[45.6965272152519, 5.068280236727925], [45.63812700456126, 3.1341617255215173], [50.14807156402551, 2.9979851102056907], [50.20647177471614, 4.932103621412098]], [[41.374207498335245, 9.06931698292081], [41.20940381232772, 6.480557483647398], [49.634348952214445, 5.944214878683827], [49.79915263822197, 8.532974377957238]], [[36.367484072031644, 14.700671765153233], [34.59961066633865, 14.72182883119376], [34.542350168033266, 9.937171452098175], [36.31022357372626, 9.916014386057649]], [[29.310134008897418, -15.359754333403], [27.455600990621804, -15.3181336158991], [27.352323274896495, -19.919974846692984], [29.20685629317211, -19.961595564196884]], [[86.15195449198092, -8.289682699698497], [86.25052951282652, -6.332163104581941], [81.50254576018156, -6.093068385653352], [81.40397073933596, -8.050587980769908]], [[14.706314437888672, 7.209750277934109], [16.672663624888692, 7.383378831992361], [16.256711531605273, 12.094050212601832], [14.290362344605253, 11.920421658543582]], [[8.86877812516324, 3.333507935558536], [8.317332521193235, 1.6085068498017312], [12.7855711149454, 0.1801074416165882], [13.337016718915406, 1.905108527373393]], [[55.35882452720401, 4.813666756088595], [55.36804935387666, 2.859688531395991], [60.00699765702353, 2.881589233000091], [59.99777283035088, 4.835567457692695]], [[28.946279560725504, 12.31079477960622], [27.248340558930554, 12.32518735350978], [27.210248552380147, 7.8313487939888695], [28.908187554175097, 7.816956220085309]], [[93.22432255801262, -8.16279809897287], [93.27101567788152, -6.449434228524765], [88.88564385777893, -6.329922725103026], [88.83895073791003, -8.04328659555113]], [[35.90226491891974, -27.429359443580346], [33.88543117366312, -27.403462648524616], [33.81471250873156, -32.91100864201666], [35.83154625398818, -32.93690543707239]]],