{"scene_token": "da4ed9e02f64c544f4f1f10c6738216dcb0e6b0d50952e158e5589854af9f100", "sample_token": "282b5aec05ed14275e0a7fb3f785c4cb4ad096a0faee0c5bf1d42122c646d194", "map_patch": [-10, -40, 70, 40], "egobbox": [[2.04266838609173, -0.8618451982938348], [2.042659332555771, 0.8681407829658087], [-2.041339188713377, 0.8681334012197502], [-2.041330135177418, -0.8618525800398932]], "map_objects_center": [[47.922299389638766, 4.033132673466573], [19.871051193808082, 14.249354436792693], [23.72611084585076, 22.47507329273772], [28.775736562136103, 24.48527260255276], [15.481512984746974, 9.651900245267967], [28.249381236877017, 7.606723198637962], [19.814146019428012, -2.043060017168809], [38.621941244463876, -24.320201133105876], [35.18815666148332, -8.168574165447614], [24.82077328146295, -17.96375671287998], [74.754253530123, 5.956132871060506], [23.83959599204012, 15.826827058996683], [57.68291109211376, 3.8476279945443252], [31.92903332056239, -27.70736746825589], [7.808697890319405, 2.496209767753047], [32.87051523085731, 20.393648989737738], [39.189492891831414, 28.06780797408721], [86.64828473926778, -4.124997700577101]], "map_objects_elevation": [0.18595857237417768, 0.2295470085223391, 0.3255024109362741, 0.2887820052947889, 0.17394919790028462, 0.3383858738191493, 0.13757316285087962, -0.06811451659245571, 0.14592145710737847, 0.21449198967659588, -0.07892805756202237, 0.39151102506274826, 0.1146921461755418, -0.006382658986310963, 0.03881571249094007, 0.11798163431089481, -0.1641898913368416, 0.14360541475112631], "map_objects_bbox": [[[45.69652721525196, 5.068280236727691], [45.638127004561326, 3.1341617255212837], [50.14807156402557, 2.9979851102054553], [50.206471774716206, 4.932103621411863]], [[18.829390858065736, 11.59016504057791], [20.926383914571463, 11.595561425179664], [20.91271152955043, 16.908543833007478], [18.8157184730447, 16.903147448405722]], [[22.64463896575711, 19.83947187701365], [24.715326130331828, 19.80347650973527], [24.807582725944407, 25.110674708461787], [22.73689556136969, 25.146670075740168]], [[29.6372306474655, 26.423266717854062], [27.939265833818308, 26.434197939929106], [27.914242476806706, 22.54727848725146], [29.6122072904539, 22.536347265176417]], [[14.706314437888674, 7.209750277934106], [16.672663624888692, 7.383378831992356], [16.256711531605276, 12.094050212601829], [14.290362344605255, 11.920421658543578]], [[29.208424372547107, 10.053085296513926], [27.30643463926838, 10.059334656667605], [27.290338101206927, 5.160361100761998], [29.192327834485653, 5.154111740608317]], [[19.07056738980538, 0.3749643978378976], [17.56959779280816, -0.8761176413945466], [20.557724649050645, -4.461084432175516], [22.058694246047864, -3.2100023929430717]], [[39.71448066719987, -21.726037325678192], [37.74411621723193, -21.64573829515781], [37.52940182172788, -26.91436494053356], [39.499766271695826, -26.994663971053942]], [[35.97505501942272, -5.544495665426649], [34.214200711394746, -5.608026019583713], [34.40125830354392, -10.79265266546858], [36.16211261157189, -10.729122311311516]], [[25.729175083041255, -15.5766051850357], [23.973316810329507, -15.55429540803733], [23.912371479884648, -20.350908240724262], [25.668229752596396, -20.373218017722632]], [[70.70544379959141, 7.718571456076371], [70.41437656095489, 5.140953202224085], [78.80306326065458, 4.19369428604464], [79.0941304992911, 6.771312539896926]], [[22.83791304178162, 13.60990210150231], [24.763622109367766, 13.576426931353513], [24.841278942298622, 18.043752016491055], [22.915569874712475, 18.077227186639853]], [[55.358824527204, 4.813666756088578], [55.36804935387665, 2.859688531395974], [60.006997657023526, 2.8815892330000725], [59.997772830350875, 4.835567457692676]], [[33.31913004072273, -24.79974582701722], [30.865829745902907, -24.664962061537167], [30.53893660040205, -30.61498910949456], [32.99223689522187, -30.74977287497461]], [[6.108077445957713, 3.8322559324565875], [5.6916453737836346, 2.054375078950143], [9.509318334681097, 1.160163603049506], [9.925750406855176, 2.9380444565559505]], [[34.27867860615703, 25.760152358642344], [31.539749558135355, 25.7798670715002], [31.462351855557582, 15.027145620833132], [34.20128090357926, 15.007430907975277]], [[40.55980103999617, 37.53508110731165], [37.913834051909, 37.54829844262984], [37.81918474366666, 18.60053484086277], [40.46515173175383, 18.587317505544572]], [[88.89818099095274, -5.066009446866155], [88.93350797078405, -3.2733574994720165], [84.39838848758282, -3.183985954288046], [84.36306150775151, -4.976637901682185]]],