{"scene_token": "da4ed9e02f64c544f4f1f10c6738216dcb0e6b0d50952e158e5589854af9f100", "sample_token": "756b3345ba8714dc6f48ed973fd1364b760075741e37c347c25c9fca8891e5a5", "map_patch": [-10, -40, 70, 40], "egobbox": [[2.04266838609173, -0.8618451982938351], [2.042659332555771, 0.8681407829658079], [-2.0413391887133763, 0.8681334012197508], [-2.041330135177417, -0.8618525800398922]], "map_objects_center": [[28.667258392542074, 26.825923335540665], [32.24870369301198, -1.9133478004500244], [47.922299389638766, 4.033132673466589], [15.481512984746972, 9.65190024526797], [22.85892481241809, -10.812848493381892], [23.839595992040117, 15.826827058996692], [38.62194124446389, -24.32020113310587], [19.87105119380808, 14.249354436792702], [11.290002706813576, 2.490432774159324], [24.600573725666166, -18.213151408131015], [59.66187553152688, 6.902658420649679], [84.96213554405861, -12.86875029445872], [34.801856072066315, -25.061853314053277], [23.72611084585075, 22.475073292737726], [57.68291109211377, 3.847627994544343], [35.26628911548606, 15.175385742392695], [39.18949289183141, 28.067807974087223]], "map_objects_elevation": [0.37403388151014394, 0.11790824907184616, 0.1859585723741779, 0.17394919790028462, 0.17450173057260832, 0.39151102506276214, -0.06811451659245593, 0.22954700852235332, 0.0995482107714688, 0.1972447938227755, -0.09965802301478188, -0.05737037459634031, -0.04751935140859653, 0.32550241093627375, 0.1146921461755418, 0.22836016628953493, -0.1641898913368416], "map_objects_bbox": [[[29.668850366922264, 29.2551752300253], [27.767259382265788, 29.29461793623588], [27.665666418161884, 24.39667144105603], [29.56725740281836, 24.35722873484545]], [[33.546783881491834, 1.036503098201655], [31.0904604818871, 1.094160331522875], [30.950623504532135, -4.863198699101703], [33.406946904136866, -4.920855932422924]], [[45.69652721525196, 5.068280236727707], [45.638127004561326, 3.1341617255212997], [50.14807156402557, 2.9979851102054713], [50.206471774716206, 4.932103621411879]], [[14.706314437888672, 7.209750277934109], [16.672663624888692, 7.383378831992361], [16.256711531605273, 12.094050212601832], [14.290362344605253, 11.920421658543582]], [[22.233830138845896, -8.3363705711965], [20.782718882885813, -9.325214402560153], [23.48401948599028, -13.289326415567285], [24.935130741950363, -12.300482584203632]], [[22.837913041781615, 13.60990210150232], [24.763622109367763, 13.57642693135352], [24.84127894229862, 18.043752016491066], [22.91556987471247, 18.077227186639863]], [[39.71448066719989, -21.726037325678185], [37.74411621723194, -21.645738295157802], [37.529401821727895, -26.914364940533552], [39.49976627169584, -26.994663971053935]], [[18.829390858065736, 11.590165040577917], [20.926383914571463, 11.595561425179673], [20.91271152955042, 16.908543833007485], [18.815718473044694, 16.903147448405733]], [[9.343781402129883, 4.106593002353082], [8.772870122031476, 2.2378564478178], [13.236224011497269, 0.8742725459655658], [13.807135291595676, 2.743009100500848]], [[25.592540748509528, -15.902891265724694], [23.782789622124564, -15.83564648489854], [23.608606702822804, -20.523411550537336], [25.418357829207768, -20.59065633136349]], [[55.47486610046485, 8.305513375446374], [55.40956069398137, 5.712335555881347], [63.84888496258891, 5.499803465852985], [63.914190369072394, 8.092981285418013]], [[85.38841679868572, -13.362415456236956], [85.40571648362668, -12.390569418584414], [84.5358542894315, -12.375085132680486], [84.51855460449055, -13.346931170333027]], [[35.740636496817416, -22.55522054994439], [33.9057024165502, -22.539666737745904], [33.86307564731521, -27.568486078162163], [35.69800972758243, -27.58403989036065]], [[22.644638965757103, 19.839471877013658], [24.715326130331825, 19.803476509735276], [24.8075827259444, 25.110674708461794], [22.73689556136968, 25.146670075740175]], [[55.35882452720401, 4.813666756088596], [55.36804935387666, 2.8596885313959923], [60.00699765702353, 2.88158923300009], [59.99777283035088, 4.835567457692694]], [[36.1170645296235, 17.77945528729722], [34.35518366966945, 17.758965403754683], [34.41551370134862, 12.57131619748817], [36.17739456130267, 12.591806081030708]], [[40.55980103999616, 37.53508110731166], [37.91383405190899, 37.54829844262986], [37.81918474366665, 18.600534840862785], [40.46515173175382, 18.587317505544586]]],