{"scene_token": "da4ed9e02f64c544f4f1f10c6738216dcb0e6b0d50952e158e5589854af9f100", "sample_token": "df5becc2c814393e9f29b5367d2b3bacccdb08d41a35fb7b0053291c22ace038", "map_patch": [-10, -40, 70, 40], "egobbox": [[2.051904453100904, -0.8627556951511554], [2.051883999425475, 0.867236843325648], [-2.0317769278680995, 0.867343122567488], [-2.0317564741926706, -0.8626494159093153]], "map_objects_center": [[56.07646634971612, 5.173494993570296], [33.8305351173746, -16.222742905210126], [18.030061039897067, 14.681331026826236], [21.96036172588883, 16.352854358191706], [30.56075442404706, -17.60457091888847], [26.475293160868198, 8.226405381122692], [82.47356278696452, -5.248448593654352], [37.584340532289346, -28.541073022353153], [37.017666159847266, 28.953627933230173], [80.10918360024895, 0.08823818210813172], [42.05660726977685, 8.608790230074579], [46.31419000900318, 5.128829741828257], [13.750037776516361, 9.981439226554519], [37.68432512783552, -23.436150286114703], [89.70060495808545, -5.132050322133306], [33.71654968406099, -23.141453510519447]], "map_objects_elevation": [0.07832606655884333, 0.09322601454402313, 0.15249735527562136, 0.30644587459178085, 0.15335475497371676, 0.35680500311739005, -0.27130754204643603, -0.08233187526231922, -0.3085058795835729, 0.09428375980566872, -0.10475696121846934, 0.15059345730996854, 0.11889093267059514, 0.02876598096429772, -0.054117451894272306, 0.026238577179399036], "map_objects_bbox": [[[53.73026448047775, 6.084508735937771], [53.785523631704976, 4.13129025706613], [58.42266821895449, 4.262481251202821], [58.367409067727266, 6.215699730074462]], [[34.816680618002366, -13.460659397857096], [32.79974686969729, -13.477007331916454], [32.84438961674684, -18.984826412563155], [34.861323365051916, -18.968478478503798]], [[17.051341936421235, 11.998337658125623], [19.147625748084426, 12.053138944231414], [19.0087801433729, 17.36432439552685], [16.912496331709708, 17.309523109421058]], [[21.01118889825752, 14.112944551238225], [22.93715210447521, 14.12484952060695], [22.909534553520142, 18.592764165145187], [20.98357134730245, 18.580859195776462]], [[31.504154643680284, -15.535297972755943], [29.627159900970085, -15.530855469150808], [29.61735420441384, -19.673843865021], [31.49434894712404, -19.678286368626132]], [[27.454704876733025, 10.551588640744763], [25.51171610853048, 10.558195201026741], [25.49588144500337, 5.901222121500622], [27.438870213205917, 5.894615561218643]], [[84.82349860750239, -6.291679459452059], [84.87592594292337, -4.3323807648930455], [80.12362696642666, -4.205217727856645], [80.07119963100567, -6.164516422415659]], [[38.46616510744649, -26.172821416495168], [36.70116517923571, -26.17332482084215], [36.7025159571322, -30.909324628211138], [38.46751588534298, -30.908821223864155]], [[38.16453935804008, 38.450558325060314], [35.51899545380633, 38.40143144065214], [35.87079296165445, 19.456697541400032], [38.5163368658882, 19.505824425808207]], [[82.82956307342441, -0.5678872037181241], [82.60540930139315, 1.3530789819509943], [77.3888041270735, 0.7443635679343875], [77.61295789910476, -1.1766026177347308]], [[38.0536902281835, 10.473114546850377], [37.697492791795696, 7.903686714372735], [46.0595243113702, 6.7444659132987805], [46.415721747758, 9.313893745776422]], [[44.06464699493021, 6.1112494473693735], [44.05183197415822, 4.176291883172522], [48.563733023076146, 4.146410036287141], [48.576548043848135, 6.0813676004839925]], [[13.032592917381972, 7.521703036614298], [14.994305475240647, 7.741611745717799], [14.46748263565075, 12.44117541649474], [12.505770077792075, 12.221266707391239]], [[38.715441236233346, -20.816965714343837], [36.74373184558297, -20.7831119284234], [36.653209019437696, -26.05533485788557], [38.62491841008807, -26.089188643806008]], [[91.89093393798034, -5.997122694731478], [91.89724622789053, -4.283134318167596], [87.51027597819056, -4.266977949535135], [87.50396368828036, -5.980966326099017]], [[34.82651343689915, -20.90574853951244], [32.87382719681063, -20.791939718373815], [32.60658593122284, -25.377158481526454], [34.559272171311356, -25.49096730266508]]],