{"scene_token": "da4ed9e02f64c544f4f1f10c6738216dcb0e6b0d50952e158e5589854af9f100", "sample_token": "c2ba18e4414ce9038ad52efab44e1a0a211ff1e6b297a632805000510756174d", "map_patch": [-10, -40, 70, 40], "egobbox": [[2.0426683860917296, -0.861845198293835], [2.0426593325557705, 0.8681407829658078], [-2.041339188713376, 0.8681334012197507], [-2.0413301351774167, -0.8618525800398921]], "map_objects_center": [[28.785855667252676, 18.134077266761793], [21.86623348736813, -4.540647067663244], [23.83959599204012, 15.826827058996683], [38.621941244463876, -24.320201133105876], [19.871051193808082, 14.249354436792693], [15.481512984746974, 9.651900245267967], [23.72611084585076, 22.47507329273772], [83.82725012608128, -7.19137554267617], [11.516763561022072, 1.533933760353644], [28.306198730871696, 1.1040304263449094], [47.922299389638766, 4.033132673466573], [38.40177739859886, -29.420146872244956], [32.78454316044355, 12.57128507360255], [81.89245148848028, -4.007108467293101], [91.05498320789559, -7.246360412038257], [81.7733042545578, -12.755524922893848], [39.189492891831414, 28.06780797408721], [35.22326793316637, -15.385051000060889], [24.75084920854963, -21.260093546895636], [80.4279116579914, 5.224837494564017]], "map_objects_elevation": [0.25819752660411865, 0.157992495008751, 0.39151102506274793, -0.06811451659245571, 0.2295470085223391, 0.17394919790028462, 0.32550241093627375, -0.28077910396127237, 0.07298978656181565, 0.27008154346449975, 0.18595857237417812, -0.20272617352747302, 0.08029122898777619, 0.14313703488881435, -0.06246646969943148, -0.057519822777601703, -0.1641898913368416, 0.11117531934844882, 0.22860229572641122, -0.05721353732904655], "map_objects_bbox": [[[29.69276931346203, 20.051236855403086], [27.995533340559437, 20.102168695006473], [27.878942021043322, 16.2169176781205], [29.576177993945915, 16.165985838517113]], [[21.64163937940848, -2.020863597467876], [19.913354987202723, -2.93253736568651], [22.09082759532778, -7.060430537858611], [23.81911198753354, -6.148756769639977]], [[22.83791304178162, 13.60990210150231], [24.763622109367766, 13.576426931353511], [24.841278942298622, 18.043752016491055], [22.915569874712475, 18.077227186639853]], [[39.71448066719987, -21.726037325678192], [37.74411621723193, -21.64573829515781], [37.52940182172788, -26.91436494053356], [39.499766271695826, -26.994663971053942]], [[18.829390858065736, 11.59016504057791], [20.926383914571463, 11.595561425179664], [20.91271152955043, 16.908543833007478], [18.8157184730447, 16.903147448405722]], [[14.706314437888674, 7.209750277934106], [16.672663624888692, 7.383378831992356], [16.256711531605276, 12.094050212601829], [14.290362344605255, 11.920421658543578]], [[22.64463896575711, 19.83947187701365], [24.71532613033183, 19.80347650973527], [24.807582725944407, 25.110674708461787], [22.736895561369685, 25.146670075740168]], [[86.15195449198096, -8.289682699698744], [86.25052951282656, -6.332163104582187], [81.5025457601816, -6.093068385653595], [81.403970739336, -8.050587980770153]], [[10.046084243392757, 3.119566629178383], [9.356657300832996, 1.4287187676388824], [12.987442878651388, -0.051699108471095157], [13.676869821211149, 1.6391487530684057]], [[29.233137812507458, 3.5627364252264866], [27.331229225706405, 3.5440889735928542], [27.379259649235934, -1.3546755725366677], [29.281168236036986, -1.3360281209030354]], [[45.69652721525196, 5.068280236727691], [45.638127004561326, 3.134161725521285], [50.14807156402557, 2.997985110205455], [50.206471774716206, 4.932103621411862]], [[39.33915460039867, -27.073328977403953], [37.57463275676733, -27.032247797432667], [37.46440019679905, -31.76696476708596], [39.22892204043039, -31.808045947057245]], [[34.19270653574327, 17.937788442507156], [31.453777487721595, 17.95750315536501], [31.376379785143822, 7.204781704697942], [34.1153088331655, 7.185066991840087]], [[84.14234774016523, -4.948120213582153], [84.17767471999655, -3.1554682661880147], [79.64255523679532, -3.0660967210040484], [79.607228256964, -4.858748668398187]], [[93.22432255801243, -8.162798098973179], [93.27101567788134, -6.4494342285250745], [88.88564385777875, -6.3299227251033345], [88.83895073790984, -8.04328659555144]], [[82.1641107685775, -13.277723418295524], [82.24916086496424, -12.309451513764259], [81.3824977405381, -12.233326427492171], [81.29744764415136, -13.201598332023437]], [[40.55980103999617, 37.53508110731165], [37.913834051909, 37.54829844262984], [37.81918474366666, 18.60053484086277], [40.46515173175383, 18.587317505544572]], [[36.09220230183407, -12.786984399115475], [34.330221332463275, -12.795173634436669], [34.35433356449867, -17.983117601006303], [36.11631453386946, -17.97492836568511]], [[25.70904451222268, -18.892489692780906], [23.954038548963368, -18.833412887482513], [23.792653904876584, -23.627697401010366], [25.547659868135895, -23.68677420630876]], [[76.45645668939599, 7.155276675791653], [76.05770531673603, 4.592108061985336], [84.39936662658681, 3.2943983133363823], [84.79811799924677, 5.857566927142699]]],