{"scene_token": "da4ed9e02f64c544f4f1f10c6738216dcb0e6b0d50952e158e5589854af9f100", "sample_token": "22f7a0bc74de29b0e7828a5d3d41242f832239d3460cc9de0718a1ba3a82a798", "map_patch": [-10, -40, 70, 40], "egobbox": [[2.04266838609173, -0.8618451982938351], [2.042659332555771, 0.8681407829658083], [-2.041339188713377, 0.8681334012197508], [-2.041330135177418, -0.8618525800398926]], "map_objects_center": [[19.871051193808015, 14.24935443679292], [15.62517985319109, -0.06246090728460185], [72.01124737781448, -10.677113315806576], [35.394888360189626, 2.176795443810631], [23.72611084585069, 22.475073292737946], [28.100851022348735, 0.8609416299136603], [39.18949289183156, 28.067807974087504], [38.62194124446383, -24.320201133105655], [38.401777398598874, -29.420146872244946], [46.33125562441803, 7.367621612669834], [47.9222993896387, 4.033132673466808], [23.839595992040117, 15.826827058996692], [15.481512984746972, 9.65190024526797]], "map_objects_elevation": [0.22954700852235332, 0.15369968598231742, 0.06436560448078965, 0.10778857159561928, 0.32550241093627375, 0.2533648376424119, -0.1641898913368416, -0.06811451659245593, -0.20272617352747324, -0.09632301702242652, 0.18595857237417768, 0.39151102506276214, 0.17394919790028462], "map_objects_bbox": [[[18.829390858065672, 11.590165040578135], [20.9263839145714, 11.595561425179891], [20.912711529550357, 16.908543833007705], [18.81571847304463, 16.90314744840595]], [[14.148688675620603, 1.9725512063295936], [13.164257954156128, 0.45247977556164043], [17.101671030761576, -2.0974730208987973], [18.086101752226053, -0.5774015901308441]], [[72.74071929609642, -7.975477566776356], [70.81439264470461, -8.147586927758313], [71.28177545953255, -13.378749064836796], [73.20810211092436, -13.206639703854838]], [[36.29913589296407, 4.56171654302363], [34.53119940581832, 4.5767024503625535], [34.490640827415184, -0.20812565540236783], [36.25857731456093, -0.22311156274129118]], [[22.644638965757043, 19.839471877013878], [24.715326130331764, 19.803476509735496], [24.80758272594434, 25.110674708462014], [22.736895561369618, 25.146670075740396]], [[28.968866526521413, 3.1006646227223356], [27.270927524726464, 3.115057196625895], [27.232835518176056, -1.378781362895015], [28.930774519971006, -1.3931739367985743]], [[40.559801039996316, 37.53508110731194], [37.91383405190915, 37.54829844263014], [37.81918474366681, 18.600534840863066], [40.46515173175398, 18.587317505544867]], [[39.71448066719982, -21.72603732567797], [37.74411621723188, -21.64573829515759], [37.52940182172783, -26.91436494053334], [39.499766271695776, -26.994663971053722]], [[39.339154600398686, -27.073328977403943], [37.574632756767336, -27.032247797432657], [37.46440019679906, -31.76696476708595], [39.22892204043041, -31.808045947057234]], [[42.20118489747843, 8.930172664788326], [42.0363812114709, 6.341413165514914], [50.46132635135763, 5.80507056055134], [50.62613003736515, 8.393830059824753]], [[45.6965272152519, 5.068280236727924], [45.63812700456126, 3.1341617255215164], [50.14807156402551, 2.9979851102056916], [50.20647177471614, 4.932103621412099]], [[22.837913041781615, 13.60990210150232], [24.763622109367763, 13.57642693135352], [24.84127894229862, 18.043752016491066], [22.91556987471247, 18.077227186639863]], [[14.706314437888672, 7.209750277934109], [16.672663624888692, 7.383378831992361], [16.256711531605273, 12.094050212601832], [14.290362344605253, 11.920421658543582]]], "image_objects_bbox": [[[303.7730428529892, 568.650942524015], [224.40905249832127, 568.6391306918716], [223.51787062023692, 666.2271354445704], [303.14134490171057, 655.724153204588], [2.5771352643890877, 571.1334918675526], [-112.9347104910657, 571.4204297405395], [-114.60257441800768, 668.8961768183746], [1.326439055848679, 658.1173226598332]], [[918.8951250912475, 535.1625552640679], [789.4236343659442, 538.8915469004287], [790.1171266853996, 702.610907942549], [920.1926047677377, 712.870170338658], [1111.9827146996831, 542.1089355490712], [1001.5363269314394, 544.5402481478301], [1002.692604165505, 669.4687742664655], [1113.5604050356046, 675.0207557108648]], [[1095.253952604733, 560.3718018369725], [1089.0555545012157, 560.6200028178454], [1089.4175650863106, 592.5924537370807], [1095.6308631536058, 593.2343845277725], [1177.7090210868917, 559.7390858918222], [1169.3293965914677, 560.0028113164627], [1169.7495705113238, 591.7813377229185], [1178.1472972350332, 592.396830408117]], [[810.6356859342786, 568.3479962272999], [818.9666332608239, 568.36323312295], [819.2185329963767, 619.4406158139434], [810.8904683522823, 622.1601152808391], [971.2193476496874, 567.0240038213954], [971.3995853145369, 567.1066159545263], [971.8365582188834, 618.2882878222545], [971.6795378490216, 620.9518912756677]], [[22.748113350589566, 561.6535860369312], [-70.83808421310117, 560.9809660158443], [-72.22429637830551, 646.9804822735163], [21.65853740500954, 640.0149281386299], [-222.94136815834733, 563.7539641552411], [-339.7343033330899, 563.2884755036099], [-341.6561208989929, 648.7813000620039], [-224.47804774109915, 641.6944030781997]], [[829.8434341226042, 557.0308776007907], [838.7924593553039, 557.7482659209011], [839.1645245651893, 626.623071986435], [830.2244849118107, 630.4453745138582], [1023.2614859908589, 555.4068780102394], [1020.2592370957533, 556.226564634519], [1020.9286672595978, 625.2687661415205], [1023.9803966801707, 629.0115950882712]], [[-171.11364838353748, 527.1403322138254], [-94.32046719832897, 529.9336066565564], [-95.9738522867582, 629.0179032040431], [-173.07969757473037, 633.3786892551095], [398.270366745766, 522.1531256660234], [436.99141720813094, 525.2992535528231], [436.5821590930449, 624.9280096594438], [397.7333660185864, 629.0176513710604]], [[1629.5068768204537, 561.0745107426324], [1597.4836387271591, 561.4511347475799], [1598.709500780792, 613.9486537569768], [1630.8416594316425, 616.4397306321621], [1797.1594742778595, 559.6807657555677], [1756.1936619049259, 560.1324595311028], [1757.626030170195, 612.9747057836635], [1798.7246772651695, 615.4295409749692]], [[1800.1315789865698, 572.4195194475415], [1762.2257115801722, 572.236469182318], [1763.4484412684415, 617.1214335732985], [1801.4567104445885, 619.513797949432], [1950.3856027274012, 571.2257817962842], [1905.269758833281, 571.0981898301145], [1906.649530151266, 616.1511565260276], [1951.8840034672924, 618.505042511292]], [[790.8701897848589, 527.3675046751436], [721.2507488296487, 528.1306013536527], [721.4880396409789, 618.6022981164026], [791.2583445592971, 618.2433082036285], [832.9696534541914, 534.370230169782], [775.1064854268885, 534.9769017536945], [775.3986943720279, 609.953751923684], [833.3660318901625, 609.624407700278]], [[885.749112736525, 566.0044450569169], [837.3635605223715, 566.4077186249608], [837.5803005034078, 606.7904653075403], [886.0124977002286, 606.4518630374984], [896.228932533201, 566.2310198728859], [852.3043590882518, 566.5966552603155], [852.5139815582481, 603.2404248812319], [896.4769917723303, 602.928031640732]], [[318.83493549709607, 556.0887021517888], [259.0248030261378, 554.9677787272681], [258.31488978870715, 640.3352815462854], [318.2944830546405, 634.4087326683521], [110.5812036551108, 557.8828684956111], [32.45329432910201, 556.927879988617], [31.291524767704374, 641.8747152334714], [109.6590553081193, 635.8486767973487]], [[424.6717941311911, 573.4410554566211], [358.929429724346, 574.0216746531908], [358.18873180887596, 698.52219832612], [424.1955931018319, 681.8032370769632], [58.310630157912435, 576.460456374263], [-65.42358757349747, 577.5201822371848], [-67.47357776206056, 705.7689429803271], [56.85863696527882, 687.651092471305]]],