{"scene_token": "da4ed9e02f64c544f4f1f10c6738216dcb0e6b0d50952e158e5589854af9f100", "sample_token": "13da5221f7e193319f61603e1febcd17c5f9609136ff30ae345a40455c9e5433", "map_patch": [-10, -40, 70, 40], "egobbox": [[2.0382179598614636, -0.8538506704979583], [2.0383436060432496, 0.8759754227187182], [-2.0456106427530747, 0.8759979450519046], [-2.0457362889348607, -0.8538281481647718]], "map_objects_center": [[76.3060750752342, -33.31452807993922], [64.75927450505337, -32.97986557883702], [59.02519858786035, -31.236782041195976], [22.31218625693046, -5.9419434097259405], [31.426170256933926, -9.440250040939489], [75.89749525444167, -37.440077180216214], [50.42609537862148, -14.451873826484798], [14.71524631666411, 15.22275785884625], [52.24821535948638, -28.724500493361674], [22.286674327278433, 19.632051519437475], [60.87054751671583, -12.79256173147592]], "map_objects_elevation": [0.08414888069140725, -0.047646227974244004, -0.23765239554099205, -0.07674737308546564, -0.136338378698725, -0.03202544634793336, -0.09651202013514215, -0.12218668152143985, -0.46432637236686214, -0.5193220046152434, 0.07304005566791205], "map_objects_bbox": [[[78.34531677033988, -35.23089399200887], [79.10114596136604, -33.4507034870368], [74.26683338012853, -31.39816216786957], [73.51100418910237, -33.17835267284165]], [[66.43566344682782, -34.56016661531594], [67.06305700812766, -32.965120120934195], [63.08288556327892, -31.399564542358103], [62.45549200197908, -32.99461103673985]], [[60.75277046848603, -32.83721530980529], [61.38016402978587, -31.24216881542354], [57.29762670723468, -29.636348772586665], [56.67023314593484, -31.231395266968413]], [[20.571981835236127, -4.210677739554118], [19.85840227705543, -6.009296435705873], [24.052390678624793, -7.673209079897763], [24.76597023680549, -5.874590383746008]], [[29.56999294014941, -7.740480933485582], [28.91323286153925, -9.580802155214], [33.28234757371844, -11.140019148393396], [33.9391076523286, -9.299697926664978]], [[77.57388419621611, -39.020378216695136], [78.20127775751595, -37.42533172231339], [74.22110631266722, -35.85977614373729], [73.59371275136738, -37.45482263811904]], [[49.80703957727561, -14.713056549535189], [50.58246787164627, -15.105321715321553], [51.045151179967355, -14.190691103434407], [50.26972288559669, -13.798425937648043]], [[16.169919198215702, 19.392047583449042], [13.577750697346966, 19.489507642467775], [13.26057343511252, 11.053468134243461], [15.852741935981255, 10.956008075224727]], [[54.059929125971685, -30.548842080983803], [54.81925136882691, -28.741902753971047], [50.436501593001076, -26.900158905739545], [49.67717935014585, -28.7070982327523]], [[26.79918260746297, 28.066758036042902], [24.315878822692742, 28.98027777449733], [17.774166047093896, 11.197345002832048], [20.257469831864125, 10.283825264377619]], [[61.1742771615326, -13.39189035824047], [61.51149564563357, -12.590987933484094], [60.56681787189906, -12.193233104711371], [60.22959938779809, -12.994135529467748]]], "image_objects_bbox": [[[1424.225574131513, 550.6763487419176], [1454.295252297173, 550.0960305057898], [1455.1046944799175, 579.4985984960647], [1425.0089817035637, 579.7993764158767], [1424.505759146987, 550.2247494483319], [1456.5885145825248, 549.6010084429294], [1457.4536105252191, 580.9701508116982], [1425.341223345863, 581.275909365081]], [[1502.7011820410123, 558.3763026122614], [1534.9318285611157, 557.8453792364548], [1535.7096095563077, 584.4701478724442], [1503.4539150401713, 584.752940722601], [1510.2341764129633, 558.3946200108641], [1544.633403766697, 557.8294019557376], [1545.4674808543405, 586.1842064680301], [1511.039760977533, 586.4681703804495]], [[1523.11787065927, 557.4522537970682], [1558.6301639774836, 556.8612134860675], [1559.6252363778137, 590.3549141914034], [1524.0781433160307, 590.6043270788377], [1533.1256015197205, 557.4057602896776], [1571.3604937388413, 556.7707360178416], [1572.4383860645662, 592.7295898514287], [1534.1632270715686, 592.9711435518808]], [[1303.1391891244318, 567.0893533213863], [1187.3979257729482, 568.7990265439191], [1189.4219453170886, 661.0737908913086], [1305.4711867655428, 662.8310695035625], [1318.9762404798194, 565.4234260112864], [1223.4088009851066, 566.8776651082924], [1225.1283303611403, 642.6644039000812], [1320.9047246052194, 643.5332347857766]], [[1330.3283182501484, 557.5268876532501], [1249.8389391660087, 558.9409181716372], [1251.5058553241663, 630.6488160718025], [1332.1575430973476, 630.8982461223283], [1332.3694006054677, 557.6978412421581], [1262.5950304918981, 558.9195700535707], [1264.055502640729, 621.0332863543854], [1333.9516817433232, 621.0558073631934]], [[1486.8844873854011, 558.0913205834256], [1514.2892730835615, 557.6355052999901], [1514.9437886958385, 580.3768881054995], [1487.5208412652835, 580.6514304626065], [1492.4068347950065, 558.0913157285274], [1521.3644356613681, 557.6104520666033], [1522.0584891439032, 581.6021529696899], [1493.0806305905046, 581.8813514083085]], [[1287.4697942063653, 557.8067909915685], [1283.9197956766595, 557.8362264741605], [1284.9268039601698, 599.86551404702], [1288.4640196706816, 599.174270738973], [1264.0672600315888, 558.2259308738933], [1260.1796329333977, 558.2617302658448], [1261.1565979352351, 599.9008834894039], [1265.0323174723696, 599.2154106772923]], [[-823.4204392756409, 456.3519953059088], [-506.26911790203656, 475.3024496518409], [-509.6394510831383, 724.4482188522554], [-829.5179572942955, 758.4458063019036], [-81.2268437165582, 440.6316305825398], [109.58409369996744, 462.7112242030612], [109.42761872136136, 716.2117338475629], [-82.65236823614174, 749.1516982182341]], [[1541.7593518818044, 562.9280791217753], [1587.8693920417725, 562.2434062864647], [1588.9856900806517, 599.0633724055997], [1542.8251119147665, 599.2371506156047], [1553.023300231367, 563.4037634500879], [1603.4727918601056, 562.6645221902024], [1604.7031547370111, 602.8147610407284], [1554.1933076093283, 602.9472713252765]], [[-457.0187760702555, 525.2743667824806], [-279.2037805704684, 528.5376271794427], [-280.5487277648442, 682.1109209254486], [-459.14454318043414, 695.5807315865911], [191.1801619782426, 489.1206652115629], [344.08616801710605, 498.2264947625031], [344.96938891839324, 703.77806127839], [191.43888027631016, 725.7969761387462]], [[1180.3017985436177, 556.8827937309601], [1196.3653091978597, 556.5813279513269], [1197.11921974606, 590.6517924673776], [1181.0401757391892, 590.7662590702915], [1176.5427017629188, 556.8718775617976], [1192.842646148998, 556.5655176072619], [1193.606099707608, 591.1825657316756], [1177.2901505521686, 591.2958954175334]]], "objects_token": ["f0ddf8e6941543eed20c66af2b664fc754cdef4e2cc76ce4095f75c0ac5109fb", "7eee178755b4cb5347171634fc6e483cc92c8f71f44855694658cd3dd2affc13", "65cee40d451de90b8ec3c994c1ee5bb67ac9a980bc1becf6cdfcdcac68472169", "6ee663722ea47eb684bf0605b0b5403f0a8eb6f9a588e380319d5e97cfb94851", "1d12b79a4c911783ba8391912fc0249f11b4d29adc0fbdc1cb7e178087abd0a4", "c3d7edfb8c2b0120bb668b2023e769970139d82485a96e53ea68bc9579511ad9", "9a444ab3816c684fd25f68e71fec262073e111b9eb87da03fd0eb13549500bde", "00f70db306b99ed17e81b6f2959a0d0cb7ed8a90a30a5074c6d09259761dd5f3", "17752f053567907028e8854ccf90d39119f0b2c6038961880e107d7512a34586", "87cec23bce8f926b9db4c3ee90ad4e168d17936291e55f843aa487c489afe4a6", "39b8a1a0d119d5131393e24a60e19032947a0123774f1ef59c75446fa40cb3c4"], "objects_type": ["car", "car", "car", "car", "car", "car", "pedestrian", "truck", "car", "bus", "pedestrian"], "cam_intrinsic": [[1109.05239567, 0.0, 957.849065461], [0.0, 1109.05239567, 539.672710373], [0.0, 0.0, 1.0]], "ego_translation": [0.0, 0.0, 0.0], "ego_rotation": [[1.0, 0.0, 0.0], [0.0, 1.0, 0.0], [0.0, 0.0, 1.0]], "cam_translation": [1.5039405282244198, -0.02676183592864872, 1.6584901808053665],