{"scene_token": "da4ed9e02f64c544f4f1f10c6738216dcb0e6b0d50952e158e5589854af9f100", "sample_token": "bbcbb33e07a4e17e9568f212affe3f9e10f2ba3c845c563a374fec53388fd9e3", "map_patch": [-10, -40, 70, 40], "egobbox": [[2.045525299176296, -0.8567041738952919], [2.04544461198615, 0.8731993222785377], [-2.038514243725061, 0.8732024734355881], [-2.038433556534915, -0.8567010227382414]], "map_objects_center": [[52.34804841612822, -11.67135756678732], [67.43611492761492, -29.783528625302402], [15.069299414668768, 14.666199940583246], [62.337276112785396, -9.717854533041356], [22.462438863183156, 20.70710660075813], [84.12166005811753, -35.45128105875156], [33.000836960632974, -7.88784430944386], [61.624266371184895, -28.32052663561569], [23.727948982771597, -4.835567612959923], [77.59417566912757, -29.03822378845374]], "map_objects_elevation": [-0.07933307495776432, -0.020900302716359564, -0.0990077960703375, 0.06953573131574775, -0.4927748452545542, -0.1976799709053586, -0.10984825274968635, -0.2109634408570158, -0.05034370666765908, 0.09113474085579876], "map_objects_bbox": [[[51.743403979796824, -11.964362013192977], [52.538171779202884, -12.315795001154056], [52.95269285245962, -11.378353120381663], [52.15792505305356, -11.026920132420583]], [[69.18715711002531, -31.28068677507132], [69.73647271173843, -29.6570955796916], [65.68507274520454, -28.286370475533484], [65.13575714349142, -29.909961670913205]], [[16.216260666661277, 18.93041497812858], [13.62388227271335, 18.83870749429018], [13.922338162676258, 10.40198490303791], [16.514716556624183, 10.493692386876312]], [[62.67174467883344, -10.300587128942567], [62.96688139456687, -9.483240617953447], [62.00280754673735, -9.135121937140145], [61.707670831003924, -9.952468448129265]], [[26.560660609080706, 29.35069286581342], [24.03598332864131, 30.142728616037573], [18.364217117285605, 12.063520335702842], [20.888894397725, 11.27148458547869]], [[85.85635737723305, -36.99674909823131], [86.43836270553588, -35.27653812342993], [82.386962739002, -33.90581301927181], [81.80495741069917, -35.62602399407319]], [[31.064425150770834, -6.280076119490335], [30.497670361007103, -8.150077458602121], [34.93724877049512, -9.495612499397385], [35.504003560258845, -7.6256111602856]], [[63.42740745426382, -29.835311598741797], [63.97672305597694, -28.211720403362076], [59.82112528810597, -26.80574167248958], [59.27180968639285, -28.429332867869302]], [[21.905846465399478, -3.190716657345348], [21.280316971838438, -5.021819563433716], [25.550051500143717, -6.480418568574498], [26.175580993704756, -4.64931566248613]], [[79.71121427663358, -30.868281857021238], [80.39249016063974, -29.05824893746656], [75.47713706162155, -27.208165719886246], [74.7958611776154, -29.018198639440925]]], "image_objects_bbox": [[[1216.7647609521155, 569.6348229252544], [1213.225760882374, 569.6407282164366], [1214.075409983407, 610.0884368167182], [1217.605369025185, 609.4552361629296], [1194.6113633330772, 569.9554630164716], [1190.7549741895302, 569.9663255198943], [1191.5713410474807, 610.0896461493536], [1195.4196407068218, 609.4614328924868]], [[1430.2742926821259, 570.8852284401058], [1460.4868834950053, 570.4883204417594], [1461.2098196241689, 596.0680685771298], [1430.9690373772514, 596.2639635884884], [1436.7602980903603, 570.8898813705147], [1468.940115906674, 570.4678869262357], [1469.7156008055697, 597.6681986705], [1437.5038237024921, 597.8630167097908]], [[-740.997865085396, 456.96804669128335], [-454.92372088417, 477.626722618817], [-461.8512439486323, 724.8037066801475], [-751.9067794067834, 756.1112103410508], [39.72137547936098, 450.248735797076], [187.3643793271531, 471.57880029090495], [185.15983472310893, 713.1138135665765], [35.79942879632956, 741.1676725433105]], [[1121.356728267034, 568.7016096048404], [1136.8875644616855, 568.4684962060568], [1137.5117681112615, 601.7303042798574], [1121.9629058154412, 601.807186069256], [1117.6956129913706, 568.6735371168926], [1133.4564848536454, 568.4365727013372], [1134.0872467218317, 602.2291443094072], [1118.307804076851, 602.3048633951594]], [[-522.2310528391351, 528.6665689994708], [-339.8570870877159, 532.9219629584535], [-343.66136319828536, 687.5647531337099], [-527.3818432837943, 700.5758590612246], [167.7951578209062, 497.53418229793937], [313.1602127848681, 506.9917469673731], [312.0845036328834, 705.4966921324603], [165.58562269162792, 725.4200832841467]], [[1409.6968241613533, 573.1726936816804], [1435.2719035221883, 572.8503172242405], [1435.837345347894, 593.3967834829182], [1410.2431578468415, 593.5815912618953], [1413.8235297789613, 573.2904721359333], [1440.7123787902376, 572.952738468307], [1441.30968360062, 594.5318885908205], [1414.3997224963107, 594.717928449654]], [[1258.1396138741118, 568.6037938824157], [1183.1096901951903, 569.6767929156257], [1184.4805753127075, 637.8046455624064], [1259.6893943342072, 638.0230777696866], [1262.0626971885383, 568.9634164483781], [1196.67699554408, 569.8917629838755], [1197.8938109761655, 629.1899333272119], [1263.4152386920314, 629.2375616399688]], [[1448.5754218241952, 570.0151894728501], [1481.7378742358298, 569.5740770319138], [1482.6649961609241, 601.6694288599161], [1449.4636089977334, 601.835179254449], [1457.188665984337, 569.9588234828939], [1492.801344391468, 569.4856591930222], [1493.805966807396, 603.877281610411], [1458.1484301215755, 604.0344665727837]], [[1226.2362203451178, 576.7247030291865], [1120.153932586999, 578.0242167306934], [1121.7303805746035, 664.3097226330285], [1228.1378034278853, 665.6522972441911], [1244.5257424218541, 575.6795407229191], [1156.1308250107181, 576.7825819773038], [1157.512653475364, 648.2819832594257], [1246.1326284048948, 648.983634960546]], [[1357.5346277789201, 563.3909088377592], [1386.5042655445393, 562.9393926731975], [1387.2590888802729, 591.8635534310039], [1358.2586747499345, 592.0706568762607], [1356.7754903244117, 562.9377153744005], [1387.6718779409484, 562.4519386241806], [1388.4781871922144, 593.3080271641425], [1357.54679164369, 593.5158076320104]]], "objects_token": ["96193f7e90f3270ebfb1c584d5909eb7f573db7bede04b507004c70f83191ae2", "a1f7374b41fe45ffeccaab5cec5609b5feb31c9c249729d12786c18767de06f8", "619162b86c946cbe84bbbd763d08159424456d8546966da795c48d997c3d2f88", "bcc40ee08a59a71164d6d4d89ff75eb1a1eabe14cfdd98496f3c00db1ee1603d", "af2575b010712b518360f4fc1ca7b1244ccf81585c587e6b37837bd88553de28", "1596dba0f366f3e20520e2baf55d54fb264c9e63b6b3de69bab4b0219f4db908", "2d48af7f812e9b80244506b57e94921373cf1f39ea8e01bbd5b7ed344727faa2", "2974a8d2a97ceb485ef82ba2293915feaf76b90a578b3f2fc68044a6bc0938c1", "731a0235ed5f608ccac297be1a9eb356107ecdd1f35f223348a89de0950bfdb8", "7b6543a73a461f279da05581ca1755af86f3961374d62491b0e0ac0fcc64e64f"], "objects_type": ["pedestrian", "car", "truck", "pedestrian", "bus", "car", "car", "car", "car", "car"], "cam_intrinsic": [[1109.05239567, 0.0, 957.849065461], [0.0, 1109.05239567, 539.672710373], [0.0, 0.0, 1.0]], "ego_translation": [0.0, 0.0, 0.0], "ego_rotation": [[1.0, 0.0, 0.0], [0.0, 1.0, 0.0], [0.0, 0.0, 1.0]], "cam_translation": [1.5039405282244198, -0.02676183592864872, 1.6584901808053665], "cam_rotation": [[0.006759426271296165, 0.02533582536529963, 0.9996561439362748], [-0.9999683364602721, 0.004369557390585865, 0.006650792816400852], [-0.004199551566444137, -0.999669446827935, 0.02536455884440647]],