{"scene_token": "da4ed9e02f64c544f4f1f10c6738216dcb0e6b0d50952e158e5589854af9f100", "sample_token": "7cd9d7a55b02550a1fa41d0148faba205fea9faccf6d6a36b868fb89e2ee9f74", "map_patch": [-10, -40, 70, 40], "egobbox": [[2.05141459531973, -0.8620554215202185], [2.05137232986956, 0.8679319529148688], [-2.032322589415638, 0.8680228911370671], [-2.032280323965468, -0.8619644832980202]], "map_objects_center": [[37.94075214677437, -29.157626248050864], [34.38458827789653, -16.78079417765335], [19.080773103656007, 14.372216301524563], [83.19703413569471, -6.586459258935847], [27.353072771443678, 2.6471594282368978], [43.62915969824817, 7.846193164819599], [23.03732380652696, 15.980618519976893], [90.4250134782355, -6.58574892811928], [38.29438088928809, 28.338777558736073], [14.72607404815227, 9.741430564806375], [96.40749773137686, -6.226588438138862], [31.094875338043867, -18.4892957524019], [38.12243063059945, -24.054958453352434], [34.13312743239241, -23.975964346139847]], "map_objects_elevation": [-0.0397570294591596, 0.13583517819402213, 0.19519065870546404, -0.2286518705376961, 0.3963655525630291, -0.07007234330103396, 0.3491451955295096, -0.011459230110774765, -0.26576566184497574, 0.16156939175890273, 0.17027805490385728, 0.19587666701518192, 0.07135555611704425, 0.08876646723729242], "map_objects_bbox": [[[38.8603687889783, -26.803792039492077], [37.09558689304517, -26.776045692224784], [37.021135504570445, -31.51146045660965], [38.78591740050357, -31.539206803876944]], [[35.41481595468366, -14.034848223345108], [33.39787891093445, -14.018912052154633], [33.354360601109406, -19.52674013196159], [35.371297644858615, -19.542676303152064]], [[18.059236749081617, 11.705231491616027], [20.15612915646706, 11.726473710174709], [20.102309458230398, 17.0392011114331], [18.005417050844954, 17.017958892874418]], [[85.52997151848591, -7.667168363170362], [85.61375167209161, -5.708959772171486], [80.8640967529035, -5.505750154701331], [80.7803165992978, -7.463958745700207]], [[28.354514103752294, 4.962940021890784], [26.411675610282757, 4.987991734267844], [26.351631439135062, 0.331378834583012], [28.2944699326046, 0.30632712220595115]], [[39.579336735879586, 9.606302244812124], [39.28975240662663, 7.028516971316459], [47.67898266061676, 6.086084084827075], [47.968566989869714, 8.663869358322739]], [[22.05242171215838, 13.756187611967299], [23.97832875496389, 13.737265073233111], [24.02222590089554, 18.205049427986488], [22.09631885809003, 18.223971966720676]], [[92.60121597921153, -7.485767775002856], [92.63496068283817, -5.7720999848588175], [88.24881097725947, -5.685730081235704], [88.21506627363283, -7.399397871379742]], [[39.59311019352503, 37.816135164857954], [36.94711887318921, 37.809357797558675], [36.99565158505116, 18.86141995261419], [39.64164290538697, 18.86819731991347]], [[13.969351810065316, 7.293492513224051], [15.934332826752414, 7.481974883909827], [15.482796286239225, 12.189368616388698], [13.517815269552127, 12.000886245702922]], [[98.52871089252915, -7.125524461977243], [98.56245559615577, -5.411856671833204], [94.28628457022458, -5.327652414300481], [94.25253986659796, -7.041320204444519]], [[32.07127443744497, -16.43538745389179], [30.194591234781107, -16.400903300439776], [30.11847623864276, -20.543204050912014], [31.995159441306626, -20.577688204364026]], [[39.195335987242345, -21.452612906410792], [37.22442101116893, -21.387205283846257], [37.04952527395656, -26.657304000294076], [39.02044025002998, -26.72271162285861]], [[35.294186650596714, -21.766363083055754], [33.344632260272746, -21.60770092887732], [32.97206821418811, -26.18556560922394], [34.92162260451208, -26.344227763402372]]], "image_objects_bbox": [[[1804.1850963363765, 580.6531163458066], [1765.3480227755044, 580.6774253372395], [1766.9533498849646, 626.1135316450324], [1805.9331429778904, 628.3531525686235], [1955.5039184886953, 579.4619808287595], [1909.3558974791192, 579.5429830834017], [1911.1883552301226, 625.1158086805099], [1957.5027525409334, 627.3127230449368]], [[1453.5600741161434, 551.2900577639523], [1425.171416301032, 553.070086780945], [1426.9601357766924, 628.1165735664849], [1455.5389296220765, 631.0874250222421], [1646.9991511952546, 549.6701928710798], [1607.0079355787402, 551.5514066687983], [1609.2650615334696, 626.7903518479147], [1649.5081773238114, 629.6851928348043]], [[275.16596122761104, 584.0152821174688], [189.9624208304678, 584.3431401060478], [188.13297460697433, 685.9134615452998], [273.80094603748626, 674.2522706728705], [-38.15721668773274, 586.5200463129531], [-162.65277369905363, 587.1617880280502], [-165.69677338134477, 688.8064376265594], [-40.48082247587207, 676.8156995918599]], [[1042.131160031018, 582.6050050355079], [1068.074308326649, 582.3997307208662], [1068.3469001992735, 605.6586116348656], [1042.3830216351776, 605.8364717503216], [1043.7707013000806, 582.7054074444917], [1071.2689528392455, 582.4879709470697], [1071.560543231588, 607.1404408935042], [1044.039000640605, 607.3270818188505]], [[744.9512574563493, 576.8713739812182], [761.972218704307, 577.1821819316111], [762.0514325585212, 635.6174834550346], [745.0003248925838, 639.8460133592547], [951.1452247088574, 575.1976037094951], [953.3386115965387, 575.6304078695944], [953.7982015087616, 634.2757245473645], [951.6359655597818, 638.4162226981039]], [[760.7367795117331, 536.850201944567], [687.7424595565407, 537.8077884301241], [687.6305817376686, 634.2695778106809], [760.8647149984635, 634.0996166996151], [820.591616006175, 544.7022742688637], [760.3005416007302, 545.4357729459213], [760.403429931646, 624.5582724361383], [820.8580072558799, 624.353915060644]], [[294.0760225453674, 570.9888806664459], [230.6725060708257, 570.0407005321334], [229.20443657775837, 658.2589538483281], [292.9061791500226, 651.705929664656], [78.79073412816389, 572.7662982485233], [-4.24697043235075, 571.9858809088387], [-6.408678548119653, 659.8695695810555], [77.03848392903176, 653.2031703854765]], [[1037.0968989717874, 579.3176547634839], [1058.000904431067, 579.1496904503166], [1058.2510923758289, 601.1344292163973], [1037.3314015117628, 601.2910153051745], [1039.5234121906885, 579.2260540954743], [1061.4853933232303, 579.0495492904914], [1061.750962863692, 602.1463492638532], [1039.7716677989754, 602.3102959588666]], [[-202.54807946515993, 542.1688712672584], [-122.47163903449716, 544.8560968758775], [-125.37057959970205, 646.1179461670908], [-205.9566348035232, 650.9091407319049], [381.30020836672236, 537.3555731040603], [421.42134570210214, 540.3813814522058], [420.386787597892, 641.9067178142492], [380.0405560159324, 646.399744570429]], [[396.0381102191704, 588.2071551388585], [323.6541667071833, 589.1494297870892], [321.88844945521896, 720.1087264112731], [394.7887233631244, 701.4485536600022], [10.960015748538575, 591.3554748142834], [-125.87179541179336, 592.8365202611699], [-129.7581236108571, 728.2639588026736], [8.154656990549999, 707.9224416714599]], [[1028.7187466433054, 580.05815164743], [1048.3419776387468, 579.900809042002], [1048.5406228193367, 597.873345738926], [1028.9053574433972, 598.0219554130299], [1030.5447489914502, 580.0087554656837], [1051.0730236156433, 579.8441382000325], [1051.2825655837134, 598.6452186266863], [1030.7411205433323, 598.8002794269814]], [[1601.0523911698979, 571.0566517789907], [1563.3647560381146, 571.676284268619], [1565.0381643704468, 630.390924751049], [1602.9154375099927, 633.6214160840833], [1764.484724817959, 569.7294001878635], [1716.5843061203882, 570.4331031161863], [1718.5695870317213, 629.3575223670812], [1766.702637611303, 632.5324132086241]], [[1631.9567032320651, 569.8787278837564], [1599.0766088014043, 570.4616630544897], [1600.656513966626, 623.6364294068771], [1633.6865800361759, 625.9963124897442], [1801.0846275813474, 568.4882902814998], [1759.1052857847078, 569.147851986273], [1760.9843306219145, 622.6303068477868], [1803.1486341399454, 624.9486721513664]], [[1721.1715484037036, 577.6329151707066], [1682.8252729829062, 