{"scene_token": "da4ed9e02f64c544f4f1f10c6738216dcb0e6b0d50952e158e5589854af9f100", "sample_token": "040d989b86c0042e9f7155595d2766f2273f74ed3f19cff00c2759da475fa216", "map_patch": [-10, -40, 70, 40], "egobbox": [[2.030288384283552, -0.8472433212687798], [2.0307308776775983, 0.8823269356862151], [-2.052843199305303, 0.8820568880637663], [-2.0532856926993492, -0.8475133688912286]], "map_objects_center": [[67.22496403966518, 43.50227976842626], [54.03431978106463, 25.587529675361164], [48.37338003892701, 22.2539396010137], [22.918017843783037, 17.404856368558455], [20.61586416127767, 5.530972919943637], [43.85216208168276, 19.548434958407423], [39.96211005682795, 17.23672057452896]], "map_objects_elevation": [0.37705459538905806, -0.07067420335601748, -0.0914612301145562, -0.01576771976480873, -0.43269714238511825, -0.023892622411362918, 0.004779749666410038], "map_objects_bbox": [[[69.74692244247035, 43.57610601389786], [68.94661750581152, 45.346631644426694], [64.70300563686001, 43.42845352295466], [65.50331057351885, 41.65792789242583]], [[56.72015990082908, 26.104103098084114], [55.772829939316786, 27.698967024574745], [51.34847966130018, 25.070956252638215], [52.29580962281248, 23.476092326147583]], [[51.01145848390949, 22.77814506466208], [49.947441855017175, 24.434897796194647], [45.73530159394453, 21.729734137365316], [46.799318222836845, 20.07298140583275]], [[26.996310465485347, 19.097953912047466], [25.341908327016522, 21.095900248721648], [18.839725222080727, 15.711758825069447], [20.49412736054955, 13.713812488395263]], [[29.29727142011997, 9.548456336974784], [27.86457529334062, 11.773023218035334], [11.934456902435372, 1.5134895029124902], [13.367153029214718, -0.7110773781480599]], [[45.9576704035115, 19.936756933976582], [45.019187821892174, 21.343430827953835], [41.74665375985403, 19.160112982838264], [42.68513634147335, 17.75343908886101]], [[42.408054712897076, 17.79593049883904], [41.4129034787933, 19.283806172832577], [37.51616540075883, 16.677510650218878], [38.51131663486261, 15.18963497622534]]], "image_objects_bbox": [[[199.09182986053344, 568.733834572737], [236.91664924717793, 567.8039684299803], [237.33693717930302, 590.9118048774749], [199.5085012806667, 592.1225594718618], [182.63486013730932, 568.9982768745667], [223.17373929515006, 568.0034821597355], [223.61851393918374, 592.641196968887], [183.0754253465541, 593.9555615367913]], [[380.28478045596484, 565.4614642183774], [422.210756824894, 564.417266273953], [422.92470740125367, 600.0871601513737], [380.99639332552607, 601.764624418138], [388.6442779211063, 565.1657117159436], [434.0428981047601, 564.0366829479468], [434.8232245046655, 602.7967583209138], [389.42198926330303, 604.6746812648947]], [[387.1176867153707, 566.1772546365305], [436.4309996118991, 564.9309379980424], [437.2220225672096, 604.1767784736375], [387.90683437397036, 606.298282539035], [401.8413362260583, 565.7985076249887], [455.3580770645964, 564.446113767107], [456.2301791957075, 607.317516205031], [402.7115436960436, 609.7164234572817]], [[-36.20644667425646, 500.39121710310917], [114.8511277665607, 501.57925470036935], [117.30237912841231, 645.8058797284644], [-33.813289446921814, 654.7302527125652], [-57.959711412763134, 472.61478591939175], [145.99858002690323, 476.63518701830503], [149.33824854400976, 669.5975578646645], [-54.72468106649697, 684.1177090664496]], [[450.96718235788853, 505.26565262041015], [565.0537274853771, 505.4654258882393], [568.0396773414756, 644.7600878112385], [453.9517616726408, 652.2107766768344], [779.9214851961499, 408.78956279245534], [1003.6508522899343, 420.82216754963406], [1011.9442990772023, 742.4694455234209], [788.5416966893958, 774.3894792147457]], [[402.73655392507914, 565.4289661133997], [449.4443866502586, 564.2560973774915], [450.3030953090095, 606.5903467657215], [403.59411253343393, 608.6890886569896], [418.81772950755214, 564.9882833651291], [468.83738543013914, 563.7331028403181], [469.7725638627497, 609.40656077339], [419.75194502636236, 611.7412978304654]], [[410.88780753785085, 561.9734625525635], [464.37905038251216, 560.7103283110886], [465.36667312857065, 609.0474568599569], [411.8742409868864, 611.5321647387735], [433.34423498301595, 561.0116834801755], [491.80840790662467, 559.6428540192143], [492.9136142561573, 613.0277143001191], [434.44872264819315, 615.8905136001873]]], "objects_token": ["d61b1292b13ffc49a56f86e90b971a7ec6bfb42b37a0dce3aa275517b7c29663", "871c1607a529fa6cf3edf0a18d95f9210ca48e39c7f803f0c09d278f9ebeab0e", "4bf6eeaea8e0e69604e63f3ca5cfb0e0da95624ece67213644129c3160fb47df", "3ba4520f394fc72bbfe7c647bc961ee19e85a5fd887a2365b7e41788bf8994f4", "ba2b43d5821922b6265d77266e8870671728c1492461d18e6a6661d608a9f791", "0bbe8dc6e359cd22ff8839ad44fa0373dab98511b32435e29d18a68bd5ad1c93", "fa442850641a83df6805b5248f5e9e975b499946da6a5e542b38b57f1f31cf86"], "objects_type": ["car", "car", "car", "truck", "bus", "car", "car"], "cam_intrinsic": [[1109.05239567, 0.0, 957.849065461], [0.0, 1109.05239567, 539.672710373], [0.0, 0.0, 1.0]], "ego_translation": [0.0, 0.0, 0.0], "ego_rotation": [[1.0, 0.0, 0.0], [0.0, 1.0, 0.0], [0.0, 0.0, 1.0]], "cam_translation": [1.5039405282244198, -0.02676183592864872, 1.6584901808053665], "cam_rotation": [[0.006759426271296165, 0.02533582536529963, 0.9996561439362748], [-0.9999683364602721, 0.004369557390585865, 0.006650792816400852], [-0.004199551566444137, -0.999669446827935, 0.02536455884440647]], "subsequent_egocenters": [[0.9232050962400778, -0.004100414863554003], [1.845596281107575, 0.055765371970277866], [2.756432966869199, 0.17994946223500619], [3.671674832770218, 0.35438341677294205], [4.632942028113804, 0.5907225361375921], [5.650296898461974, 0.9085076034297752], [6.747718564281986, 1.3046742578655524], [7.897787613557819, 1.754025736891978], [9.068428427008698, 2.2813369830243357], [10.261402876359403, 2.8913470528308287], [11.498875008123616, 3.5475201139139747], [12.81905069079475, 4.307946476543626], [14.14997183384639, 5.110657803119251], [15.5139893109506, 5.96759472639833], [16.89041082169862, 6.862675416617982], [18.357030127324986, 7.820280655950721], [19.86977706523085, 8.801904708836322], [21.423242183808085, 9.803558131333642], [23.054478094163585, 10.83739248524741], [24.722383421801414, 11.883742412637574], [26.42925498359164, 12.969832901005033], [28.199163889491093, 14.103107933308227], [30.002208882951372, 15.257901409489463], [31.769578681837924, 16.4376292134439], [33.554438308181126, 17.564837518200754], [35.32607580429372, 18.69764691229679], [37.11264402925752, 19.804230884779923], [38.95108587572328, 20.920867974055724], [40.763102940423146, 22.033944375540315], [42.541733476152714, 23.093373119093435], [44.25041159920278, 24.101887880923947], [45.95753497475168, 25.086937514156403], [47.611273464461206, 26.035393235227986], [49.217244060422125, 26.934267422857616], [50.78479219621593, 27.801816350399818]]}