{"scene_token": "da4ed9e02f64c544f4f1f10c6738216dcb0e6b0d50952e158e5589854af9f100", "sample_token": "75c6d256a55e7549b0448dca82ead68e98448af5b5b34527a297b2a6de88567f", "map_patch": [-10, -40, 70, 40], "egobbox": [[2.0515542406810576, -0.8647568085611294], [2.0515677079245656, 0.8652430896476447], [-2.0321160479765945, 0.8652923091583912], [-2.0321295152201024, -0.8647075890503829]], "map_objects_center": [[30.55668694628648, -0.2659903602699938], [40.2173730176059, -1.6709585735244143], [24.89892761525621, 24.67440375280738], [64.77557486298114, -15.895470153758438], [77.91664658513733, -17.290638817740366], [71.93946547718475, -16.853342809374396], [80.61602992437307, -13.380643082832169], [68.15547306040291, 1.8256825772812348], [19.927578291836582, 11.67550367777956]], "map_objects_elevation": [0.05890329780628378, -9.949516925267243e-05, -0.3872625662831928, -0.3251580893207159, 0.09225272219439884, -0.09805922671735479, 0.12061617137347569, 0.04800098649725204, -0.02685137732870957], "map_objects_bbox": [[[28.477894904013503, 1.039465841593], [28.177998455141633, -0.872153137166638], [32.635478988559456, -1.5714465621329876], [32.935375437431325, 0.34017241662665043]], [[38.03239351232186, -0.42176931184758604], [37.797106444872966, -2.3615517728187383], [42.40235252288994, -2.9201478352012424], [42.637639590338836, -0.9803653742300902]], [[27.442811226611223, 33.89588200587936], [24.819283502753024, 34.2400015812415], [22.355044003901195, 15.452925499735404], [24.978571727759395, 15.108805924373257]], [[66.94462075966952, -17.275966042220027], [67.28730385603177, -15.346155612289778], [62.60652896629278, -14.514974265296848], [62.26384586993053, -16.4447846952271]], [[79.89993927848018, -18.462893629004924], [80.16060456485255, -16.768830581630237], [75.93335389179448, -16.118384006475807], [75.67268860542211, -17.812447053850494]], [[73.97711842000578, -18.033962025977623], [74.23778370637817, -16.33989897860294], [69.90181253436373, -15.67272359277117], [69.64114724799134, -17.366786640145854]], [[83.0072217361031, -14.834316608598936], [83.37892486036144, -12.93637225024261], [78.22483811264303, -11.926969557065402], [77.8531349883847, -13.824913915421728]], [[68.5962711316339, 1.3185893310246448], [68.72785606971962, 2.177569193459716], [67.71467498917193, 2.332775823537825], [67.5830900510862, 1.4737959611027538]], [[19.413139124085347, 16.061207993244], [17.039203479163398, 15.015614595326333], [20.442017459587817, 7.28979936231512], [22.815953104509767, 8.335392760232786]]], "image_objects_bbox": [[[992.4131559520175, 580.3229520422208], [914.4510060599691, 580.692458460483], [914.6636100205541, 646.1407019572137], [992.8001841227505, 646.4969177719307], [1012.1577945486299, 580.2676820131841], [944.9372197652441, 580.5859171991101], [945.1771684096087, 636.8431977750112], [1012.5273544706861, 637.0603350305283]], [[1028.3925833266965, 575.1962043102277], [969.6120104133098, 575.5058570322693], [969.8931789873604, 630.7560589801549], [1028.7845841003493, 630.8004819275207], [1035.5411271541116, 575.7453519644292], [983.2413416565183, 576.017542936436], [983.513593086763, 625.1289606776536], [1035.9010963140859, 625.1363354951498]], [[-644.8955614849428, 519.9569395810634], [-470.87470552045085, 525.9400349714367], [-477.25497477100475, 674.2056670832004], [-652.9428847333678, 684.6690055874491], [149.78173494680712, 508.3153680566937], [254.47862536181566, 516.1927210449983], [251.40311362892112, 679.7575260228574], [145.68121292958662, 692.1276516056613]], [[1214.8369639788934, 583.3469687834222], [1248.7195652374585, 583.2074363159884], [1249.1473602396914, 612.9246207083658], [1215.229138153141, 612.9103378513581], [1219.4000476695674, 583.6152241425973], [1255.902905558658, 583.4665088525927], [1256.3711602970789, 615.462113540149], [1219.8269602748428, 615.4325939689887]], [[1192.9113529218835, 579.6201849405347], [1217.5561672389051, 579.5042145661963], [1217.8520520692205, 601.6547030334331], [1193.1881151718178, 601.697727977744], [1196.5451137650352, 579.6016558413562], [1222.6002415455964, 579.4790440023507], [1222.916857216718, 602.8866598492317], [1196.8403559141427, 602.9278266381943]], [[1205.4352380139285, 578.9107626335926], [1232.1279994375402, 578.7828303353234], [1232.5088511737697, 606.2925114995008], [1205.7903276356785, 606.3224970287484], [1210.278878378154, 578.8453621085844], [1238.6793986970424, 578.7090845897113], [1239.0907695903738, 607.961445555069], [1210.661085744611, 607.9869987763084]], [[1131.9308426078658, 573.0451425985091], [1158.4400548442438, 572.8892574286613], [1158.7568666881364, 600.7071805398726], [1132.2217333480567, 600.737515559282], [1129.039155476662, 572.5983884439285], [1157.3148393323077, 572.4298714060777], [1157.6518361979336, 602.1175537162949], [1129.3466585655826, 602.1431192542216]], [[921.5954651918004, 577.1337748643722], [935.6536996884174, 577.0602909213584], [935.7738140380249, 607.4225029965935], [921.7011360792185, 607.4369696989671], [918.4570951196157, 577.0908995078616], [932.7234511356743, 577.0162104503028], [932.8423857187155, 607.8417480034983], [918.5611550112975, 607.8556066817376]], [[-88.6194563137886, 471.9489065639229], [-16.4374383989509, 486.3303858366774], [-22.067707119223332, 688.2352163199815], [-95.65406826153892, 703.9970470946141], [537.9950701941443, 488.99017233380823], [530.4629682985696, 499.2594164454069], [528.831879104272, 669.445772071447], [536.2109541726714, 680.1020789776974]]], "objects_token": ["124570cc3f1a837ecde2c2659a370f75112ec1273442b13cb21cd0759cc901cf", "6aff64b1824c9ba3f61b59aa28766f399ccef5ad6d8c2a108ab385eb068d5a1f", "4dee348f4b2ff2feb0e9fb825b9145437fe15b1f038fcbb1e0bde705e299883a", "a5eea316abb7ed1cf2462ab7636b7e8992bcdec10008313ae0d9de02932ff881", "6271263fa3b930352d357dc35daf5693af89cb8c42bd37b31d9ba08b0a2ee9a4", "e30a4e859aac3f4e69fbbed7f7797f59792c2630496a057506a3d964fa599b81", "303f7bec651174ce6135e2c5ebfc0e0b3f348393ca4f3a17c44a8ddbb0437d13", "dd7ed1ecd57efa5b584473ede2f144855b572496d8a177b6d4de1a9f1e1d663e", "46d14abb52d7b6706628c177ee643bca677f7a1907f16ff2c88725e9ae00c959"], "objects_type": ["car", "car", "bus", "car", "car", "car", "car", "pedestrian", "truck"], "cam_intrinsic": [[1109.05239567, 0.0, 957.849065461], [0.0, 1109.05239567, 539.672710373], [0.0, 0.0, 1.0]], "ego_translation": [0.0, 0.0, 0.0], "ego_rotation": [[1.0, 0.0, 0.0], [0.0, 1.0, 0.0], [0.0, 0.0, 1.0]], "cam_translation": [1.5039405282244198, -0.02676183592864872, 1.6584901808053665], "cam_rotation": [[0.006759426271296165, 0.02533582536529963, 0.9996561439362748], [-0.9999683364602721, 0.004369557390585865, 0.006650792816400852], [-0.004199551566444137, -0.999669446827935, 0.02536455884440647]],