{"scene_token": "da4ed9e02f64c544f4f1f10c6738216dcb0e6b0d50952e158e5589854af9f100", "sample_token": "403731c3bf61354c92d2607109069d1b2495a37d01b28af3c251ae0828b3b97d", "map_patch": [-10, -40, 70, 40], "egobbox": [[2.0426683860917305, -0.8618451982938351], [2.0426593325557714, 0.8681407829658083], [-2.0413391887133767, 0.8681334012197508], [-2.0413301351774176, -0.8618525800398926]], "map_objects_center": [[31.57530983083986, -23.556802842047], [28.683585999610802, 12.366645831263902], [38.62194124446389, -24.32020113310587], [23.72611084585075, 22.475073292737726], [47.922299389638766, 4.033132673466589], [15.481512984746972, 9.65190024526797], [27.627958376146125, -21.07221843290944], [39.18949289183141, 28.067807974087223], [74.18452896596784, -4.11458132391742], [45.153159964192106, 7.442647337633157], [34.93504929486918, -17.323036754216208], [57.68291109211377, 3.847627994544343], [23.839595992040117, 15.826827058996692], [19.87105119380808, 14.249354436792702], [93.84790948232904, -13.75121196514391]], "map_objects_elevation": [0.07752730669167529, 0.30090195269292863, -0.06811451659245593, 0.32550241093627375, 0.1859585723741779, 0.17394919790028462, 0.25363360858088724, -0.1641898913368416, 0.09644354115369547, -0.1022184347101236, 0.02778342533694289, 0.1146921461755418, 0.39151102506276214, 0.22954700852235332, 0.14731927054562255], "map_objects_bbox": [[[32.53133454816953, -21.4933321638316], [30.65440197669184, -21.477422351571892], [30.619285113510188, -25.620273520262398], [32.49621768498788, -25.636183332522105]], [[29.662491366611263, 14.646756087908894], [27.80795834833565, 14.688376805412794], [27.70468063261034, 10.08653557461891], [29.559213650885955, 10.04491485711501]], [[39.71448066719989, -21.726037325678185], [37.74411621723194, -21.645738295157802], [37.529401821727895, -26.914364940533552], [39.49976627169584, -26.994663971053935]], [[22.644638965757103, 19.839471877013658], [24.715326130331825, 19.803476509735276], [24.8075827259444, 25.110674708461794], [22.73689556136968, 25.146670075740175]], [[45.69652721525196, 5.068280236727707], [45.638127004561326, 3.1341617255212997], [50.14807156402557, 2.9979851102054713], [50.206471774716206, 4.932103621411879]], [[14.706314437888672, 7.209750277934109], [16.672663624888692, 7.383378831992361], [16.256711531605273, 12.094050212601832], [14.290362344605253, 11.920421658543582]], [[28.578797393074225, -18.735205453936665], [26.635873600525876, -18.752414066592635], [26.677119359218025, -23.409231411882217], [28.620043151766374, -23.392022799226247]], [[40.55980103999616, 37.53508110731166], [37.91383405190899, 37.54829844262986], [37.81918474366665, 18.600534840862785], [40.46515173175382, 18.587317505544586]], [[76.45162958731083, -2.4740875651038667], [74.84628067937825, -1.3955650183763186], [71.91742834462485, -5.755075082730974], [73.52277725255743, -6.833597629458522]], [[41.034098459786485, 9.03399341027848], [40.85122598601529, 6.4464475346780485], [49.27222146859773, 5.851301264987834], [49.455093942368926, 8.438847140588265]], [[35.98599737682541, -14.584954144243945], [33.9692383407186, -14.553777385568566], [33.88410121291295, -20.06111936418847], [35.900860249019765, -20.09229612286385]], [[55.35882452720401, 4.813666756088596], [55.36804935387666, 2.8596885313959923], [60.00699765702353, 2.88158923300009], [59.99777283035088, 4.835567457692694]], [[22.837913041781615, 13.60990210150232], [24.763622109367763, 13.57642693135352], [24.84127894229862, 18.043752016491066], [22.91556987471247, 18.077227186639863]], [[18.829390858065736, 11.590165040577919], [20.92638391457146, 11.595561425179673], [20.91271152955042, 16.908543833007485], [18.815718473044697, 16.903147448405733]], [[94.30534079230908, -14.234162373208699], [94.29341084964835, -13.257235212941307], [93.390478172349, -13.26826155707912], [93.40240811500973, -14.245188717346512]]], "image_objects_bbox": [[[1785.3816808801694, 560.8398351849052], [1736.1280960455254, 561.314273733552], [1737.6723332735053, 619.3006754267041], [1787.0979089834607, 622.5822297843889], [1945.9116344187473, 559.5174222714528], [1886.7849890836533, 560.0733318290197], [1888.5394477506752, 618.1753105493358], [1947.8665560767345, 621.3908685632388]], [[346.8175740195255, 559.3027150319097], [389.0288484895919, 559.9074379713047], [388.6778330904426, 626.9051086376286], [346.37025797057913, 631.0111110736868], [537.9677439951367, 557.6573135305764], [567.7798856639922, 558.3733586624135], [567.711887595997, 625.6868710389613], [537.844103578436, 629.7276477142109]], [[1629.5068768204499, 561.0745107426353], [1597.483638727156, 561.4511347475826], [1598.709500780789, 613.9486537569784], [1630.8416594316384, 616.4397306321639], [1797.1594742778518, 559.6807657555707], [1756.1936619049193, 560.1324595311056], [1757.6260301701884, 612.9747057836652], [1798.7246772651615, 615.4295409749709]], [[22.74811335063943, 561.6535860369358], [-70.83808421304308, 560.9809660158495], [-72.22429637824723, 646.980482273518], [21.65853740505922, 640.0149281386317], [-222.94136815828958, 563.7539641552456], [-339.7343033330217, 563.2884755036148], [-341.656120898925, 648.7813000620056], [-224.4780477410409, 641.6944030782015]], [[885.7491127365352, 566.0044450569193], [837.3635605223827, 566.4077186249631], [837.5803005034192, 606.7904653075418], [886.0124977002389, 606.4518630375], [896.2289325332104, 566.231019872888], [852.3043590882617, 566.5966552603178], [852.513981558258, 603.2404248812334], [896.4769917723396, 602.9280316407335]], [[424.6717941312274, 573.4410554566279], [358.92942972439147, 574.0216746531984], [358.1887318089216, 698.5221983261206], [424.1955931018684, 681.8032370769646], [58.31063015796826, 576.4604563742697], [-65.42358757342592, 577.5201822371924], [-67.47357776198868, 705.7689429803272], [56.85863696533486, 687.6510924713061]], [[1795.6951964831424, 561.3662173249636], [1735.1303367234436, 561.9025508721746], [1736.6856737689698, 620.3583799015773], [1797.461818093158, 624.3692907719159], [2001.8188926297582, 559.6715972262158], [1926.4251995907784, 560.3298288813443], [1928.244361855083, 618.7601895906405], [2003.8918598403793, 622.645087110073]], [[-171.1136483835066, 527.1403322138287], [-94.3204671983011, 529.9336066565596], [-95.97385228673024, 629.0179032040448], [-173.07969757469937, 633.3786892551111], [398.2703667457879, 522.1531256660268], [436.99141720815095, 525.2992535528264], [436.58215909306494, 624.9280096594456], [397.73336601860836, 629.0176513710622]], [[985.899665893136, 561.1905370337087], [1001.4272673365507, 561.2199489630099], [1001.7081946635784, 591.5928429563969], [986.1753182475419, 592.2257361537191], [1055.4744900776027, 560.308976560785], [1070.0953000832653, 560.3591691136132], [1070.4391486277852, 591.980127324598], [1055.814965437064, 592.6484320751272]], [[782.6744056216355, 526.315248631783], [711.1605402183546, 527.1246806141878], [711.3825793346614, 620.263053924633], [783.0560814260406, 619.9248668639522], [828.6092961013593, 533.662121101478], [769.4319929853029, 534.2992046005521], [769.7210179378227, 611.1052381451296], [829.007580287038, 610.7883350060602]], [[1462.5481306686947, 542.1191041858034], [1434.4123460652524, 543.6702826214023], [1435.8538815767288, 617.5910693428478], [1464.131880260122, 620.6479328221463], [1653.7729473373888, 540.4621630699878], [1614.2900472446272, 542.1162857634819], [1616.0525121943695, 616.2961805873155], [1655.7194257623757, 619.2834750656564]], [[905.7492516813041, 563.2835279097069], [865.5304502500674, 563.6146201996303], [865.7583708643909, 601.3883329579564], [906.0131298749765, 601.0594557803198], [910.0586415434941, 563.7182645426766], [873.0270649885513, 564.0230899640269], [873.2430749004889, 598.800969676303], [910.3051336218745, 598.498021917854]], [[318.8349354971232, 556.0887021517935], [259.0248030261691, 554.9677787272734], [258.31488978873904, 640.3352815462877], [318.2944830546676, 634.4087326683544], [110.5812036551441, 