{"scene_token": "da4ed9e02f64c544f4f1f10c6738216dcb0e6b0d50952e158e5589854af9f100", "sample_token": "14eb1c007503d2553d6ab3d7f63878353d9b24cfe6afe1053433be378e67faba", "map_patch": [-10, -40, 70, 40], "egobbox": [[2.030023616303346, -0.8507932195651429], [2.030466903039505, 0.8789269098609562], [-2.0530877263788048, 0.8788885387601326], [-2.0535310131149638, -0.8508315906659665]], "map_objects_center": [[65.03048468341247, -57.38694474249887], [24.053393423048924, -16.229354504287684], [40.612873910161504, -26.4753215663362], [66.60804846150037, -53.86087086164982], [16.057826532297867, -10.62809436183917], [22.22604061124553, 14.19054900935989], [52.52049519155262, -27.122613454362487]], "map_objects_elevation": [-0.2551509351451847, -0.14075741479368353, -0.0686668164314792, 0.14172622165734183, -0.07773379443935169, -0.5029249821099973, 0.1437634795767], "map_objects_bbox": [[[66.24468522284943, -59.36769290923562], [67.29887396861989, -57.88899683218297], [63.81628414397551, -55.40619657576212], [62.76209539820505, -56.88489265281477]], [[22.664080677005664, -14.130683652609953], [21.58121458155776, -15.757188192821694], [25.442706169092183, -18.328025355965416], [26.525572264540088, -16.701520815753675]], [[39.955807931338214, -26.61571672107093], [40.64386739778138, -27.14650403312534], [41.269939888984794, -26.33492641160147], [40.58188042254163, -25.804139099547058]], [[68.17147415917438, -56.18178987959348], [69.30330528564495, -54.613569773501105], [65.04462276382637, -51.53995184370616], [63.9127916373558, -53.10817194979854]], [[14.788662112057143, -8.526948501981975], [13.660766424276694, -10.099232292360249], [17.32699095253859, -12.729240221696363], [18.45488664031904, -11.15695643131809]], [[28.64679480353524, 21.281453084454554], [26.458622494451618, 22.769141877771098], [15.80528641895582, 7.099644934265227], [17.993458728039442, 5.611956140948683]], [[52.68828226328979, -27.773223935801163], [53.18979104472829, -27.063540948728715], [52.352708119815446, -26.47200297292381], [51.85119933837695, -27.18168595999626]]], "image_objects_bbox": [[[1908.8324129594564, 536.4256505386854], [1949.0723987799413, 535.611219893452], [1949.9364149206785, 562.1583296651536], [1909.6721190912313, 562.5589538073243], [1918.6900866885767, 536.5010966727259], [1961.3689499988582, 535.6419058348972], [1962.2853584681945, 563.6896093340657], [1919.5792779137419, 564.0872967237659]], [[1795.1534761125913, 530.5037086187663], [1669.4649535809851, 533.4661322294512], [1672.2658150631885, 627.878368905925], [1798.2289061297058, 629.8319924154049], [1776.7672696675372, 531.4156591676589], [1671.0621808710555, 533.8870234469126], [1673.4358637570267, 613.8557874084545], [1779.335787435672, 614.883507216531]], [[1703.2023400301687, 531.7804414452115], [1701.5620306617009, 531.7473255538068], [1703.1358489233041, 584.2122329024492], [1704.7494947993232, 583.3274677316217], [1669.257630004691, 532.5986142310885], [1667.0482129042807, 532.580349193429], [1668.5790955489238, 584.226656811313], [1670.7632955214035, 583.3552175080353]], [[1827.8023045550726, 523.9015179840795], [1868.1324538929598, 522.8518273542714], [1869.2007921046368, 556.5355563215726], [1828.8394950475831, 557.0377296499553], [1833.5858883146973, 523.1709940260822], [1876.7558075971742, 522.0371543126271], [1877.899889930793, 558.0079441838209], [1834.6943959141643, 558.5180800513222]], [[1835.2499604330592, 541.9789271944945], [1634.5919818106781, 545.7065320500319], [1638.43573209279, 676.8778349016981], [1839.7313326553342, 684.8264519683672], [1812.6876235732818, 540.3780309836759], [1656.3042334198103, 543.4129075660547], [1659.349834329158, 646.5568738779072], [1816.1201241213957, 650.6068305863215]], [[-69.48909052806215, 514.3883154359644], [73.59892425037333, 516.1303772308297], [75.49409713975339, 659.4262415157796], [-67.65641059367228, 670.3447689989946], [394.223559460073, 459.92044358181016], [566.0360299877524, 469.9501373237186], [570.3110019538038, 703.4395932065454], [398.6740122004152, 729.0034131097402]], [[1519.5225932462665, 532.3099495502335], [1540.2144686384543, 531.7762595024187], [1541.3345031585363, 571.3044899183799], [1520.6236747528264, 571.4641145275979], [1516.1555940469614, 532.2621675744815], [1537.1577250959117, 531.7191676341554], [1538.2950659221908, 571.9028142872069], [1517.2733768322398, 572.0593018614637]]], "objects_token": ["899bc1fb98c95b8cf978d34fdf994a96dcf13ed037918aee4d469544510815fd", "f313f2d0576de4bf55595d6eab7aa508d98b7fe80dbc6f1a7fbe7faf2f5678dc", "db54a7500f158dbd31d80a57a7ebe5dde3f280cd2241b972d142ac46f3e4a13d", "4a6b2588cb75e2396e43b6d8485221ca2ffccb0de027d719cc65538ede7d82db", "c57eeabaf77f10344ea2bff2e65d2e9bc0304320fffb5df077f69971c6b763bc", "d51c58f65f4ff8d31e8f3c4fda458a7ab28e8fea57c16a36fd223f65551a06c6", "52164dfbb5afa666caeab43bc4cdb25bd15f53c5e276bd70399cf1beaec29a81"], "objects_type": ["car", "car", "pedestrian", "car", "car", "bus", "pedestrian"], "cam_intrinsic": [[1109.05239567, 0.0, 957.849065461], [0.0, 1109.05239567, 539.672710373], [0.0, 0.0, 1.0]], "ego_translation": [0.0, 0.0, 0.0], "ego_rotation": [[1.0, 0.0, 0.0], [0.0, 1.0, 0.0], [0.0, 0.0, 1.0]], "cam_translation": [1.5039405282244198, -0.02676183592864872, 1.6584901808053665], "cam_rotation": [[0.006759426271296165, 0.02533582536529963, 0.9996561439362748], [-0.9999683364602721, 0.004369557390585865, 0.006650792816400852], [-0.004199551566444137, -0.999669446827935, 0.02536455884440647]], "subsequent_egocenters": [[0.973598508998186, 0.009653580056393274], [1.9099722716247558, 0.05737437826085412], [2.7870558822036466, 0.19946784622298475], [3.64677452264038, 0.4378311873499281], [4.535193240625208, 0.7227982064855625], [5.41321173086667, 1.0563311926017078], [6.264401308115267, 1.4138235235810708], [7.089810822384628, 1.8298626372568354], [7.879418400165099, 2.3005695837912556], [8.653416249897665, 2.819243090154444], [9.445544646936211, 3.4128956845149196], [10.257416886218529, 4.103447455418271], [11.1122990330621, 4.89746184175276], [11.994818128617716, 5.76102169247832], [12.865761538392942, 6.704374564623041], [13.724896162432195, 7.73257105355202], [14.60691568611008, 8.820662006935663], [15.524247568075165, 10.037055982762881], [16.434921202989912, 11.296567830069547], [17.354832544658514, 12.618932262362787], [18.271232471650837, 13.981252632562983], [19.2461705461145, 15.436407515382877], [20.25415888246016, 16.931716377504085], [21.291780537329185, 18.461391099392255], [22.38837828629403, 20.051113541685517], [23.513823730499446, 21.666702878314517], [24.659576931529926, 23.33411185025238], [25.844876516015916, 25.069610259655672], [27.052249252522834, 26.837877857111643], [28.217034453682924, 28.615131112165038], [29.41846654119952, 30.350897048905455], [30.60553908327826, 32.08664337853633], [31.81661416880555, 33.80409825358309], [33.07149231044194, 35.55110359462415], [34.30344624582611, 37.284491727558276], [35.525669263634065, 38.95544556894248], [36.70344165680274, 40.55217195217464], [37.88896558581062, 42.1266960113832], [39.039681570596144, 43.64665389551659], [40.165840957533064, 45.10229169232311], [41.26889994939835, 46.514066872787545]]}