{"scene_token": "da4ed9e02f64c544f4f1f10c6738216dcb0e6b0d50952e158e5589854af9f100", "sample_token": "3bf89e5ca82ddf199317b91673bb565212ac15c5df588c495cfe9387269dbdac", "map_patch": [-10, -40, 70, 40], "egobbox": [[2.0493947764293177, -0.8610491069578735], [2.0493342683180797, 0.8689285715062401], [-2.034479535860436, 0.8689838354543381], [-2.0344190277491982, -0.8609938430097756]], "map_objects_center": [[16.04201937498013, 14.656385960225471], [44.28316901098348, 4.977570915995447], [28.425652267968037, -17.495880843393355], [19.97972384923019, 16.310313626660484], [31.57178225590637, -23.096208009919774], [87.6233064287258, -5.477101164688854], [80.98902935581827, -0.07536476929352176], [80.39584681679726, -5.561183933789046], [35.5257321207319, -23.5485537149735], [93.60124065177607, -5.048950307007662], [24.471259927937112, 15.820008221575538], [35.40296570065108, -28.65296247415327], [73.87672829245325, 12.136933549865297], [35.09315239129151, 28.843647232556425], [31.704179042743725, -16.318015096673783], [54.04554225994659, 4.9786038162457], [11.741041456696056, 9.975672894368117], [38.84557805338494, 8.770290633603345]], "map_objects_elevation": [0.14894433063860701, 0.1500204831044436, 0.149348416935408, 0.3035021444932585, 0.012262222825527025, -0.04983329837718142, 0.09816925143322552, -0.26795128163089277, 0.02523479225547809, 0.13269145419692696, 0.3600455224446114, -0.08620806611531096, 0.04499970134559739, -0.30871199113075876, 0.08967357682247057, 0.07899916495790571, 0.11448696460112717, -0.08574468085829645], "map_objects_bbox": [[[15.05131928316213, 11.977793451449301], [17.14782707609757, 12.023225534396964], [17.032719466798127, 17.33497846900164], [14.936211673862687, 17.289546386053978]], [[42.03803906668298, 5.970034408122607], [42.01657651299907, 4.035153440520371], [46.52829895528398, 3.9851074238682864], [46.54976150896788, 5.919988391470523]], [[29.378291005673272, -15.430844781862376], [27.50133486246319, -15.418013707631111], [27.4730135302628, -19.560916904924333], [29.349969673472884, -19.5737479791556]], [[19.020549955455834, 14.07466820721183], [20.946547132826417, 14.077965594140418], [20.938897743004546, 18.54595904610914], [19.012900565633963, 18.542661659180553]], [[32.683933180887784, -20.861590241695644], [30.731359240970992, -20.74587071370739], [30.459631330924957, -25.330825778143904], [32.412205270841746, -25.44654530613216]], [[89.80974737578723, -6.351953858011068], [89.82371971393331, -4.638010809433687], [85.43686548166437, -4.602248471366639], [85.42289314351828, -6.316191519944021]], [[83.6314989257005, -0.9964074242484605], [83.59776057286327, 0.937298272993969], [78.34655978593605, 0.845677885661417], [78.38029813877328, -1.0880278115810125]], [[82.74109678933885, -6.614906651724665], [82.80228004680384, -4.655861831153686], [78.05059684425567, -4.507461215853427], [77.98941358679068, -6.466506036424406]], [[36.568543521614714, -20.934003537182143], [34.59700512048205, -20.891338178174326], [34.48292071984909, -26.16310389276486], [36.45445912098175, -26.205769251772676]], [[95.73268342633355, -5.923354646422038], [95.74665576447964, -4.209411597844656], [91.46979787721858, -4.174545967593285], [91.45582553907249, -5.888489016170667]], [[25.4836777342648, 18.131011182506278], [23.540979973463685, 18.16528085099518], [23.458842121609425, 13.5090052606448], [25.40153988241054, 13.474735592155897]], [[36.29536559630005, -26.28867554650559], [34.53038104499867, -26.281290855079504], [34.51056580500211, -31.01724940180095], [36.27555035630349, -31.024634093227036]], [[73.42609346781242, 11.638561445087218], [74.29465080277797, 11.610827785437758], [74.32736311709408, 12.635305654643377], [73.45880578212854, 12.663039314292837]], [[36.28245756465718, 38.33535720519074], [33.636720524389986, 38.298054205871765], [33.90384721792584, 19.35193725992211], [36.549584258193036, 19.389240259241085]], [[32.70265892509224, -13.56036642895969], [30.68567225775971, -13.567700173080208], [30.705699160395213, -19.075663764387876], [32.722685827727744, -19.068330020267357]], [[51.70343530016203, 5.900094043501902], [51.74996462743954, 3.9466481083137532], [56.38764921973116, 4.057113588989498], [56.34111989245365, 6.010559524177647]], [[11.012610774971117, 7.519167654821142], [12.975286551743416, 7.730306934139911], [12.469472138420995, 12.432178133915091], [10.506796361648696, 12.221038854596323]], [[35.03806116017681, 11.006775623030887], [34.43917000520691, 8.482856966556627], [42.65309494659307, 6.533805644175804], [43.25198610156297, 9.057724300650063]]],