{"scene_token": "da4ed9e02f64c544f4f1f10c6738216dcb0e6b0d50952e158e5589854af9f100", "sample_token": "ff4d53261f9784b6de6e1ad410f823cf957556c3c5d77c85841378d166c929b2", "map_patch": [-10, -40, 70, 40], "egobbox": [[2.0525748493422653, -0.8692078755510253], [2.052730469212818, 0.860767241882958], [-2.0308754095030594, 0.8608303223254377], [-2.031031029373612, -0.8691447951085456]], "map_objects_center": [[22.57308723863804, -18.57264370910616], [49.118613129674976, 2.800607525024885], [88.21589990527704, -8.887336027244658], [75.00069675126406, -8.841804618763646], [29.41141143842884, -24.91955979454889], [39.36489951132319, 3.2115686705519444], [69.17242526074433, 8.281138163111699], [31.301869608482793, 8.894705534459852], [82.22523198407211, -9.062821714999203], [15.56134574277467, 15.559858645776398], [25.898362064010488, -17.53420164576807], [89.84162673290128, -15.682803264259416], [81.34167439384021, -3.8627747197110764], [31.190195501967032, 27.444194227617906]], "map_objects_elevation": [0.13024358820963466, 0.06471970386124248, 0.12332728091956457, -0.2791751362899004, 0.006771219156849639, 0.13438761265638477, 0.03358664494103358, -0.04022673978071922, -0.06005045259810671, 0.2851423639849249, 0.07108999830807594, 0.18062548619965924, 0.08886142588777668, -0.32426630721406946], "map_objects_bbox": [[[23.61202578586002, -16.54965058131351], [21.737283316071938, -16.457619760536517], [21.534148691416057, -20.59563683689881], [23.40889116120414, -20.687667657675803]], [[46.81748141830102, 3.82011823949], [46.7815300978545, 1.866448998661822], [51.41974484104893, 1.78109681055977], [51.45569616149545, 3.7347660513879486]], [[90.30854222730841, -9.850912366744106], [90.39483382752354, -8.139085927021808], [86.12325758324567, -7.92375968774521], [86.03696598303054, -9.635586127467507]], [[77.29938820855459, -9.993562659403928], [77.44319243655755, -8.038845200534622], [72.70200529397353, -7.690046578123365], [72.55820106597056, -9.64476403699267]], [[30.563632872157747, -22.351347572466043], [28.595651472124842, -22.22551749210156], [28.25919000469993, -27.487772016631734], [30.227171404732836, -27.613602096996217]], [[37.16365362774363, 4.297896802390591], [37.06055447771728, 2.365645378464645], [41.56614539490275, 2.1252405387132973], [41.66924454492909, 4.057491962639244]], [[68.70115963969961, 7.802227718016443], [69.56777276424619, 7.737863967631316], [69.64369088178906, 8.760048608206954], [68.77707775724248, 8.824412358592081]], [[28.37289673603118, 12.199273269042175], [27.02266026174586, 9.98439235497263], [34.230842480934406, 5.59013779987753], [35.58107895521973, 7.8050187139470735]], [[84.37280455942012, -10.029167038169497], [84.45909615963525, -8.3173405984472], [80.0776594087241, -8.096476391828908], [79.99136780850897, -9.808302831551204]], [[14.50867781692186, 13.366683951895233], [16.4330982825301, 13.28869759701082], [16.61401366862748, 17.753033339657563], [14.689593203019237, 17.831019694541975]], [[27.012330506994715, -14.821147544200006], [24.996831271741964, -14.74335401814816], [24.78439362102626, -20.247255747336137], [26.799892856279012, -20.325049273387982]], [[90.28777053638444, -16.176199866004474], [90.29842919082223, -15.19925800842769], [89.39548292941811, -15.18940666251436], [89.38482427498032, -16.166348520091145]], [[83.87715264755552, -5.046968548835677], [84.0396295074696, -3.119805538088413], [78.8061961401249, -2.678580890586476], [78.64371928021082, -4.6057439013337405]], [[32.7790096352078, 36.8772570732696], [30.134055419236468, 36.951642524908294], [29.601381368726265, 18.011131381966216], [32.2463355846976, 17.93674593032752]]], "image_objects_bbox": [[[1854.6920521584752, 576.6882924370186], [1784.5815747951574, 576.9602611981184], [1786.7337024854817, 657.2201704625686], [1857.242410357614, 664.3111099304529], [2091.2468192974743, 576.6988617346826], [2000.3942002506103, 576.9727013870681], [2003.140134401759, 658.0510125090947], [2094.5105704447524, 665.2980396388513]], [[918.0790366192799, 574.5951845272311], [870.6604957468053, 574.5908499586606], [870.5242010986219, 619.2099077272707], [918.0118269181006, 619.259611846718], [924.1752313746143, 575.0869784574478], [881.121592290066, 575.0825906105455], [881.0117244298283, 615.5843661177382], [924.1223076160643, 615.6261332560317]], [[1064.8802288911907, 579.7669563307832], [1086.312793215602, 579.771164836664], [1086.390990587289, 599.3537306455291], [1064.9446416839176, 599.3285629315732], [1067.1526075107256, 579.758588305212], [1089.6667808580685, 579.7629992843952], [1089.7511723242787, 600.3321351215379], [1067.2217875250094, 600.3046011330835]], [[1080.6156200100274, 582.850738977991], [1109.3692359542251, 582.8625249833565], [1109.4912228956548, 608.5645569181596], [1080.7132606032976, 608.5007300295821], [1082.949350650683, 583.0437974567045], [1113.6183527606963, 583.0567837914689], [1113.7522574255504, 610.4681189885499], [1083.055555882803, 610.3959476558628]], [[1866.260778458994, 574.9622258825448], [1810.3976569539268, 575.2963940868161], [1812.2886062234595, 643.6611538013748], [1868.4220701495278, 648.2615002697015], [2095.146151001894, 574.939618313838], [2023.0087963723745, 575.2795352024231], [2025.4046905273506, 644.5076523509824], [2097.892515226598, 649.2322865516079]], [[890.2880865713234, 577.9533159603717], [830.99013268207, 577.9472992661557], [830.7741232159377, 627.5959400429427], [890.1679134084154, 627.7589535203583], [905.0757200076961, 578.174072486695], [852.3268733892269, 578.1681070113698], [852.165673229333, 622.2910792544363], [904.9903432120088, 622.4209964993216]], [[838.1022695419653, 576.6940602697099], [835.4350291144183, 576.6524705613404], [835.3075531411713, 606.9629232340681], [837.9790171573604, 606.620587106695], [821.6980375871201, 576.6944959837003], [818.8239931453115, 576.6529618521587], [818.6802351582616, 606.9269400406185], [821.5589062111474, 606.5854659470397]], [[536.5687908198436, 511.30181204433103], [467.9162718079127, 514.7030087577272], [465.71775961625514, 649.9961676920163], [534.5746381452459, 653.70809089804], [776.2410198419387, 526.2030363601684], [712.421837145392, 528.3082128193722], [711.5396064564486, 635.3871787804538], [775.5553317224137, 637.6893787316309]], [[1074.4669888772698, 579.0944694072075], [1097.44019335515, 579.0982069092494], [1097.5451818121603, 603.1950228933854], [1074.5537867606813, 603.1636525404527], [1077.5088613386154, 579.0478806737337], [1101.7631486207958, 579.0517695851884], [1101.8775733843993, 604.489537651136], [1077.6030093458016, 604.4548568272556]], [[2.008623365349587, 561.4956471835083], [-142.28522531354164, 558.8532571492005], [-147.23077684529463, 695.5424116110155], [-1.7507036431653502, 680.9923537763455], [-303.9178887742608, 561.6727377826911], [-489.2358145604004, 559.0950249941311], [-495.6342396590287, 693.723813410859], [-308.8071441070613, 679.5917892600845]], [[1651.3636116087073, 548.2633322431351], [1600.989568011187, 550.7373580932605], [1603.0473322297198, 649.5156111633131], [1653.7729780761724, 655.4333555749954], [1917.9524977940916, 547.9915009296394], [1846.0776265184434, 550.5103644704185], [1848.954323342002, 650.2251904985815], [1921.3309373959614, 656.2648803988354]], [[1152.9816348802708, 573.7091794287508], [1165.1901195324824, 573.7105713629502], [1165.3541320206123, 598.6662299153586], [1153.135661594811, 598.6603931527815], [1154.7956398802426, 573.6455319598479], [1167.1294959613824, 573.6469267088422], [1167.2967878773682, 598.8583516105291], [1154.9527397936458, 598.8524204659589]], [[1005.3685366442171, 573.771144453191], [1031.3170250573007, 573.7636045302191], [1031.3775299869772, 601.3105187180734], [1005.4056004604877, 601.2606053815466], [1001.8667743779891, 573.3554552974208], [1029.559591128386, 573.3464795177963], [1029.6224961776463, 602.7548473070162], [1001.9029791610448, 602.6983520214785]], [[-440.17136427997644, 522.4527285115927], [-321.0633591861784, 527.2229108713128], 