{"scene_token": "da4ed9e02f64c544f4f1f10c6738216dcb0e6b0d50952e158e5589854af9f100", "sample_token": "cd6862e6d7f1ae17ac375530249c6772d6df7f898b671a9c40278e6d2a0709ae", "map_patch": [-10, -40, 70, 40], "egobbox": [[2.042698634779601, -0.8623848570973002], [2.0426914992774083, 0.8676054974716415], [-2.0413068795517146, 0.8676008040439215], [-2.041299744049522, -0.8623895505250202]], "map_objects_center": [[29.542154079266552, -16.98471131221637], [14.528703219418297, 14.309265842497787], [52.322354223251104, 3.841832087778201], [33.21223849447739, -24.29329864551977], [81.26971429084308, -1.8887822536288006], [18.500010847394588, 15.880798524276539], [32.98315468970004, -29.39404276279514], [29.268570508245517, -23.758676438199856], [36.094797983040564, 8.46578865091302], [78.44735646041713, -7.2446427124092345], [77.05140037753957, 10.783613477343009], [72.28078951753272, 10.251196123043355], [33.871274963603454, 28.09654499595692], [85.67499964535337, -7.3111517424177705], [42.562078235584046, 4.044185211506489], [10.13114230712285, 9.719173595978804], [23.12890890442757, 20.3851352433632], [26.239799056779542, -18.094018720334088]], "map_objects_elevation": [0.053817467966802646, 0.11300522590753614, 0.04301962848579344, -0.010602273976712207, 0.062450810164810244, 0.26754903936313956, -0.12202603576924498, -0.023568588885652053, -0.09773938976876062, -0.3039447095528588, 0.009745283761939172, 0.008860283081071785, -0.3447416740130318, -0.08584152304253356, 0.1140605174791196, 0.07857376626502299, 0.32349304325783, 0.11350322917861622], "map_objects_bbox": [[[30.59786915633572, -14.248463164469376], [28.581167475554963, -14.213774106596786], [28.486439002197386, -19.72095945996336], [30.50314068297814, -19.755648517835954]], [[13.482413273292583, 11.651894613512974], [15.579412547835007, 11.653638909516028], [15.574993165544011, 16.966637071482598], [13.477993891001587, 16.964892775479548]], [[49.999953616376736, 4.811916966121111], [50.00577542036412, 2.8579256389657592], [54.64475483012547, 2.8717472094352905], [54.63893302613809, 4.8257385365906424]], [[34.30929420319445, -21.701041516689507], [32.339072588541384, -21.617311061335016], [32.11518278576033, -26.88555577435003], [34.085404400413395, -26.969286229704522]], [[83.85302601280938, -2.9646379814805983], [83.93381791033234, -1.0323262392157422], [78.68640256887679, -0.8129265257770029], [78.60561067135383, -2.745238268041859]], [[17.494468464867445, 13.66562143949491], [19.420116312342817, 13.628792544406057], [19.50555322992173, 18.09597560905817], [17.57990538244636, 18.13280450414702]], [[33.924617640186646, -27.048860944073816], [32.160170018689286, -27.004706771085033], [32.04169173921343, -31.739224581516467], [33.80613936071079, -31.78337875450525]], [[30.427035309467506, -21.547713852734038], [28.47729602546971, -21.391340183480665], [28.11010570702353, -25.969639023665675], [30.059844991021325, -26.126012692919048]], [[32.57858312571935, 11.136983716263645], [31.685327807120082, 8.701633446632162], [39.61101284036178, 5.794593585562394], [40.50426815896105, 8.229943855193877]], [[80.77014451139975, -8.34699686158832], [80.87212855902528, -6.389651911399438], [76.1245684094345, -6.142288563230149], [76.02258436180897, -8.09963351341903]], [[77.56372864012455, 10.348910991317629], [77.56407203492661, 11.21791092346953], [76.53907211495458, 11.218315963368388], [76.53872872015252, 10.349316031216487]], [[71.81986958662387, 9.76232055882381], [72.68766061267515, 9.716497692208174], [72.74170944844158, 10.740071687262901], [71.8739184223903, 10.785894553878537]], [[35.258069043771926, 37.56141727080615], [32.61212908747067, 37.57924274831716], [32.48448088343498, 18.631672721107684], [35.13042083973624, 18.613847243596684]], [[87.84273965633858, -8.2313661167751], [87.8924166650296, -6.518086164517585], [83.50725963436815, -6.390937368060441], [83.45758262567713, -8.104217320317955]], [[40.33811222861594, 5.083207564418276], [40.27634368506955, 3.149193695019156], [44.78604424255215, 3.0051628585947023], [44.847812786098544, 4.939176727993823]], [[9.351691737228956, 7.278377402296896], [11.31834033011507, 7.448581139327155], [10.910592877016745, 12.15996978966071], [8.94394428413063, 11.989766052630452]], [[24.19274610236704, 22.67292345827303], [22.251300265566034, 22.75062199602017], [22.065071706488098, 18.097347028453374], [24.006517543289103, 18.019648490706235]], [[27.235253284655357, -16.049277812491688], [25.3589718421107, -15.997345660961518], [25.244344828903728, -20.138759628176487], [27.120626271448383, -20.190691779706658]]],