{"scene_token": "da4ed9e02f64c544f4f1f10c6738216dcb0e6b0d50952e158e5589854af9f100", "sample_token": "43135b0152ab3593fa3bebf4e7d9f12d038d89dfcf4f07560c3590f706984848", "map_patch": [-10, -40, 70, 40], "egobbox": [[2.04266838609173, -0.8618451982938351], [2.042659332555771, 0.8681407829658079], [-2.0413391887133763, 0.8681334012197508], [-2.041330135177417, -0.8618525800398922]], "map_objects_center": [[57.68291109211377, 3.847627994544343], [47.922299389638766, 4.033132673466589], [91.0549832078956, -7.246360412038229], [23.72611084585075, 22.475073292737726], [86.12870064859469, -12.889793904609089], [19.87105119380808, 14.249354436792702], [83.8272501260813, -7.191375542676141], [34.86080597464898, -14.005998741214121], [38.401777398598874, -29.420146872244946], [54.4140699772342, 7.009754128110547], [32.442925369955574, 9.39053485302298], [71.8470756688069, -16.8571622408242], [7.053704521040743, 3.0819004685862152], [23.839595992040117, 15.826827058996692], [20.519078181496052, -9.289289465817006], [39.18949289183141, 28.067807974087223], [38.62194124446389, -24.32020113310587], [24.675790783247805, -14.860385418080568], [15.481512984746972, 9.65190024526797]], "map_objects_elevation": [0.1146921461755418, 0.1859585723741779, -0.062466469699431704, 0.32550241093627375, -0.05721756657416144, 0.22954700852235332, -0.28077910396127215, 0.02573754730714417, -0.20272617352747324, -0.09628551962180065, 0.15238863068647435, 0.034567377170523494, 0.06847333876386108, 0.39151102506276214, 0.15232892541590848, -0.1641898913368416, -0.06811451659245593, 0.20840768825438238, 0.17394919790028462], "map_objects_bbox": [[[55.35882452720401, 4.813666756088596], [55.36804935387666, 2.8596885313959923], [60.00699765702353, 2.88158923300009], [59.99777283035088, 4.835567457692694]], [[45.69652721525196, 5.068280236727707], [45.638127004561326, 3.1341617255212997], [50.14807156402557, 2.9979851102054713], [50.206471774716206, 4.932103621411879]], [[93.22432255801245, -8.16279809897315], [93.27101567788135, -6.449434228525045], [88.88564385777876, -6.329922725103307], [88.83895073790985, -8.043286595551411]], [[22.644638965757103, 19.839471877013658], [24.715326130331825, 19.803476509735276], [24.8075827259444, 25.110674708461794], [22.73689556136968, 25.146670075740175]], [[86.5549819032218, -13.383459066387324], [86.57228158816275, -12.411613028734783], [85.70241939396757, -12.396128742830854], [85.68511970902662, -13.367974780483395]], [[18.829390858065736, 11.590165040577917], [20.926383914571463, 11.595561425179673], [20.91271152955042, 16.908543833007485], [18.815718473044694, 16.903147448405733]], [[86.15195449198097, -8.289682699698714], [86.25052951282657, -6.332163104582158], [81.50254576018162, -6.093068385653568], [81.40397073933602, -8.050587980770125]], [[35.799586399400084, -11.499365977105237], [33.96465231913287, -11.48381216490675], [33.92202554989788, -16.512631505323007], [35.7569596301651, -16.528185317521494]], [[39.339154600398686, -27.073328977403943], [37.574632756767336, -27.032247797432657], [37.46440019679906, -31.76696476708595], [39.22892204043041, -31.808045947057234]], [[50.22706054617217, 8.412609082907242], [50.16175513968869, 5.8194312633422145], [58.60107940829623, 5.6068991733138525], [58.66638481477971, 8.20007699287888]], [[33.741005558435425, 12.34038575167466], [31.28468215883069, 12.39804298499588], [31.144845181475727, 6.440683954371302], [33.60116858108046, 6.383026721050081]], [[74.11417629014987, -15.216668482010629], [72.50882738221729, -14.138145935283092], [69.57997504746392, -18.497655999637768], [71.1853239553965, -19.576178546365306]], [[4.874125274545879, 4.3661066663009285], [4.609333865643747, 2.430131069922807], [9.233283767535607, 1.797694270871502], [9.498075176437737, 3.7336698672496236]], [[22.837913041781615, 13.60990210150232], [24.763622109367763, 13.57642693135352], [24.84127894229862, 18.043752016491066], [22.91556987471247, 18.077227186639863]], [[18.846784459071966, -7.358714433361394], [17.995602915154045, -8.894626533480897], [22.19137190392014, -11.219864498272619], [23.04255344783806, -9.683952398153115]], [[40.55980103999616, 37.53508110731166], [37.91383405190899, 37.54829844262986], [37.81918474366665, 18.600534840862785], [40.46515173175382, 18.587317505544586]], [[39.71448066719989, -21.726037325678185], [37.74411621723194, -21.645738295157802], [37.529401821727895, -26.914364940533552], [39.49976627169584, -26.994663971053935]], [[25.495894568333075, -12.483679655540994], [23.686078683302128, -12.54915837185142], [23.855686998162536, -17.23709118062014], [25.665502883193483, -17.171612464309717]], [[14.706314437888672, 7.209750277934109], [16.672663624888692, 7.383378831992361], [16.256711531605273, 12.094050212601832], [14.290362344605253, 11.920421658543582]]],