{"scene_token": "da4ed9e02f64c544f4f1f10c6738216dcb0e6b0d50952e158e5589854af9f100", "sample_token": "e1c4cd624b36f95bd14915f5b0526dbb8554e878aa7b9eb294de76bd4730f90a", "map_patch": [-10, -40, 70, 40], "egobbox": [[2.04266838609173, -0.8618451982938351], [2.042659332555771, 0.8681407829658079], [-2.0413391887133763, 0.8681334012197508], [-2.041330135177417, -0.8618525800398922]], "map_objects_center": [[83.8272501260813, -7.191375542676141], [19.87105119380808, 14.249354436792702], [58.177700829489865, 6.9257940328407255], [15.481512984746972, 9.65190024526797], [24.650444076123875, -17.55310620491526], [32.29630871696212, 0.8923697381013236], [39.18949289183141, 28.067807974087223], [91.0549832078956, -7.246360412038229], [47.922299389638766, 4.033132673466589], [38.62194124446389, -24.32020113310587], [35.28196220964911, 17.860007458129417], [85.25433379286383, -12.874058961329414], [23.839595992040117, 15.826827058996692], [23.72611084585075, 22.475073292737726], [10.190015053047674, 2.6911467173999952], [34.83470300224669, -22.27646330249626], [22.325347944519066, -10.288129058591192]], "map_objects_elevation": [-0.28077910396127215, 0.22954700852235332, -0.09786992843741782, 0.17394919790028462, 0.19543430835471987, 0.13143065861805825, -0.1641898913368416, -0.062466469699431704, 0.1859585723741779, -0.06811451659245593, 0.23129231819474816, -0.05733228127481915, 0.39151102506276214, 0.32550241093627375, 0.0992751691901026, -0.024097936124306996, 0.16891238390982022], "map_objects_bbox": [[[86.15195449198097, -8.289682699698714], [86.25052951282657, -6.332163104582158], [81.50254576018162, -6.093068385653568], [81.40397073933602, -8.050587980770125]], [[18.829390858065736, 11.590165040577917], [20.926383914571463, 11.595561425179673], [20.91271152955042, 16.908543833007485], [18.815718473044694, 16.903147448405733]], [[53.980999737294454, 8.299384198343478], [53.93379957161494, 5.705813658651174], [62.374401921685276, 5.552203867337973], [62.42160208736479, 8.145774407030277]], [[14.706314437888672, 7.209750277934109], [16.672663624888692, 7.383378831992361], [16.256711531605273, 12.094050212601832], [14.290362344605253, 11.920421658543582]], [[25.6504693684003, -15.246322748496464], [23.840963995727872, -15.172761167018006], [23.65041878384745, -19.859889661334055], [25.45992415651988, -19.933451242812513]], [[33.594388905441974, 3.842220636753003], [31.13806550583724, 3.899877870074223], [30.998228528482276, -2.057481160550356], [33.45455192808701, -2.1151383938715758]], [[40.55980103999616, 37.53508110731166], [37.91383405190899, 37.54829844262986], [37.81918474366665, 18.600534840862785], [40.46515173175382, 18.587317505544586]], [[93.22432255801245, -8.16279809897315], [93.27101567788135, -6.449434228525045], [88.88564385777876, -6.329922725103307], [88.83895073790985, -8.043286595551411]], [[45.69652721525196, 5.068280236727707], [45.638127004561326, 3.1341617255212997], [50.14807156402557, 2.9979851102054713], [50.206471774716206, 4.932103621411879]], [[39.71448066719989, -21.726037325678185], [37.74411621723194, -21.645738295157802], [37.529401821727895, -26.914364940533552], [39.49976627169584, -26.994663971053935]], [[36.13273762378655, 20.464077003033943], [34.3708567638325, 20.443587119491404], [34.43118679551167, 15.25593791322489], [36.19306765546572, 15.276427796767429]], [[85.68061504749095, -13.36772412310765], [85.6979147324319, -12.395878085455108], [84.82805253823672, -12.380393799551179], [84.81075285329577, -13.35223983720372]], [[22.837913041781615, 13.60990210150232], [24.763622109367763, 13.57642693135352], [24.84127894229862, 18.043752016491066], [22.91556987471247, 18.077227186639863]], [[22.644638965757103, 19.839471877013658], [24.715326130331825, 19.803476509735276], [24.8075827259444, 25.110674708461794], [22.73689556136968, 25.146670075740175]], [[8.14096333561926, 4.174770089183976], [7.695155682361687, 2.2723054939031657], [12.239066770476088, 1.2075233456160146], [12.68487442373366, 3.1099879408968247]], [[35.77348342699779, -19.769830538387374], [33.938549346730575, -19.754276726188888], [33.89592257749559, -24.783096066605147], [35.73085665776281, -24.798649878803634]], [[21.4364514521971, -7.893645966995491], [20.100622294934453, -9.03342509586519], [23.21424443684103, -12.682612150186893], [24.55007359410368, -11.542833021317193]]],