{"scene_token": "da4ed9e02f64c544f4f1f10c6738216dcb0e6b0d50952e158e5589854af9f100", "sample_token": "0bf7f703c76af0f41af5354492300d21d9d61ef67498ec4280698a2aa82a3d95", "map_patch": [-10, -40, 70, 40], "egobbox": [[2.050833937911997, -0.8618410649960622], [2.050786065948394, 0.8681444968665424], [-2.032946125196762, 0.8682225668653265], [-2.032898253233159, -0.861762994997278]], "map_objects_center": [[44.27554869664473, 7.606992604960182], [83.45879072585754, -6.9984545025120894], [57.287210401747394, 3.9775177220309192], [38.29617759161883, -24.238139578520816], [15.071515846608408, 9.676466492680966], [27.61551113210858, -0.04969680007608357], [31.29643238883913, -18.826244168588666], [19.44964331583057, 14.285108312589802], [23.284302165708198, 22.520994818404482], [34.29307501344505, -24.27774416012725], [95.59003105404828, -13.500093906159297], [38.08862397918464, -29.339820033761363], [34.59527321944299, -16.945113316288612], [47.52616115037115, 4.138612325508825], [23.414299901085982, 15.873424409250173], [90.68668067833617, -7.034400278609763], [38.733833512210495, 28.154049903090993]], "map_objects_elevation": [-0.0816785020733577, -0.23627458206554053, 0.11339202460608477, 0.06369942803116002, 0.1539582010986319, 0.38718414369424514, 0.18818600766352933, 0.18758697295384563, 0.24499278288659154, 0.09107902432457171, 0.22014409905067112, -0.04742060431988859, 0.1281889535448859, 0.1856547167761725, 0.3415445520690318, -0.019080652293298694, -0.27334562896197157], "map_objects_bbox": [[[40.198299611863966, 9.302601610790958], [39.94966609431368, 6.720544800039], [48.35279778142549, 5.911383599129406], [48.601431298975776, 8.493440409881364]], [[85.7862174335112, -8.090980896015004], [85.8799273083423, -6.133222366635261], [81.13136401820388, -5.905928109009174], [81.03765414337278, -7.863686638388918]], [[54.96073020753173, 4.937777663881176], [54.97481104627979, 2.9838283989359096], [59.61369059596306, 3.0172577801806617], [59.599609757215, 4.971207045125929]], [[39.38226660612867, -21.641268595479676], [37.411708681185104, -21.56586657665963], [37.21008857710899, -26.835010561561955], [39.180646502052554, -26.910412580382]], [[14.302388942110634, 7.232397538093622], [16.268300553849112, 7.4109123409302775], [15.840642751106182, 12.12053544726831], [13.874731139367702, 11.942020644431654]], [[28.621154058685047, 2.2642623188857693], [26.678364235409138, 2.2928403274859535], [26.609868205532113, -2.3636559190379365], [28.552658028808022, -2.3922339276381206]], [[32.28323505939675, -16.7773139625103], [30.406750871765016, -16.733312899249725], [30.309629718281503, -20.875174374667033], [32.18611390591324, -20.919175437927606]], [[18.414594833248174, 11.623338386637545], [20.511568002829325, 11.633946216613285], [20.484691798412968, 16.94687823854206], [18.387718628831816, 16.93627040856632]], [[22.20938364070114, 19.882713860167346], [24.280153866663124, 19.85186469049667], [24.359220690715254, 25.159275776641618], [22.28845046475327, 25.190124946312295]], [[35.47301015799753, -22.07816481292244], [33.52488568347501, -21.902816497371983], [33.11313986889257, -26.477323507332056], [35.06126434341508, -26.652671822882514]], [[96.04866118320454, -13.98190601126886], [96.03430341106734, -13.005011516259673], [95.13140092489202, -13.018281801049733], [95.14575869702922, -13.99517629605892]], [[39.020165957738534, -26.990679809723662], [37.25554746794319, -26.953983958835472], [37.157082000630744, -31.688960257799064], [38.92170049042609, -31.725656108687254]], [[35.639413353582285, -14.20442733823867], [33.62258306479136, -14.178262739722578], [33.55113308530369, -19.685799294338555], [35.56796337409462, -19.711963892854644]], [[45.29782329338574, 5.1682251872804965], [45.24422994810454, 3.233967512268822], [49.754499007356564, 3.1089994637371543], [49.808092352637765, 5.043257138748829]], [[22.418129561807525, 13.654016908329748], [24.34391587528062, 13.625327627409552], [24.41047024036444, 18.0928319101706], [22.484683926891346, 18.121521191090793]], [[92.85829086669581, -7.945443877902711], [92.90072577830952, -6.231969256475146], [88.51507048997654, -6.123356679316815], [88.47263557836283, -7.836831300744379]], [[40.080609294247225, 37.62469929966984], [37.434617629439614, 37.63134081821837], [37.387057730173765, 18.683400506512143], [40.033049394981376, 18.676758987963616]]],