{"scene_token": "da4ed9e02f64c544f4f1f10c6738216dcb0e6b0d50952e158e5589854af9f100", "sample_token": "49852b89c18e528939a1a5545906854309ba702b64ced64adfb1a82ef4437d82", "map_patch": [-10, -40, 70, 40], "egobbox": [[2.04266838609173, -0.8618451982938351], [2.042659332555771, 0.8681407829658083], [-2.041339188713377, 0.8681334012197508], [-2.041330135177418, -0.8618525800398926]], "map_objects_center": [[23.839595992040117, 15.826827058996692], [38.62194124446383, -24.320201133105655], [17.328207491438487, -0.0666315473052439], [83.39486743475493, -12.835786068684914], [15.481512984746972, 9.65190024526797], [19.871051193808015, 14.24935443679292], [57.68291109211377, 3.847627994544343], [23.72611084585069, 22.475073292737946], [32.028791481496334, -19.01766136414349], [38.401777398598874, -29.420146872244946], [39.18949289183156, 28.067807974087504], [69.36492798212281, 6.4700006164247075], [24.67757351988117, -15.168930461521299], [3.928674200353608, 2.9187916399514653], [32.99639955251279, 28.445798685443968], [47.9222993896387, 4.033132673466808], [28.38644106072096, 13.941667428739695]], "map_objects_elevation": [0.39151102506276214, -0.06811451659245593, 0.11354945435231856, -0.05755307270890753, 0.17394919790028462, 0.22954700852235332, 0.1146921461755418, 0.32550241093627375, 0.03548777782768342, -0.20272617352747324, -0.1641898913368416, -0.09362764759339282, 0.20192007644083532, 0.025005332599188912, 0.19678782380378923, 0.18595857237417768, 0.37692424676771485], "map_objects_bbox": [[[22.837913041781615, 13.60990210150232], [24.763622109367763, 13.57642693135352], [24.84127894229862, 18.043752016491066], [22.91556987471247, 18.077227186639863]], [[39.71448066719982, -21.72603732567797], [37.74411621723188, -21.64573829515759], [37.52940182172783, -26.91436494053334], [39.499766271695776, -26.994663971053722]], [[16.144707090061534, 2.169230266390001], [14.904753188365751, 0.6590546733977799], [18.51170789281544, -2.3024933610004887], [19.751661794511225, -0.7923177680082677]], [[83.81620409503746, -13.333678043617182], [83.8431952807492, -12.362052871087222], [82.9735307744724, -12.337894093752647], [82.94653958876066, -13.309519266282607]], [[14.706314437888672, 7.209750277934109], [16.672663624888692, 7.383378831992361], [16.256711531605273, 12.094050212601832], [14.290362344605253, 11.920421658543582]], [[18.829390858065672, 11.590165040578135], [20.9263839145714, 11.595561425179891], [20.912711529550357, 16.908543833007705], [18.81571847304463, 16.90314744840595]], [[55.35882452720401, 4.813666756088595], [55.36804935387666, 2.859688531395991], [60.00699765702353, 2.881589233000091], [59.99777283035088, 4.835567457692695]], [[22.644638965757043, 19.839471877013878], [24.715326130331764, 19.803476509735496], [24.80758272594434, 25.110674708462014], [22.736895561369618, 25.146670075740396]], [[33.38836399565273, -16.09564235689004], [30.933786790350187, -15.986556412749042], [30.669218967339933, -21.93968037139694], [33.123796172642486, -22.048766315537936]], [[39.339154600398686, -27.073328977403943], [37.574632756767336, -27.032247797432657], [37.46440019679906, -31.76696476708595], [39.22892204043041, -31.808045947057234]], [[40.559801039996316, 37.53508110731194], [37.91383405190915, 37.54829844263014], [37.81918474366681, 18.600534840863066], [40.46515173175398, 18.587317505544867]], [[65.25707645749776, 8.090064149634337], [65.05614410890927, 5.503858011042381], [73.47277950674786, 4.849937083215078], [73.67371185533635, 7.436143221807034]], [[25.296936962504578, -12.691012953624458], [23.55078869444965, -12.876760701844399], [24.058210077257765, -17.64684796941814], [25.804358345312693, -17.4611002211982]], [[2.051123775836275, 3.9920733613064794], [1.8988772677793597, 2.17243136333422], [5.806224624870941, 1.8455099185964514], [5.958471132927857, 3.6651519165687105]], [[34.441993568772574, 33.80234052138196], [31.70326890006193, 33.84117593042805], [31.55080553625301, 23.08925684950598], [34.289530204963654, 23.050421440459886]], [[45.6965272152519, 5.068280236727924], [45.63812700456126, 3.1341617255215164], [50.14807156402551, 2.9979851102056916], [50.20647177471614, 4.932103621412099]], [[29.371049387206536, 16.37785249835474], [27.469229383182075, 16.404018741730248], [27.40183273423538, 11.505482359124649], [29.303652738259842, 11.47931611574914]]],