{"scene_token": "da4ed9e02f64c544f4f1f10c6738216dcb0e6b0d50952e158e5589854af9f100", "sample_token": "2173723e2d962b2dff40e511307a1ff28aa2c1651be559fedab594d000a2c9db", "map_patch": [-10, -40, 70, 40], "egobbox": [[2.0300249382305293, -0.8417102546439359], [2.030595639553147, 0.887557272563293], [-2.052963727291153, 0.8871588336356391], [-2.0535344286137707, -0.8421086935715898]], "map_objects_center": [[26.89410508600393, 15.92198914436689], [50.1724564001008, 35.20440517545187], [36.63268998284934, 30.17122039170325], [43.71926225557838, 12.353942531605258], [48.62352061841571, 14.279922463726876], [39.50228917287439, 10.71271187519833], [18.495848948341525, 2.3442947676427037], [79.79280721800544, 34.2936285055924], [54.75520326220458, 16.63821584547942], [43.348775580522606, 32.70234156771886]], "map_objects_elevation": [0.020337937100735726, 0.25914137712098406, 0.07973678588279287, -0.0033435741713636613, -0.07113832391430686, 0.025523215298845048, -0.4109847764272083, 0.4289357555854739, -0.050633926693845366, 0.3025698413577901], "map_objects_bbox": [[[31.228893913860723, 16.763806118469883], [30.008253612618105, 19.052664623267052], [22.559316258147135, 15.080172170263896], [23.779956559389753, 12.791313665466728]], [[47.45258604946732, 35.2845785859126], [48.05713287440921, 33.492818519259515], [52.89232675073428, 35.12423176499114], [52.287779925792385, 36.91599183164422]], [[33.73091961289081, 30.099617528417625], [34.39214727716848, 28.325856841066063], [39.534460352807876, 30.242823254988878], [38.8732326885302, 32.01658394234044]], [[45.85995830346564, 12.391086583078895], [45.16532117936079, 13.932825946854546], [41.57856620769112, 12.31679848013162], [42.27320333179597, 10.775059116355969]], [[51.31187429633325, 14.36361088841775], [50.53449275949833, 16.172654543553847], [45.93516694049817, 14.196234039036003], [46.712548477333094, 12.387190383899906]], [[42.00687025613727, 10.862493707747408], [41.2696746058517, 12.493641332335702], [36.997708089611514, 10.562930042649253], [37.734903739897085, 8.931782418060958]], [[27.719311467581427, 4.880974518059914], [26.67154257467749, 7.310685683417406], [9.272386429101623, -0.19238498277450677], [10.320155322005562, -2.622096148131998]], [[82.28596969707421, 33.90650403857478], [81.82181250076567, 35.793249145131306], [77.29964473893666, 34.68075297261002], [77.7638019352452, 32.7940078660535]], [[57.489415855148, 16.706529435559325], [56.81696821442193, 18.435355387030995], [52.02099066926116, 16.569902255399512], [52.693438309987236, 14.84107630392784]], [[40.72064563221342, 32.65964233118781], [41.33401899643508, 31.01425206864722], [45.97690552883179, 32.74504080424991], [45.363532164610135, 34.3904310667905]]], "image_objects_bbox": [[[203.68260023947553, 510.1456253247064], [319.7894965663513, 509.0517922701982], [323.1393238228824, 632.6768407937132], [207.04130598888085, 639.1435398756395], [150.66622355207028, 488.9094880249472], [308.1498111154921, 488.6292536092857], [312.59290152135236, 653.2156732838479], [155.11968390350322, 663.1582084926656]], [[147.5392491935223, 570.6407359528898], [93.4042551451824, 572.3288125699248], [94.42370736615791, 613.080184205112], [148.56495666102447, 610.8480075746986], [187.58869094419086, 569.973023202125], [139.0927859532224, 571.4923629343878], [140.03059789596247, 608.365800670675], [188.53128310349084, 606.4004210435012]], [[-10.448492138812785, 566.0973928243438], [-91.68927554961881, 568.4209628781546], [-90.02637009688941, 639.7010862879308], [-8.768097320027612, 635.9084341979311], [63.0475946621163, 565.9269157609917], [-5.701046589875454, 567.928202730455], [-4.218488505750126, 629.4106610352152], [64.54161279788393, 626.3132903846795]], [[593.3425088883407, 561.8656277990958], [637.4399384180264, 560.4306802388135], [638.7098265347249, 602.7867241640345], [594.6156318459987, 604.9075523566778], [606.3160689250718, 561.3476182449925], [654.0422613163187, 559.7962481049096], [655.4301353441709, 605.8547109021852], [607.7079930693014, 608.2182601255204]], [[581.5181734068564, 562.6780894617452], [627.5445105822677, 561.1729059094815], [628.7085148856496, 600.1147794382464], [582.684362526414, 602.2493549736915], [592.9229883895632, 562.2409374103457], [643.4042409856323, 560.5911890345395], [644.6922043752588, 603.4723739744253], [594.2137959689426, 605.8865417587409]], [[598.6374527449971, 558.3667455576945], [649.6230063538669, 556.7692024073901], [651.0896114302179, 605.5043093287602], [600.1086016361706, 608.0208991072316], [616.8884262634457, 557.2465410701212], [673.4630383852503, 555.4851975800459], [675.1131776701993, 609.92510225988], [618.5446903966543, 612.8357847754571]], [[622.5857499124179, 498.72155688215895], [737.8133045567674, 497.4871168417705], [742.3711071369115, 644.9194908127215], [627.1744502318531, 652.3820213959292], [955.4840774151836, 350.74676721656664], [1251.8341586409977, 364.5907455256208], [1267.1617415258268, 794.5506991602448], [971.547989497763, 838.3420833792868]], [[452.82014477739045, 564.8492345040222], [481.6864929435873, 563.915097383157], [482.24292744778944, 583.3982804261792], [453.3747495778722, 584.449202652903], [439.54579697176575, 565.1272605811791], [470.2054088183706, 564.1360469763754], [470.79264348544746, 584.7733866983962], [440.130948526817, 585.8956781483857]], [[577.7396882320653, 561.9984038382611], [616.4776658819234, 560.740755139758], [617.5238188415249, 595.8583539904481], [578.7862650226652, 597.5523264984266], [583.5536136142825, 561.6743417421878], [625.8249731032257, 560.3037930469634], [626.9719593714675, 598.6961670855325], [584.7011796071195, 600.5888145700187]], [[81.77565943380286, 578.1270807982863], [21.295605850066803, 580.0918720008365], [22.26795519129392, 620.0125547391733], [82.75434066267034, 617.417315183407], [128.93366542930812, 576.7416707866198], [75.52282765209372, 578.4789076273771], [76.41000750614452, 614.1775562458145], [129.82545162394624, 611.9353289653079]]], "objects_token": ["5a621a94d21d1172a41d390268d557cac762cd32617ff17f5a6309061a748bde", "d32150e1957fe268411fa2675272b35baec3721fcd03bd807a2b1a492e699882", "cd892ab365f1830a19b705914b74361a3702e8caf7f7a394878fc7342f8d5d7f", "040f94974b417972eabbc4f36f340033abf44a90789f4be32486798841eb3b55", "bfd559e21fca9d0c5be1544408c13d9ba0e388026842bc986e31ccaa68f46635", "5d5f587884d0f0375864fe8d56e71eed78a184d739abf9807acac664a031ef8b", "d44291f477931acb8319c1df9eb0840dbf42e02ff17e27c227338997b45fc4b6", "d6136a5b1a56f1505238cb88ba4a4cc229a8e7c793d933a5d2f5ce21d2d1a4d0", "e258d1a669ee5dc84dc6f9bc18d915d2ca94836547790e5376688dbf2f33f899", "daf6fd5a2eef5102f7778e230afbff6c2e7e8b68d90167e389d7ab37bf40db73"], "objects_type": ["truck", "car", "car", "car", "car", "car", "bus", "car", "car", "car"], "cam_intrinsic": [[1109.05239567, 0.0, 957.849065461], [0.0, 1109.05239567, 539.672710373], [0.0, 0.0, 1.0]], "ego_translation": [0.0, 0.0, 0.0], "ego_rotation": [[1.0, 0.0, 0.0], [0.0, 1.0, 0.0], [0.0, 0.0, 1.0]], "cam_translation": [1.5039405282244198, -0.02676183592864872, 1.6584901808053665], "cam_rotation": [[0.006759426271296165, 0.02533582536529963, 0.9996561439362748], [-0.9999683364602721, 0.004369557390585865, 0.006650792816400852], [-0.004199551566444137, -0.999669446827935, 0.02536455884440647]],