{"scene_token": "da4ed9e02f64c544f4f1f10c6738216dcb0e6b0d50952e158e5589854af9f100", "sample_token": "f1c84bc22ffa6157bfd83cb5c7a4a75d38fc3800d3e3bd5ae08daf93c966c33c", "map_patch": [-10, -40, 70, 40], "egobbox": [[2.047693457390126, -0.862766532462646], [2.047665235293468, 0.8672263545075706], [-2.036224677691276, 0.8672457200320612], [-2.036196455594618, -0.8627471669381553]], "map_objects_center": [[31.886765873486297, 0.48940122352210125], [21.34815668297697, 11.187908279495076], [73.66389529436249, -15.078068528632555], [80.81673902517628, -11.14093126073867], [66.47867053914122, -14.296173193377346], [69.14036205884881, 3.534013336969439], [91.54005109034469, -16.97493451316695], [41.57900192598294, -0.6782210113201428], [25.619051612382897, 25.283536354327776], [79.65000236238723, -15.36864599032502]], "map_objects_elevation": [0.07246128422527165, -0.025823286242469212, -0.08418993801284236, 0.11867595529874686, -0.31135635160193664, 0.0515653037417485, 0.12265603310501316, 0.013548776997836076, -0.3735852888475031, 0.10618095546983508], "map_objects_bbox": [[[29.776583382617545, 1.7434833999487314], [29.52365867612928, -0.17491543575979351], [33.99694836435505, -0.7646809529045289], [34.249873070843314, 1.153717882803996]], [[20.437947906498, 15.508853775936874], [18.168663331697513, 14.252198087781773], [22.25836545945594, 6.866962783053278], [24.52765003425643, 8.12361847120838]], [[75.72988949182128, -16.208360183943952], [75.94893029069334, -14.508413970550867], [71.5979010969037, -13.947776873321157], [71.37886029803164, -15.647723086714242]], [[83.24286228366316, -12.535524726458693], [83.56790743168085, -10.629035373813323], [78.3906157666894, -9.746337795018647], [78.0655706186717, -11.652827147664016]], [[68.68092005111558, -15.623059053957942], [68.97617239944894, -13.68542491645839], [64.27642102716686, -12.96928733279675], [63.9811686788335, -14.906921470296302]], [[69.59691634369817, 3.04105828325187], [69.70137545449143, 3.903757126517747], [68.68380777399945, 4.026968390687008], [68.57934866320619, 3.1642695474211306]], [[93.55149625528504, -18.098197438059465], [93.7705370541571, -16.39825122466638], [89.52860592540434, -15.851671588274433], [89.30956512653228, -17.55161780166752]], [[39.36404383007241, 0.5170069516059252], [39.176399768303185, -1.4279623813355342], [43.793960021893476, -1.8734489742462108], [43.9816040836627, 0.07152035869524864]], [[27.936017748121806, 34.56462858131481], [25.304839738004123, 34.84430389140341], [23.302085476643988, 16.00244412734074], [25.93326348676167, 15.722768817252135]], [[81.66144752732758, -16.491908915217536], [81.88048832619964, -14.79196270182445], [77.63855719744687, -14.245383065432502], [77.41951639857481, -15.945329278825588]]], "image_objects_bbox": [[[963.7970441791595, 574.133164962484], [889.4043031320784, 574.690428464736], [889.7460390065675, 637.1514112661679], [964.275284408164, 637.1537055074103], [983.0445806323786, 574.0634632559113], [918.5560459276762, 574.545964082503], [918.8963459623085, 628.5539693731251], [983.4874154661807, 628.4893154212915]], [[29.133992437572438, 475.70754180919687], [66.14442056989253, 487.85629297754997], [62.703102921328885, 678.9924296292193], [25.003671559729646, 692.3275082906201], [595.7029867740933, 491.93792469222126], [571.3831703941294, 500.3971198447639], [570.817275604126, 658.1262916392557], [595.1972971297432, 666.6259875450787]], [[1173.3642357542744, 572.3413728763834], [1199.291321027704, 572.1465387539218], [1199.6751923594568, 599.0055624701222], [1173.7272132217133, 599.1214175923387], [1177.7822316524018, 572.2608011257398], [1205.3295023148269, 572.0536432754021], [1205.7420784575377, 600.5780148279249], [1178.171221317466, 600.6961123651055]], [[1101.2269000228987, 566.8897174783824], [1127.5581557800244, 566.6672944454235], [1127.897961089316, 594.4015032359628], [1101.544651898016, 594.5142213670186], [1098.08948249435, 566.4599785499902], [1126.1793914950333, 566.2207646161089], [1126.540921370961, 595.8225437512423], [1098.4259122583335, 595.9368139572039]], [[1182.013988849769, 576.6369552360059], [1214.8380385589178, 576.4089358893085], [1215.264520287647, 605.356690825475], [1182.41168006544, 605.4582039244773], [1186.0401975032812, 576.8741005302104], [1221.338819726779, 576.630142588465], [1221.802991514153, 607.7455912131406], [1186.4710749054423, 607.8434350038348]], [[894.8645942249179, 571.4935495741531], [908.7491544496091, 571.3847733740287], [908.9292771229723, 601.2938572277733], [895.0326383950063, 601.356868144206], [891.8767531107045, 571.4601625412596], [905.9661385059068, 571.3496932194381], [906.146576002394, 601.7103797556573], [892.044752776947, 601.7736924117669]], [[1154.7335925212792, 572.9420488175858], [1175.6157639076698, 572.7862234812137], [1175.8727793361647, 591.6595186345314], [1154.9788055519853, 591.7705345686369], [1157.2727417470917, 572.9082647188018], [1179.1660490927072, 572.7448571037211], [1179.4374373799362, 592.5267724890631], [1157.5311570983247, 592.6409579350293]], [[999.0609749917413, 569.1597239646909], [942.4000782152222, 569.6064729695546], [942.7722195428303, 622.917724888885], [999.5213807933136, 622.7355384914906], [1006.2973097714424, 569.6742802148071], [955.711482599189, 570.0706086007331], [956.0614801346098, 617.6287541365491], [1006.7176445140801, 617.4428558407042]], [[-639.7485435804374, 519.3213291477537], [-471.59239806165107, 524.6612848347887], [-476.43581995155523, 670.0557636464409], [-645.8932551109187, 680.5537753835611], [156.47007151182407, 507.3053877047692], [253.94112099797113, 514.3511471851766], [251.95466862631326, 671.5474612926997], [153.75828925571997, 683.1803722665865]], [[1161.5074919004123, 573.0725200888551], [1185.4922955274203, 572.894037613616], [1185.79338285075, 594.5565309442236], [1161.7930093267787, 594.6760016980935], [1164.8170415265856, 573.040719831725], [1190.1454122409593, 572.8522185194803], [1190.466285346063, 595.7203162168942], [1165.120551686343, 595.8430645151117]]], "objects_token": ["890ecf018a0fc43d874695e1e8e92a081b50272540f95c8815d8803e7c5977be", "e803cfe049c869265e9bd8398b62c826e86005ace370885e2f086ae7b4fa69e4", "9994d801f2f59551ca3fe2269481c3f87c0e6460d977eefe13d76b1638a9f3f4", "49fffa0908f69e48c8f722a1fb7e07cffd2bd442cd126c773fc52982a8997588", "9e62aa0ed138b78aea73e717705dc2383b3eb0b5c7311731aeebb35e8f254823", "25c282566491ff9d098c14becbf91239556249a5380e1deea9fdac6c60504bb6", "2a26b358240557bf32174aebe17f2b3538a30d1f305e37600d8c4464f4a296bb", "c9c788289367239ce18d0c944f23401be6ff11906c8c47365fc72ac3f4fa762c", "886171a7416226cfacbc19f0ac264bf838add281b4b23a83124af2cfa7a46eac", "d78ff7e78567ff3c8125c95b4a3533d97fba013f720a7a33bd99db5ab5affedd"], "objects_type": ["car", "truck", "car", "car", "car", "pedestrian", "car", "car", "bus", "car"], "cam_intrinsic": [[1109.05239567, 0.0, 957.849065461], [0.0, 1109.05239567, 539.672710373], [0.0, 0.0, 1.0]], "ego_translation": [0.0, 0.0, 0.0], "ego_rotation": [[1.0, 0.0, 0.0], [0.0, 1.0, 0.0], [0.0, 0.0, 1.0]], "cam_translation": [1.5039405282244198, -0.02676183592864872, 1.6584901808053665], "cam_rotation": [[0.006759426271296165, 0.02533582536529963, 0.9996561439362748], [-0.9999683364602721, 0.004369557390585865, 0.006650792816400852], [-0.004199551566444137, -0.999669446827935, 0.02536455884440647]],