{"scene_token": "da4ed9e02f64c544f4f1f10c6738216dcb0e6b0d50952e158e5589854af9f100", "sample_token": "ff0d9d792ad8cde9c9586657d7c3779a8015f2c7481dc7d0fdc8d8aff7237d4d", "map_patch": [-10, -40, 70, 40], "egobbox": [[2.04266838609173, -0.8618451982938347], [2.042659332555771, 0.8681407829658088], [-2.041339188713377, 0.8681334012197504], [-2.041330135177418, -0.8618525800398931]], "map_objects_center": [[23.679552273856597, -8.974768260576429], [32.68720813513905, 23.6230543122998], [72.349385978951, -14.710749366637728], [19.87105119380808, 14.249354436792702], [38.62194124446389, -24.32020113310587], [23.839595992040117, 15.826827058996692], [38.401777398598874, -29.420146872244946], [34.84245278701125, -0.4441642637436196], [39.18949289183141, 28.067807974087223], [91.0549832078956, -7.246360412038229], [49.7109554992664, 7.135241300657996], [17.273898125570568, -9.382939045085148], [87.42524764171563, -12.913007381276561], [23.72611084585075, 22.475073292737726], [35.36936837166894, -21.75752692138503], [47.922299389638766, 4.033132673466589], [28.004731914807948, -19.5681461819921], [15.481512984746972, 9.65190024526797], [57.68291109211377, 3.847627994544343], [83.8272501260813, -7.191375542676141]], "map_objects_elevation": [0.20653480389766776, 0.17098357448833257, 0.04501370899486412, 0.22954700852235332, -0.06811451659245593, 0.39151102506276214, -0.20272617352747324, 0.07904576616091608, -0.1641898913368416, -0.062466469699431704, -0.09670582312423814, 0.1201705528526067, -0.05704689010539177, 0.32550241093627375, 0.04351844577062969, 0.1859585723741779, 0.21696029659837646, 0.17394919790028462, 0.1146921461755418, -0.28077910396127215], "map_objects_bbox": [[[23.786479055406197, -6.462823364009738], [22.070798144717944, -7.0426164414950865], [23.572625492306997, -11.48671315714312], [25.28830640299525, -10.906920079657771]], [[33.9852883236189, 26.57290521095148], [31.52896492401417, 26.630562444272698], [31.389127946659205, 20.67320341364812], [33.845451346263935, 20.615546180326902]], [[74.22586718116885, -12.634747608998046], [72.43136155225876, -11.913564173379894], [70.47290477673316, -16.78675112427741], [72.26741040564325, -17.50793455989556]], [[18.829390858065736, 11.590165040577917], [20.926383914571463, 11.595561425179673], [20.91271152955042, 16.908543833007485], [18.815718473044694, 16.903147448405733]], [[39.71448066719989, -21.726037325678185], [37.74411621723194, -21.645738295157802], [37.529401821727895, -26.914364940533552], [39.49976627169584, -26.994663971053935]], [[22.837913041781615, 13.60990210150232], [24.763622109367763, 13.57642693135352], [24.84127894229862, 18.043752016491066], [22.91556987471247, 18.077227186639863]], [[39.339154600398686, -27.073328977403943], [37.574632756767336, -27.032247797432657], [37.46440019679906, -31.76696476708595], [39.22892204043041, -31.808045947057234]], [[35.78123321176235, 2.062468500365265], [33.94629913149513, 2.078022312563752], [33.903672362260146, -2.9507970278525044], [35.73860644252736, -2.9663508400509913]], [[40.55980103999616, 37.53508110731166], [37.91383405190899, 37.54829844262986], [37.81918474366665, 18.600534840862785], [40.46515173175382, 18.587317505544586]], [[93.22432255801245, -8.16279809897315], [93.27101567788135, -6.449434228525045], [88.88564385777876, -6.329922725103307], [88.83895073790985, -8.043286595551411]], [[45.55424352606238, 8.625474695741588], [45.43464502340418, 6.034233256168286], [53.867667472470416, 5.645007905574404], [53.987265975128615, 8.236249345147705]], [[14.787574491056297, -8.79823310663767], [14.997684170347913, -10.541617723602032], [19.76022176008484, -9.967644983532626], [19.550112080793223, -8.224260366568265]], [[87.85152889634274, -13.406672543054796], [87.8688285812837, -12.434826505402254], [86.99896638708852, -12.419342219498326], [86.98166670214756, -13.391188257150867]], [[22.644638965757103, 19.839471877013658], [24.715326130331825, 19.803476509735276], [24.8075827259444, 25.110674708461794], [22.73689556136968, 25.146670075740175]], [[36.27916341440569, -19.37471655750551], [34.51126658807624, -19.35561651943515], [34.459573328932194, -24.140337285264547], [36.22747015526164, -24.15943732333491]], [[45.69652721525196, 5.068280236727707], [45.638127004561326, 3.1341617255212997], [50.14807156402557, 2.9979851102054713], [50.206471774716206, 4.932103621411879]], [[28.872747418980627, -17.32842318918342], [27.174808417185677, -17.314030615279865], [27.13671641063527, -21.807869174800775], [28.83465541243022, -21.82226174870433]], [[14.706314437888672, 7.209750277934109], [16.672663624888692, 7.383378831992361], [16.256711531605273, 12.094050212601832], [14.290362344605253, 11.920421658543582]], [[55.35882452720401, 4.813666756088596], [55.36804935387666, 2.8596885313959923], [60.00699765702353, 2.88158923300009], [59.99777283035088, 4.835567457692694]], [[86.15195449198097, -8.289682699698714], [86.25052951282657, -6.332163104582158], [81.50254576018162, -6.093068385653568], [81.40397073933602, -8.050587980770125]]],