{"scene_token": "da4ed9e02f64c544f4f1f10c6738216dcb0e6b0d50952e158e5589854af9f100", "sample_token": "d5d3571aaff66a38a4c972f794153f61d648d54dc5e507acc859abc88a643195", "map_patch": [-10, -40, 70, 40], "egobbox": [[2.04266838609173, -0.8618451982938351], [2.042659332555771, 0.8681407829658079], [-2.0413391887133763, 0.8681334012197508], [-2.041330135177417, -0.8618525800398922]], "map_objects_center": [[57.68291109211377, 3.847627994544343], [38.401777398598874, -29.420146872244946], [47.922299389638766, 4.033132673466589], [55.55379805234364, 6.979341886571191], [38.62194124446389, -24.32020113310587], [8.103318410641746, 2.98465390042626], [19.87105119380808, 14.249354436792702], [39.18949289183141, 28.067807974087223], [85.83735534462197, -12.885007233612114], [34.86349048061182, -16.74870148534675], [24.689456073831867, -15.941490030658834], [15.481512984746972, 9.65190024526797], [21.145806711756737, -9.518121135475807], [91.0549832078956, -7.246360412038229], [23.839595992040117, 15.826827058996692], [35.328647779771345, 23.198760189800527], [32.39410702836045, 6.544476534107991], [83.8272501260813, -7.191375542676141], [23.72611084585075, 22.475073292737726]], "map_objects_elevation": [0.1146921461755418, -0.20272617352747324, 0.1859585723741779, -0.09618367674091965, -0.06811451659245593, 0.07923380985449513, 0.22954700852235332, -0.1641898913368416, -0.057257987947020084, 0.012529566575948836, 0.20320418024409959, 0.17394919790028462, 0.15836351889637268, -0.062466469699431704, 0.39151102506276214, 0.23701312391767848, 0.14867179608299397, -0.28077910396127215, 0.32550241093627375], "map_objects_bbox": [[[55.35882452720401, 4.813666756088596], [55.36804935387666, 2.8596885313959923], [60.00699765702353, 2.88158923300009], [59.99777283035088, 4.835567457692694]], [[39.339154600398686, -27.073328977403943], [37.574632756767336, -27.032247797432657], [37.46440019679906, -31.76696476708595], [39.22892204043041, -31.808045947057234]], [[45.69652721525196, 5.068280236727707], [45.638127004561326, 3.1341617255212997], [50.14807156402557, 2.9979851102054713], [50.206471774716206, 4.932103621411879]], [[51.357096960148226, 8.352932052073943], [51.30989679446872, 5.759361512381638], [59.75049914453905, 5.605751721068441], [59.797699310218555, 8.199322260760745]], [[39.71448066719989, -21.726037325678185], [37.74411621723194, -21.645738295157802], [37.529401821727895, -26.914364940533552], [39.49976627169584, -26.994663971053935]], [[5.965152546416188, 4.336688658507786], [5.639681333051053, 2.409985648370877], [10.241484274867304, 1.6326191423447338], [10.56695548823244, 3.559322152481643]], [[18.829390858065736, 11.590165040577917], [20.926383914571463, 11.595561425179673], [20.91271152955042, 16.908543833007485], [18.815718473044694, 16.903147448405733]], [[40.55980103999616, 37.53508110731166], [37.91383405190899, 37.54829844262986], [37.81918474366665, 18.600534840862785], [40.46515173175382, 18.587317505544586]], [[86.26363659924908, -13.37867239539035], [86.28093628419003, -12.406826357737808], [85.41107408999486, -12.39134207183388], [85.3937744050539, -13.36318810948642]], [[35.802270905362924, -14.242068721237866], [33.96733682509571, -14.226514909039379], [33.92471005586072, -19.255334249455636], [35.75964413612794, -19.270888061654123]], [[25.624682297003936, -13.60768360948948], [23.813828463358735, -13.584675063849364], [23.754229850659797, -18.275296451828186], [25.565083684304998, -18.298304997468303]], [[14.706314437888672, 7.209750277934109], [16.672663624888692, 7.383378831992361], [16.256711531605273, 12.094050212601832], [14.290362344605253, 11.920421658543582]], [[19.727428732790976, -7.394000103428668], [18.691282801832543, -8.81172278779197], [22.5641846907225, -11.642242167522946], [23.600330621680932, -10.224519483159645]], [[93.22432255801245, -8.16279809897315], [93.27101567788135, -6.449434228525045], [88.88564385777876, -6.329922725103307], [88.83895073790985, -8.043286595551411]], [[22.837913041781615, 13.60990210150232], [24.763622109367763, 13.57642693135352], [24.84127894229862, 18.043752016491066], [22.91556987471247, 18.077227186639863]], [[36.17942319390878, 25.802829734705053], [34.417542333954735, 25.782339851162515], [34.47787236563391, 20.594690644896], [36.239753225587954, 20.61518052843854]], [[33.6921872168403, 9.49432743275967], [31.23586381723557, 9.551984666080891], [31.096026839880604, 3.5946256354563118], [33.552350239485335, 3.536968402135092]], [[86.15195449198097, -8.289682699698714], [86.25052951282657, -6.332163104582158], [81.50254576018162, -6.093068385653568], [81.40397073933602, -8.050587980770125]], [[22.644638965757103, 19.839471877013658], [24.715326130331825, 19.803476509735276], [24.8075827259444, 25.110674708461794], [22.73689556136968, 25.146670075740175]]],