{"scene_token": "da4ed9e02f64c544f4f1f10c6738216dcb0e6b0d50952e158e5589854af9f100", "sample_token": "a6009eaebb38a57f4ca69ebbf08ac1e0c3fbc5aa62e6fa9762b00fd90ab29457", "map_patch": [-10, -40, 70, 40], "egobbox": [[2.04266838609173, -0.8618451982938351], [2.042659332555771, 0.8681407829658079], [-2.0413391887133763, 0.8681334012197508], [-2.041330135177417, -0.8618525800398922]], "map_objects_center": [[38.62194124446389, -24.32020113310587], [92.80059284757318, -13.763286093890695], [19.87105119380808, 14.249354436792702], [28.48545772639768, 2.357083942501162], [72.88688166219728, -5.721496110550444], [34.93715370902034, -19.350208601187987], [8.938029374110851, -7.416626638158899], [38.401777398598874, -29.420146872244946], [45.295834555511206, 7.421005476972361], [23.839595992040117, 15.826827058996692], [31.51880633762472, -27.649251999101054], [39.18949289183141, 28.067807974087223], [15.481512984746972, 9.65190024526797], [23.72611084585075, 22.475073292737726]], "map_objects_elevation": [-0.06811451659245593, 0.14703295087937818, 0.22954700852235332, 0.28265414773135344, 0.08842210010597884, 0.015021204292431367, -0.07117827642014363, -0.20272617352747324, -0.10629162252776236, 0.39151102506276214, 0.09780666026508977, -0.1641898913368416, 0.17394919790028462, 0.32550241093627375], "map_objects_bbox": [[[39.71448066719989, -21.726037325678185], [37.74411621723194, -21.645738295157802], [37.529401821727895, -26.914364940533552], [39.49976627169584, -26.994663971053935]], [[93.25802415755322, -14.246236501955485], [93.2460942148925, -13.269309341688093], [92.34316153759315, -13.280335685825905], [92.35509148025388, -14.257262846093298]], [[18.829390858065736, 11.590165040577917], [20.926383914571463, 11.595561425179673], [20.91271152955042, 16.908543833007485], [18.815718473044694, 16.903147448405733]], [[29.40031701808269, 4.663637860452703], [27.545344935700506, 4.653460749727618], [27.57059843471267, 0.0505300245496203], [29.425570517094854, 0.06070713527470595]], [[74.6445514452329, -3.5439833244103713], [72.81258632902271, -2.9240963887608533], [71.12921187916166, -7.899008896690516], [72.96117699537186, -8.518895832340034]], [[35.9665647478187, -16.60395639805731], [33.94962305413778, -16.588620026532592], [33.907742670221985, -22.096460804318664], [35.924684363902905, -22.111797175843382]], [[10.238086433853052, -9.387457336472293], [11.253253335193225, -7.879292835357314], [7.637972314368649, -5.445795939845505], [6.622805413028477, -6.953960440960484]], [[39.339154600398686, -27.073328977403943], [37.574632756767336, -27.032247797432657], [37.46440019679906, -31.76696476708595], [39.22892204043041, -31.808045947057234]], [[41.154955899858194, 8.954685352030173], [41.0082290339135, 6.364838401569577], [49.43671321116422, 5.887325601914549], [49.58344007710891, 8.477172552375144]], [[22.837913041781615, 13.60990210150232], [24.763622109367763, 13.57642693135352], [24.84127894229862, 18.043752016491066], [22.91556987471247, 18.077227186639863]], [[32.47483105495439, -25.585781320885655], [30.5978984834767, -25.569871508625948], [30.56278162029505, -29.712722677316453], [32.439714191772744, -29.72863248957616]], [[40.55980103999616, 37.53508110731166], [37.91383405190899, 37.54829844262986], [37.81918474366665, 18.600534840862785], [40.46515173175382, 18.587317505544586]], [[14.706314437888672, 7.209750277934109], [16.672663624888692, 7.383378831992361], [16.256711531605273, 12.094050212601832], [14.290362344605253, 11.920421658543582]], [[22.644638965757103, 19.839471877013658], [24.715326130331825, 19.803476509735276], [24.8075827259444, 25.110674708461794], [22.73689556136968, 25.146670075740175]]], "image_objects_bbox": [[[1629.50687682045, 561.0745107426105], [1597.4836387271557, 561.4511347475592], [1598.7095007807889, 613.9486537569558], [1630.8416594316388, 616.4397306321399], [1797.1594742778545, 559.6807657555457], [1756.1936619049213, 560.132459531082], [1757.6260301701905, 612.9747057836422], [1798.7246772651642, 615.4295409749468]], [[1125.497632013623, 561.5078162535103], [1137.3106608145547, 561.4110396940177], [1137.6125548968766, 585.632328692274], [1125.7927746487137, 585.7306222571186], [1127.225578576611, 561.4349018195601], [1139.1560186159743, 561.3371669637559], [1139.461985667199, 585.7995069950496], [1127.5246592678382, 585.8987892018646]], [[303.77304285300056, 568.6509425239741], [224.40905249833548, 568.6391306918257], [223.51787062025087, 666.2271354445229], [303.1413449017221, 655.7241532045457], [2.5771352644045242, 571.1334918675117], [-112.93471049104664, 571.4204297404935], [-114.60257441798855, 668.8961768183269], [1.3264390558641643, 658.1173226597911]], [[765.8766660446258, 556.4505829643214], [778.718165501979, 557.2689663045369], [778.9879846091719, 625.0504331872427], [766.1436466922338, 629.0597490320615], [961.669027963209, 554.8380646132903], [961.509803223712, 555.7636824956545], [962.072873003502, 623.5546656869631], [962.2724949355298, 627.4581511647312]], [[1010.2726122085289, 560.9038403073391], [1018.5539981381623, 561.0220163312266], [1018.8545123755694, 592.1488314582349], [1010.5745811155415, 592.8291192536908], [1090.6957484734062, 560.058793727181], [1097.1176662820783, 560.2014384940268], [1097.484653171549, 592.0761138816109], [1091.0674124856237, 592.7712783877909]], [[1532.836360152228, 541.9557729863405], [1500.0338888268625, 543.5224499864489], [1501.5917305360394, 617.5140668323043], [1534.5525215059733, 620.5652310373441], [1723.522795810803, 540.3344619609954], [1679.431542761262, 542.0000497100809], [1681.307818754569, 616.1575182963064], [1725.598763814344, 619.1311457808316]], [[1863.522629744162, 585.8223859662395], [2162.7489728475016, 586.2569507255777], [2169.9129583947188, 781.4476917416863], [1868.6915983838057, 760.2859578258758], [1950.9746897782722, 599.5624073099859], [2480.3423100967225, 603.083848741052], [2495.1478684719527, 938.0952843107773], [1959.7917444109153, 877.8323633985995]], [[1800.1315789865598, 572.4195194475194], [1762.225711580163, 572.2364691822972], [1763.4484412684326, 617.1214335732774], [1801.4567104445787, 619.5137979494099], [1950.3856027273907, 571.2257817962623], [1905.269758833271, 571.0981898300937], [1906.6495301512562, 616.1511565260064], [1951.8840034672814, 618.5050425112697]], [[785.6839539839962, 526.5781353545963], [714.1437287568889, 527.3460182526834], [714.3716536578737, 620.2025609736104], [786.0707631632165, 619.817790768164], [828.2465392630417, 533.8833328356648], [769.0727517224611, 534.4921056603256], [769.3603529929499, 611.0932744563261], [828.6427953299517, 610.745032098034]], [[318.83493549709334, 556.0887021517548], [259.0248030261352, 554.9677787272311], [258.31488978870465, 640.3352815462474], [318.2944830546377, 634.4087326683174], [110.58120365510953, 557.8828684955772], [32.45329432910187, 556.92787998858], [31.29152476770374, 641.8747152334336], [109.65905530811835, 635.8486767973142]], [[1944.6678355814668, 558.748816874944], [1885.5775752214092, 559.3519231286311], [1887.3315435094742, 617.4916720276038], [1946.6223241260304, 620.6650977795866], [2106.0017439160065, 557.4181012184397], [2036.942835615184, 558.1036653126843], [2038.9089939299517, 616.3596038090354], [2108.1973065131783, 619.4661736338636]], [[-171.1136483835331, 527.1403322138035], [-94.32046719832478, 529.9336066565362], [-95.973852286754, 629.0179032040226], [-173.07969757472597, 633.3786892550875], [398.2703667457699, 522.1531256660014], [436.9914172081346, 525.2992535528028], [436.5821590930485, 624.9280096594233], [397.7333660185903, 629.0176513710384]], [[424.67179413118527, 573.4410554565688], [358.92942972434025, 574.0216746531305], [358.18873180887044, 698.5221983260577], [424.19559310182603, 681.8032370769092], [58.31063015791162, 576.4604563742092], [-65.42358757349626, 577.5201822371229], [-67.47357776205946, 705.7689429802628], [56.85863696527814, 687.6510924712496]], [[22.748113350602395, 561.6535860368971], [-70.8380842130859,