{"scene_token": "da4ed9e02f64c544f4f1f10c6738216dcb0e6b0d50952e158e5589854af9f100", "sample_token": "41e3149db1c31bb06844842654187607e6f70081b891cd00cccc670fe04fb179", "map_patch": [-10, -40, 70, 40], "egobbox": [[2.042668386091729, -0.861845198293835], [2.04265933255577, 0.8681407829658078], [-2.0413391887133763, 0.8681334012197507], [-2.041330135177417, -0.8618525800398921]], "map_objects_center": [[39.189492891831414, 28.06780797408721], [92.53901189674409, -13.767335823793882], [38.40177739859886, -29.420146872244956], [47.922299389638766, 4.033132673466573], [8.37936789970488, -6.975066498437065], [57.68291109211383, 3.8476279945441085], [38.621941244463876, -24.320201133105876], [45.34413509236518, 7.413721416523732], [72.63321308677914, -6.172381124433006], [34.93527108289396, -20.209599432858248], [23.72611084585076, 22.47507329273772], [15.481512984747038, 9.651900245267749], [28.472239669488545, -0.12616638614555242]], "map_objects_elevation": [-0.1641898913368416, 0.1469564588993677, -0.20272617352747302, 0.18595857237417768, -0.07117350472666062, 0.11469214617555601, -0.0681145165924415, -0.10631617887226108, 0.08619542059640262, 0.011882070639437803, 0.32550241093627375, 0.17394919790028462, 0.27069219773534703], "map_objects_bbox": [[[40.55980103999617, 37.53508110731165], [37.913834051909, 37.54829844262984], [37.81918474366666, 18.60053484086277], [40.46515173175383, 18.587317505544572]], [[92.99644320672412, -14.250286231858672], [92.9845132640634, -13.27335907159128], [92.08158058676405, -13.284385415729092], [92.09351052942478, -14.261312575996484]], [[39.33915460039867, -27.073328977403953], [37.57463275676733, -27.032247797432667], [37.46440019679905, -31.76696476708596], [39.22892204043039, -31.808045947057245]], [[45.69652721525196, 5.068280236727691], [45.638127004561326, 3.1341617255212837], [50.14807156402557, 2.9979851102054553], [50.206471774716206, 4.932103621411863]], [[9.800609077260884, -8.860376954361826], [10.719074346053405, -7.291445614238274], [6.958126722148877, -5.089756042512305], [6.039661453356354, -6.658687382635856]], [[55.358824527204064, 4.813666756088361], [55.368049353876714, 2.8596885313957574], [60.00699765702359, 2.881589232999856], [59.99777283035094, 4.835567457692459]], [[39.71448066719987, -21.726037325678192], [37.74411621723193, -21.64573829515781], [37.52940182172788, -26.91436494053356], [39.499766271695826, -26.994663971053942]], [[41.197928122535615, 8.932937583939278], [41.06024240342404, 6.342594239370314], [49.49034206219474, 5.894505249108185], [49.628027781306315, 8.48484859367715]], [[74.24270631155628, -3.883168037060736], [72.37368650370942, -3.386055416142577], [71.023719862002, -8.461594211805275], [72.89273966984885, -8.958706832723434]], [[35.96228517287412, -17.46244994493768], [33.9453308636804, -17.44887369269799], [33.908256992913806, -22.956748920778814], [35.92521130210753, -22.970325173018505]], [[22.64463896575711, 19.83947187701365], [24.71532613033183, 19.80347650973527], [24.807582725944407, 25.110674708461787], [22.736895561369685, 25.146670075740168]], [[14.706314437888738, 7.209750277933887], [16.672663624888756, 7.383378831992138], [16.25671153160534, 12.09405021260161], [14.290362344605319, 11.92042165854336]], [[29.395144763235663, 2.1771800246089446], [27.540148457232238, 2.173478036810869], [27.549334575741426, -2.4295127969000494], [29.40433088174485, -2.4258108091019737]]], "image_objects_bbox": [[[-171.11364838351534, 527.1403322138284], [-94.32046719830936, 529.9336066565592], [-95.9738522867387, 629.0179032040445], [-173.07969757470835, 633.3786892551109], [398.27036674577977, 522.1531256660264], [436.9914172081432, 525.2992535528259], [436.5821590930572, 624.9280096594453], [397.73336601860024, 629.0176513710619]], [[1126.0051113105762, 561.487683788399], [1137.8519162326374, 561.3906314889355], [1138.154985824588, 585.6812656640799], [1126.3013907812733, 585.7798436678916], [1127.7431159190414, 561.4143577217409], [1139.70800780519, 561.3163416302707], [1140.0151801099055, 585.8494159728795], [1128.0433620230433, 585.9489883770588]], [[1800.1315789865519, 572.4195194475437], [1762.2257115801553, 572.2364691823203], [1763.448441268425, 617.1214335733], [1801.4567104445703, 619.5137979494335], [1950.38560272738, 571.2257817962867], [1905.2697588332617, 571.098189830117], [1906.6495301512464, 616.1511565260291], [1951.8840034672714, 618.5050425112935]], [[885.7491127365296, 566.0044450569189], [837.363560522377, 566.4077186249627], [837.5803005034131, 606.7904653075416], [886.0124977002331, 606.4518630374997], [896.2289325332049, 566.2310198728877], [852.3043590882564, 566.5966552603174], [852.5139815582527, 603.2404248812331], [896.4769917723343, 602.9280316407333]], [[1844.3306483420924, 587.3965016499974], [2154.8468617562994, 587.7642435040225], [2162.3518742422284, 793.300245342144], [1849.7163038416834, 772.0080323043212], [2001.3288204703515, 604.0179512938685], [2603.5420102970375, 608.1322319213704], [2621.385000069178, 986.9611890958065], [2011.6297682669983, 917.3832747930128]], [[905.7492516813039, 563.2835279097063], [865.5304502500672, 563.6146201996297], [865.7583708643907, 601.3883329579559], [906.0131298749762, 601.0594557803192], [910.0586415434938, 563.7182645426761], [873.027064988551, 564.0230899640263], [873.2430749004885, 598.8009696763024], [910.3051336218742, 598.4980219178534]], [[1629.5068768204442, 561.0745107426345], [1597.4836387271507, 561.4511347475818], [1598.7095007807836, 613.9486537569778], [1630.841659431633, 616.439730632163], [1797.1594742778466, 559.6807657555698], [1756.1936619049145, 560.1324595311047], [1757.6260301701836, 612.9747057836645], [1798.7246772651563, 615.4295409749701]], [[786.5416168067105, 526.628851085503], [715.0204079693558, 527.3862521002535], [715.2500124118849, 620.1427275543947], [786.929809737682, 619.7463509512497], [828.2339383941489, 533.9241693772544], [769.0778478735502, 534.5258114280259], [769.3651916733628, 611.0560061419864], [828.6297282690749, 610.6999581715224]], [[1017.785700997843, 560.8304570863766], [1024.0240809255542, 560.9706439245437], [1024.3303169102608, 592.2705121169209], [1018.095264900204, 592.9549590288129], [1099.876570373615, 560.006868654492], [1104.0890968869319, 560.1713115563165], [1104.461713773602, 592.0778779398255], [1100.2559358114222, 592.7707848867818]], [[1562.5194381541678, 541.8125765496956], [1527.9079871787308, 543.3885997634753], [1529.515111268055, 617.4015257301188], [1564.2913776737284, 620.4461448392772], [1753.220596988373, 540.1946564167991], [1707.3183961045772, 541.8692073607982], [1709.2439116692528, 616.0376714587935], [1755.3522993964823, 619.0038127552632]], [[22.74811335062593, 561.6535860369352], [-70.83808421305851, 560.9809660158487], [-72.22429637826235, 646.9804822735176], [21.65853740504554, 640.0149281386313], [-222.94136815830396, 563.7539641552448], [-339.7343033330379, 563.2884755036141], [-341.65612089894137, 648.7813000620052], [-224.47804774105535, 641.694403078201]], [[424.67179413122705, 573.4410554566267], [358.9294297243911, 574.0216746531971], [358.1887318089214, 698.5221983261193], [424.1955931018681, 681.8032370769635], [58.31063015796776, 576.4604563742686], [-65.42358757342635, 577.5201822371912], [-67.47357776198923, 705.768942980326], [56.858636965334355, 687.651092471305]], [[871.2925062883644, 556.0816281095616], [877.3961872487603, 556.9230435931019], [877.8245954778006, 624.756923344662], [871.7409668497065, 628.750895508549], [1067.3336984737214, 554.4588745406967], [1060.4049260843053, 555.4088383952076], [1061.127607341641, 623.2913788371612], [1068.1198747043932, 627.1839902840484]]],