{"scene_token": "da4ed9e02f64c544f4f1f10c6738216dcb0e6b0d50952e158e5589854af9f100", "sample_token": "77b06d3bf949065494854130baf017b26bad5644e32a22a47d2b0fea4b2e6202", "map_patch": [-10, -40, 70, 40], "egobbox": [[2.04266838609173, -0.8618451982938347], [2.042659332555771, 0.8681407829658083], [-2.0413391887133763, 0.8681334012197504], [-2.041330135177417, -0.8618525800398926]], "map_objects_center": [[6.523171838881933, 2.7002864792028323], [31.97778801793473, -24.809734304890558], [19.027692099969997, -1.331912197156785], [35.17634258965123, -5.762623577146911], [28.295352087148963, 9.718195671434781], [47.922299389638766, 4.033132673466573], [24.843622990482775, -16.865088081054793], [38.621941244463876, -24.320201133105876], [57.68291109211383, 3.8476279945441085], [72.8605890659444, 6.181854453243341], [39.189492891831634, 28.06780797408727], [23.72611084585076, 22.47507329273772], [15.481512984747038, 9.651900245267749], [19.871051193808082, 14.249354436792693], [23.83959599204018, 15.826827058996466], [32.89888827271766, 23.00127762707371]], "map_objects_elevation": [0.03451839714180527, 0.00758265693423299, 0.129826508013418, 0.15750568616633265, 0.35156455157824984, 0.18595857237417812, 0.2097879232215477, -0.06811451659245571, 0.1146921461755418, -0.08625365945954266, -0.1641898913368416, 0.32550241093627375, 0.17394919790028462, 0.2295470085223391, 0.39151102506274793, 0.1305458787690421], "map_objects_bbox": [[[4.759316154183079, 3.9516626710634313], [4.4302303151276154, 2.155561752258153], [8.287027523580788, 1.4489102873422333], [8.616113362636252, 3.2450112061475114]], [[33.37802576274707, -21.906982720961466], [30.925210897413915, -21.76363616048416], [30.577550273122387, -27.71248588881965], [33.03036513845555, -27.855832449296955]], [[18.13375174366571, 1.034651110547144], [16.71430005852147, -0.3082088648565413], [19.921632456274285, -3.6984755048607143], [21.341084141418524, -2.3556155294570287]], [[35.93571901789808, -3.1304487272892785], [34.175626534782616, -3.212414884210546], [34.416966161404375, -8.394798427004543], [36.17705864451984, -8.312832270083277]], [[29.262928777319175, 12.161195179956888], [27.36097244595065, 12.17408368519154], [27.32777539697875, 7.275196162912674], [29.229731728347275, 7.262307657678023]], [[45.69652721525196, 5.068280236727691], [45.638127004561326, 3.134161725521285], [50.14807156402557, 2.997985110205455], [50.206471774716206, 4.932103621411862]], [[25.735337328763396, -14.471652936977403], [23.979366094718767, -14.461601807300696], [23.951908652202153, -19.258523225132183], [25.707879886246783, -19.26857435480889]], [[39.71448066719987, -21.726037325678192], [37.74411621723193, -21.64573829515781], [37.52940182172788, -26.91436494053356], [39.499766271695826, -26.994663971053942]], [[55.358824527204064, 4.813666756088361], [55.368049353876714, 2.8596885313957574], [60.00699765702359, 2.881589232999856], [59.99777283035094, 4.835567457692459]], [[68.78756651179177, 7.887591031195526], [68.53251681612845, 5.306160099959509], [76.93361162009703, 4.476117875291156], [77.18866131576034, 7.057548806527173]], [[40.55980103999639, 37.53508110731171], [37.91383405190922, 37.54829844262991], [37.81918474366688, 18.60053484086283], [40.46515173175405, 18.587317505544632]], [[22.64463896575711, 19.83947187701365], [24.71532613033183, 19.80347650973527], [24.807582725944407, 25.110674708461787], [22.736895561369685, 25.146670075740168]], [[14.706314437888736, 7.209750277933887], [16.672663624888756, 7.383378831992138], [16.25671153160534, 12.09405021260161], [14.29036234460532, 11.92042165854336]], [[18.829390858065736, 11.59016504057791], [20.926383914571463, 11.595561425179664], [20.91271152955043, 16.908543833007478], [18.8157184730447, 16.903147448405722]], [[22.83791304178168, 13.609902101502094], [24.763622109367827, 13.576426931353295], [24.841278942298683, 18.04375201649084], [22.915569874712535, 18.077227186639636]], [[34.307051648017385, 28.367780995978315], [31.56812259999571, 28.38749570883617], [31.490724897417937, 17.634774258169102], [34.229653945439615, 17.615059545311247]]],