{"scene_token": "da4ed9e02f64c544f4f1f10c6738216dcb0e6b0d50952e158e5589854af9f100", "sample_token": "103dce3a193e64af81c5acfc844ffcfe72f9167655faae4071faac27c88481dc", "map_patch": [-10, -40, 70, 40], "egobbox": [[2.0506678567654126, -0.8585050431552022], [2.0505356784609794, 0.8714350597287399], [-2.03320919875083, 0.8715028867844425], [-2.0330770204463966, -0.8584372160994995]], "map_objects_center": [[36.503513014427604, -23.298070735427068], [12.485516098533678, 10.05940382734803], [81.24704532126684, -4.998097221479195], [40.17587917967935, 8.842514887948463], [88.4737421883885, -4.863593843590884], [32.5465036936052, -22.873320883762318], [16.753733819017995, 14.770009081399282], [32.63160804645784, -16.09437011630054], [25.18842471241945, 13.44019704440386], [35.70542379427238, 29.0898362444551], [36.41636125706367, -28.403211293584672], [29.361378838600288, -17.295079650184814], [20.67980345453719, 16.451367890356973], [54.823849765419126, 5.35759773614636], [45.06172134873236, 5.288456752505482], [94.44854382400447, -4.3937478654288356]], "map_objects_elevation": [0.05132245196907448, 0.14061304564543742, -0.24178471126166523, -0.0715630048373852, -0.023659260570811247, 0.03834672608401524, 0.17508348579216526, 0.11577084671304139, 0.38347786200262457, -0.2825271241468341, -0.06013004381382059, 0.17544017530464107, 0.32964836519079976, 0.10515872473095478, 0.17617016610288005, 0.15887233676860635], "map_objects_bbox": [[[37.52805836329292, -20.676308908311867], [35.55627028386455, -20.6473992243953], [35.47896766556229, -25.91983256254227], [37.45075574499066, -25.948742246458835]], [[11.774241201340802, 7.597876401008184], [13.735396178406443, 7.822703347637514], [13.196790995726554, 12.520931253687875], [11.235636018660912, 12.296104307058545]], [[83.59958962093658, -6.035432421928593], [83.64710391537082, -4.0760084270197785], [78.8945010215971, -3.9607620210297982], [78.84698672716286, -5.920186015938612]], [[36.24946455939252, 10.862989641465031], [35.792384257409644, 8.309577493467916], [44.102293799966176, 6.822040134431894], [44.559374101949054, 9.37545228242901]], [[90.66623342268774, -5.72317131975055], [90.66824792402893, -4.009172503594498], [86.28125095408926, -4.004016367431218], [86.27923645274807, -5.71801518358727]], [[33.643037515891926, -20.630998465691874], [31.689703766358196, -20.528904083219054], [31.449969871318483, -25.115643301832762], [33.40330362085221, -25.217737684305582]], [[15.78174530878571, 12.084570041693405], [17.87788511796423, 12.144627517306647], [17.725722329250278, 17.45544812110516], [15.629582520071759, 17.395390645491915]], [[33.61082461460919, -13.329822565134545], [31.593938198837463, -13.351227841948095], [31.65239147830649, -18.85891766746653], [33.66927789407822, -18.837512390652982]], [[26.177141423475547, 15.761438902823274], [24.234194700448132, 15.775827491253963], [24.199708001363355, 11.118955185984445], [26.14265472439077, 11.104566597553756]], [[36.82848015062646, 38.5896125271079], [34.18306774721293, 38.53385218397901], [34.58236743791829, 19.590059961802297], [37.227779841331824, 19.645820304931195]], [[37.29224474806417, -26.032755987068057], [35.52725163075239, -26.037685068323025], [35.54047776606317, -30.773666600101286], [37.30547088337495, -30.76873751884632]], [[30.299587459525508, -15.22344766461846], [28.422587478093007, -15.223711676734203], [28.423170217675068, -19.36671163575117], [30.30017019910757, -19.366447623635423]], [[19.736250110002214, 14.20908510577853], [21.66217741025647, 14.225819326266661], [21.623356799072166, 18.693650674935416], [19.69742949881791, 18.676916454447287]], [[52.475370935340514, 6.2627255915748545], [52.53552754308235, 4.309651813515], [57.17232859549774, 4.4524698807178655], [57.1121719877559, 6.40554365877772]], [[42.809722021880134, 6.265232715486306], [42.801758882992615, 4.330249100977114], [47.31372067558459, 4.311680789524658], [47.32168381447211, 6.24666440403385]], [[96.5860350962917, -5.253260698896689], [96.5880495976329, -3.5392618827406377], [92.31105255171725, -3.5342350319609817], [92.30903805037605, -5.248233848117033]]],