{"scene_token": "da4ed9e02f64c544f4f1f10c6738216dcb0e6b0d50952e158e5589854af9f100", "sample_token": "e885595fb2d9fd7028d84f42544aa1b3ec920d4e3164b801a075e681b3169971", "map_patch": [-10, -40, 70, 40], "egobbox": [[2.0523731443320172, -0.8688843368363746], [2.052515552615271, 0.8610944851480722], [-2.031105871191316, 0.8611555327920497], [-2.03124827947457, -0.868823289192397]], "map_objects_center": [[72.88540336110867, 8.082052066709716], [66.81514375482925, 6.712540067411858], [46.73391132990001, 2.0885804258760885], [36.98723299263512, 2.641828120739576], [29.167014545377846, 26.99116445672517], [72.44334638340969, -9.930276464488617], [85.65647928822933, -10.168643793608638], [79.66388818769335, -10.256692612397064], [81.30254406230372, -5.308176081152915], [27.84300537070912, 9.561516467744147], [26.624302767023778, -25.341059524260384], [19.879323798859396, -18.895031262284554], [97.62423908028485, -11.020939021364534], [23.21939910998036, -17.905222464585957]], "map_objects_elevation": [0.01689060273113252, 0.014611095577516275, 0.04604080272682065, 0.1157462000073668, -0.3429784859063236, -0.29790837798507375, 0.1045410594058146, -0.07881181853442021, 0.07874345113095282, -0.030862795876684945, -0.011709807799345606, 0.1117629269604351, 0.10791809935791352, 0.052591514900264924], "map_objects_bbox": [[[73.38176632248644, 7.629205171421375], [73.41336264733192, 8.49763056963141], [72.3890403997309, 8.534898961998056], [72.35744407488542, 7.6664735637880215]], [[66.33693984024512, 6.240557529518335], [67.20252146775411, 6.163554632696961], [67.29334766941338, 7.184522605305381], [66.42776604190439, 7.261525502126755]], [[44.44790178066375, 3.1415617128895867], [44.383445487952514, 1.1886251070751737], [49.01992087913627, 1.03559913886259], [49.08437717184751, 2.9885357446770033]], [[34.80207366493873, 3.7601621328224883], [34.6707892304312, 1.8296209140819943], [39.17239232033151, 1.5234941086566633], [39.303676754839046, 3.4540353273971576]], [[30.893310907976563, 36.400038239940585], [28.24972377953762, 36.51301210573238], [27.44071818277913, 17.582290673509753], [30.08430531121807, 17.46931680771796]], [[74.72498612728357, -11.115455387341669], [74.89729913993742, -9.163044512123506], [70.16170663953581, -8.745097541635566], [69.98939362688196, -10.69750841685373]], [[87.7348378660786, -11.162654292486957], [87.84610000211858, -9.452269324977063], [83.57812071038006, -9.174633294730318], [83.4668585743401, -10.885018262240212]], [[81.79713076391663, -11.254273366515871], [81.9083928999566, -9.543888399005978], [77.53064561147006, -9.259111858278256], [77.4193834754301, -10.96949682578815]], [[83.81188612978379, -6.54679119020611], [84.01589909720619, -4.623581708864178], [78.79320199482366, -4.06956097209972], [78.58918902740126, -5.992770453441652]], [[25.508510474791095, 13.309740524671998], [23.806575479806213, 11.352126345921288], [30.177500266627142, 5.813292410816296], [31.879435261612024, 7.770906589567006]], [[27.813877999078798, -22.789934474937784], [25.847942308317418, -22.63540014286049], [25.434727534968758, -27.892184573582984], [27.40066322573014, -28.046718905660278]], [[20.94767212959264, -16.8874141812107], [19.07447222778118, -16.76803609338244], [18.810975468126152, -20.902648343358408], [20.684175369937613, -21.022026431186667]], [[99.70259765813412, -12.014949520242853], [99.81385979417409, -10.304564552732959], [95.54588050243558, -10.026928522486214], [95.43461836639561, -11.737313489996108]], [[24.372839020652822, -15.208712753409696], [22.358689583635584, -15.101516459802404], [22.065959199307894, -20.60173217576222], [24.080108636325132, -20.70892846936951]]], "image_objects_bbox": [[[831.8899723040778, 582.2126901457164], [845.1646686906842, 582.220081518901], [845.0276827911694, 610.5780418753661], [831.7391403380888, 610.5567550287785], [829.430879115413, 582.1689519228084], [842.8951842201386, 582.1764278345676], [842.7538129434588, 610.9424336199755], [829.2752632082145, 610.9206595720755]], [[858.7868860142769, 581.993031995197], [856.0983749291701, 581.9492162823196], [855.9592677177748, 613.3763580767944], [858.6526856866245, 613.0082609341606], [841.8114821863497, 581.9863061915988], [838.9020048318101, 581.9424652862689], [838.7431458363797, 613.3237061033701], [841.6580346024874, 612.9568286523228]], [[931.6351679845181, 579.8177267332358], [881.6409733441534, 579.7935682277224], [881.4770203702204, 626.8780238074313], [931.558136262743, 626.981791390683], [938.1854219359587, 580.3441209506032], [893.014593134906, 580.321497244547], [892.884402129579, 622.8476011127738], [938.1261773717601, 622.9351551489767]], [[901.4231809131815, 583.3810052050454], [838.0245306847077, 583.346357054841], [837.7536973772663, 636.5091900979756], [901.2763632921453, 636.7658329595971], [917.6044879699568, 583.6057569983958], [861.6221393648849, 583.5743717804421], [861.4242041004006, 630.4581473903544], [917.5032303920667, 630.6620994836422]], [[-521.9072725058184, 523.4052096297382], [-386.7448075754547, 528.8625587812471], [-393.3299967190876, 659.3055935168339], [-529.8498321592119, 666.5083521355926], [223.2586751745767, 521.8484865179278], [294.80657101932667, 527.6147363106236], [291.4138974226168, 662.0714107436911], [219.13248299525637, 669.7966352656949]], [[1100.3666471401853, 588.4583632005046], [1130.185666110455, 588.4859032301026], [1130.3375499638103, 615.0973103712566], [1100.488894148022, 615.0043906284172], [1103.0931506968825, 588.6755074964782], [1134.9716433971137, 588.7055137902599], [1135.1390245488067, 617.1506191804771], [1103.2266577588055, 617.0459252200022]], [[1083.4802554822793, 585.2414852507625], [1105.586438223677, 585.2560881207462], [1105.6832336419793, 605.4275364111975], [1083.56045384034, 605.3852701426569], [1085.9977440324496, 585.2395976445051], [1109.2541243979617, 585.2549551872625], [1109.3588215473162, 606.4734411038398], [1086.0840714145424, 606.4274759642699]], [[1093.6273184874585, 584.5598419046437], [1117.3766210527835, 584.5745164121362], [1117.5068334827417, 609.4494209371132], [1093.7355283586496, 609.3981183482152], [1096.995801982093, 584.5186732217594], [1122.1140384135183, 584.5341262280945], [1122.2563425267433, 610.8387008810251], [1097.1134927181618, 610.7822919125736]], [[1024.3248574716624, 579.1093383470476], [1050.3132994338325, 579.1107835740595], [1050.3892930196148, 606.6884293755278], [1024.3742191924375, 606.6162276705421], [1020.5512744456299, 578.6925400615283], [1048.2815572802956, 578.6929394948214], [1048.3604681039312, 608.1314932976134], [1020.5998616460566, 608.0504800271922]], [[408.2740638511916, 505.7188639597153], [358.23971448411766, 511.21579964845705], [354.7778705533294, 662.4142489390559], [404.8522514691421, 668.3116022191986], [740.2958411012872, 523.1923356200433], [682.1399859438833, 526.5878701264966], [680.8342726676012, 646.5845698631385], [739.1869007528171, 650.2559159397165]], [[1983.148565609596, 580.5743296935246], [1914.1088186838108, 580.9230430408277], [1916.7261518170187, 656.3547423586969], [1986.1836407990402, 662.049401870559], [2243.048885431853, 580.6508612279048], [2153.3085751496674, 580.9996380544721], [2156.648108582809, 657.6940268362605], [2246.9361396490804, 663.601032226103]], [[2004.2213094914484, 582.5249636376603], [1912.0366789726822, 582.7862810961889], [1915.1905728129398, 673.8891448630394], [2008.0505814594424, 683.2208060661188], [2282.157232671461, 582.6553130402954], [2161.864131089525, 582.907857462578], [2165.917665428614, 675.3347179311928], [2287.0996148962404, 684.9711405044133]], [[1078.4136202058355, 585.2084154801984], [1097.8284808849858, 585.221204701255], [1097.9084282834192, 602.9408189468091], [1078.4807668683843, 602.9066790161074], [1080.3827344015974, 585.2052716970052], [1100.6791968753587, 585.2186360646725], [1100.7647191301219, 603.74115718927], [1080.4542666089012, 603.7044646731538]], [[1753.6158094628138, 550.4626061472513], [1690.0346611206337, 553.4863803357678], 