{"scene_token": "da4ed9e02f64c544f4f1f10c6738216dcb0e6b0d50952e158e5589854af9f100", "sample_token": "510adaf8a3f10925473e75d997ec01dac64486c3e676441fd6d50065a948197c", "map_patch": [-10, -40, 70, 40], "egobbox": [[2.04266838609173, -0.8618451982938351], [2.042659332555771, 0.8681407829658079], [-2.0413391887133763, 0.8681334012197508], [-2.041330135177417, -0.8618525800398922]], "map_objects_center": [[38.62194124446389, -24.32020113310587], [23.72611084585075, 22.475073292737726], [35.31194932047394, -27.20570372446334], [4.251657188760366, 3.198936118659688], [83.8272501260813, -7.191375542676141], [50.99678269877827, 7.102174725683118], [39.18949289183141, 28.067807974087223], [32.58904945092854, 17.93008474005561], [91.0549832078956, -7.246360412038229], [57.68291109211377, 3.847627994544343], [23.839595992040117, 15.826827058996692], [34.850193622261365, -5.776324521194567], [19.87105119380808, 14.249354436792702], [27.941123091042584, -24.099313310824655], [15.481512984746972, 9.65190024526797], [86.92281226904802, -12.9044814435854], [47.922299389638766, 4.033132673466589], [24.298429802364858, -11.446341005830426], [18.538743572330446, -9.090189881330733]], "map_objects_elevation": [-0.06811451659245593, 0.32550241093627375, 0.022268152589162593, 0.03242608821734427, -0.28077910396127215, -0.0965849335825899, -0.1641898913368416, 0.16354568391480528, -0.062466469699431704, 0.1146921461755418, 0.39151102506276214, 0.06536847365479947, 0.22954700852235332, 0.21512505054721853, 0.17394919790028462, -0.05711529236230639, 0.1859585723741779, 0.2147670347877264, 0.13285609310866464], "map_objects_bbox": [[[39.71448066719989, -21.726037325678185], [37.74411621723194, -21.645738295157802], [37.529401821727895, -26.914364940533552], [39.49976627169584, -26.994663971053935]], [[22.644638965757103, 19.839471877013658], [24.715326130331825, 19.803476509735276], [24.8075827259444, 25.110674708461794], [22.73689556136968, 25.146670075740175]], [[36.22451627247314, -24.823953567935813], [34.45664286678014, -24.802796501895283], [34.39938236847475, -29.587453880990868], [36.16725577416774, -29.608610947031398]], [[1.9799786509428752, 4.312142241001541], [1.8644938141623286, 2.3615579048412787], [6.523335726577857, 2.085729996317835], [6.638820563358404, 4.0363143324780975]], [[86.15195449198097, -8.289682699698714], [86.25052951282657, -6.332163104582158], [81.50254576018162, -6.093068385653568], [81.40397073933602, -8.050587980770125]], [[46.84007072557425, 8.59240812076671], [46.72047222291605, 6.001166681193408], [55.15349467198229, 5.611941330599525], [55.273093174640486, 8.203182770172827]], [[40.55980103999616, 37.53508110731166], [37.91383405190899, 37.54829844262986], [37.81918474366665, 18.600534840862785], [40.46515173175382, 18.587317505544586]], [[33.88712963940839, 20.879935638707288], [31.43080623980366, 20.937592872028507], [31.290969262448694, 14.98023384140393], [33.747292662053425, 14.922576608082709]], [[93.22432255801245, -8.16279809897315], [93.27101567788135, -6.449434228525045], [88.88564385777876, -6.329922725103307], [88.83895073790985, -8.043286595551411]], [[55.35882452720401, 4.813666756088596], [55.36804935387666, 2.8596885313959923], [60.00699765702353, 2.88158923300009], [59.99777283035088, 4.835567457692694]], [[22.837913041781615, 13.60990210150232], [24.763622109367763, 13.57642693135352], [24.84127894229862, 18.043752016491066], [22.91556987471247, 18.077227186639863]], [[35.788974047012466, -3.2696917570856825], [33.95403996674525, -3.2541379448871957], [33.911413197510264, -8.282957285303452], [35.74634727777748, -8.298511097501938]], [[18.829390858065736, 11.590165040577917], [20.926383914571463, 11.595561425179673], [20.91271152955042, 16.908543833007485], [18.815718473044694, 16.903147448405733]], [[28.809138595215263, -21.85959031801598], [27.111199593420313, -21.845197744112422], [27.073107586869906, -26.339036303633332], [28.771046588664856, -26.35342887753689]], [[14.706314437888672, 7.209750277934109], [16.672663624888692, 7.383378831992361], [16.256711531605273, 12.094050212601832], [14.290362344605253, 11.920421658543582]], [[87.34909352367514, -13.398146605363635], [87.36639320861609, -12.426300567711094], [86.49653101442091, -12.410816281807165], [86.47923132947996, -13.382662319459707]], [[45.69652721525196, 5.068280236727707], [45.638127004561326, 3.1341617255212997], [50.14807156402557, 2.9979851102054713], [50.206471774716206, 4.932103621411879]], [[24.725110746363338, -8.968591246062793], [22.94945775856349, -9.32464948135229], [23.871748858366377, -13.92409076559806], [25.647401846166225, -13.568032530308562]], [[16.27525399648274, -7.906846655538331], [16.04621340331393, -9.647845336376683], [20.802233148178153, -10.273533107123136], [21.03127374134696, -8.532534426284784]]],