{"scene_token": "da4ed9e02f64c544f4f1f10c6738216dcb0e6b0d50952e158e5589854af9f100", "sample_token": "6c67092c8464af4f86e5927e8abda9a3ef6cb5b00222901d3dc25d9df2906abb", "map_patch": [-10, -40, 70, 40], "egobbox": [[2.04266838609173, -0.8618451982938351], [2.042659332555771, 0.8681407829658079], [-2.0413391887133763, 0.8681334012197508], [-2.041330135177417, -0.8618525800398922]], "map_objects_center": [[24.525832332043176, -19.65520441636602], [28.57282068583399, 22.495270262855833], [15.481512984746972, 9.65190024526797], [32.15316270129889, -7.523407947264472], [83.8272501260813, -7.191375542676141], [38.62194124446389, -24.32020113310587], [84.44358293557278, -12.859739889849337], [39.18949289183141, 28.067807974087223], [13.43731404677748, 1.872687072388635], [91.0549832078956, -7.246360412038229], [57.68291109211377, 3.847627994544343], [38.401777398598874, -29.420146872244946], [23.72611084585075, 22.475073292737726], [23.839595992040117, 15.826827058996692], [35.233759038513526, 9.808039237081838], [34.73720621374442, -30.63092746833962], [19.87105119380808, 14.249354436792702], [62.63107788043362, 6.855865200393925], [23.739488616699425, -12.017746600129072]], "map_objects_elevation": [0.19528379413435415, 0.38815774770800726, 0.17394919790028462, 0.09086997939736863, -0.28077910396127215, -0.06811451659245593, -0.057439955067431825, -0.1641898913368416, 0.09904105672357366, -0.062466469699431704, 0.1146921461755418, -0.20272617352747324, 0.32550241093627375, 0.39151102506276214, 0.22250473994836417, -0.09435373924399992, 0.22954700852235332, -0.10323654022088968, 0.18489109758319733], "map_objects_bbox": [[[25.501646653939776, -17.338075393376258], [23.69147017659455, -17.2834665949458], [23.550018010146577, -21.97233343935578], [25.360194487491803, -22.026942237786237]], [[29.57441266021418, 24.92452215734047], [27.672821675557703, 24.96396486355105], [27.5712287114538, 20.066018368371196], [29.472819696110275, 20.026575662160617]], [[14.706314437888672, 7.209750277934109], [16.672663624888692, 7.383378831992361], [16.256711531605273, 12.094050212601832], [14.290362344605253, 11.920421658543582]], [[33.45124288977874, -4.573557048612793], [30.994919490174006, -4.515899815291572], [30.855082512819042, -10.47325884591615], [33.31140591242377, -10.530916079237372]], [[86.15195449198097, -8.289682699698714], [86.25052951282657, -6.332163104582158], [81.50254576018162, -6.093068385653568], [81.40397073933602, -8.050587980770125]], [[39.71448066719989, -21.726037325678185], [37.74411621723194, -21.645738295157802], [37.529401821727895, -26.914364940533552], [39.49976627169584, -26.994663971053935]], [[84.86986419019989, -13.353405051627572], [84.88716387514084, -12.38155901397503], [84.01730168094566, -12.366074728071101], [84.00000199600471, -13.337920765723643]], [[40.55980103999616, 37.53508110731166], [37.91383405190899, 37.54829844262986], [37.81918474366665, 18.600534840862785], [40.46515173175382, 18.587317505544586]], [[11.721936762664406, 3.7320504105097383], [10.908888278681596, 1.955236362081132], [15.152691330890555, 0.013323734267532084], [15.965739814873364, 1.7901377826961382]], [[93.22432255801245, -8.16279809897315], [93.27101567788135, -6.449434228525045], [88.88564385777876, -6.329922725103307], [88.83895073790985, -8.043286595551411]], [[55.35882452720401, 4.813666756088596], [55.36804935387666, 2.8596885313959923], [60.00699765702353, 2.88158923300009], [59.99777283035088, 4.835567457692694]], [[39.339154600398686, -27.073328977403943], [37.574632756767336, -27.032247797432657], [37.46440019679906, -31.76696476708595], [39.22892204043041, -31.808045947057234]], [[22.644638965757103, 19.839471877013658], [24.715326130331825, 19.803476509735276], [24.8075827259444, 25.110674708461794], [22.73689556136968, 25.146670075740175]], [[22.837913041781615, 13.60990210150232], [24.763622109367763, 13.57642693135352], [24.84127894229862, 18.043752016491066], [22.91556987471247, 18.077227186639863]], [[36.08453445265096, 12.412108781986364], [34.322653592696916, 12.391618898443824], [34.38298362437609, 7.203969692177312], [36.144864484330135, 7.224459575719851]], [[35.67598663849552, -28.124294704230735], [33.841052558228306, -28.108740892032248], [33.79842578899332, -33.13756023244851], [35.63335986926054, -33.15311404464699]], [[18.829390858065736, 11.590165040577917], [20.926383914571463, 11.595561425179673], [20.91271152955042, 16.908543833007485], [18.815718473044694, 16.903147448405733]], [[58.464063496132475, 8.31704319127229], [58.362558038989945, 5.725029950146719], [66.79809226473478, 5.394687209515561], [66.8995977218773, 7.986700450641131]], [[23.6607632745296, -9.464809356384087], [22.031163434409706, -10.118980863774322], [23.81821395886925, -14.570683843874058], [25.447813798989145, -13.916512336483823]]],