{"scene_token": "da4ed9e02f64c544f4f1f10c6738216dcb0e6b0d50952e158e5589854af9f100", "sample_token": "745a06a858e059c6096033c75d7de8df480dc7491a227127f64313e4480e16f6", "map_patch": [-10, -40, 70, 40], "egobbox": [[2.04266838609173, -0.8618451982938351], [2.042659332555771, 0.8681407829658079], [-2.0413391887133763, 0.8681334012197508], [-2.041330135177417, -0.8618525800398922]], "map_objects_center": [[14.808499394221304, -11.417022455833216], [38.62194124446389, -24.32020113310587], [34.851410813741836, 12.829029569251546], [91.0549832078956, -7.246360412038229], [15.481512984746972, 9.65190024526797], [47.922299389638766, 4.033132673466589], [23.72611084585075, 22.475073292737726], [83.8272501260813, -7.191375542676141], [19.9394306365114, -3.262200444990647], [35.384126022719535, -8.312028092780194], [57.68291109211377, 3.847627994544343], [28.10279059599659, -8.239303070086363], [19.87105119380808, 14.249354436792702], [39.18949289183141, 28.067807974087223], [23.839595992040117, 15.826827058996692], [47.283912642576844, 7.244181521767853]], "map_objects_elevation": [0.09183729357190662, -0.06811451659245593, 0.11696970970991993, -0.062466469699431704, 0.17394919790028462, 0.1859585723741779, 0.32550241093627375, -0.28077910396127215, 0.1832305082043173, 0.08327346705355798, 0.1146921461755418, 0.22953967909692008, 0.22954700852235332, -0.1641898913368416, 0.39151102506276214, -0.09670994233249397], "map_objects_bbox": [[[12.46381910641006, -12.430018308711885], [13.671948103918723, -13.704365327925535], [17.153179682032548, -10.404026602954547], [15.945050684523885, -9.129679583740897]], [[39.71448066719989, -21.726037325678185], [37.74411621723194, -21.645738295157802], [37.529401821727895, -26.914364940533552], [39.49976627169584, -26.994663971053935]], [[35.80766781687384, 15.329047377980316], [33.97288703786739, 15.357410963587316], [33.895153810609834, 10.329011760522775], [35.729934589616285, 10.300648174915775]], [[93.22432255801245, -8.16279809897315], [93.27101567788135, -6.449434228525045], [88.88564385777876, -6.329922725103307], [88.83895073790985, -8.043286595551411]], [[14.706314437888672, 7.209750277934109], [16.672663624888692, 7.383378831992361], [16.256711531605273, 12.094050212601832], [14.290362344605253, 11.920421658543582]], [[45.69652721525196, 5.068280236727707], [45.638127004561326, 3.1341617255212997], [50.14807156402557, 2.9979851102054713], [50.206471774716206, 4.932103621411879]], [[22.644638965757103, 19.839471877013658], [24.715326130331825, 19.803476509735276], [24.8075827259444, 25.110674708461794], [22.73689556136968, 25.146670075740175]], [[86.15195449198097, -8.289682699698714], [86.25052951282657, -6.332163104582158], [81.50254576018162, -6.093068385653568], [81.40397073933602, -8.050587980770125]], [[19.119668947712, -0.8853766665887308], [17.73518473610803, -2.0528202274598053], [20.7591923253108, -5.639024223392563], [22.143676536914768, -4.471580662521489]], [[36.288373555493976, -5.927106993567195], [34.52043706834823, -5.912121086228272], [34.479878489945094, -10.696949191993193], [36.24781497709084, -10.711935099332116]], [[55.35882452720401, 4.813666756088596], [55.36804935387666, 2.8596885313959923], [60.00699765702353, 2.88158923300009], [59.99777283035088, 4.835567457692694]], [[28.97080610016927, -5.999580077277688], [27.27286709837432, -5.985187503374128], [27.234775091823913, -10.479026062895038], [28.932714093618863, -10.493418636798598]], [[18.829390858065736, 11.590165040577917], [20.926383914571463, 11.595561425179673], [20.91271152955042, 16.908543833007485], [18.815718473044694, 16.903147448405733]], [[40.55980103999616, 37.53508110731166], [37.91383405190899, 37.54829844262986], [37.81918474366665, 18.600534840862785], [40.46515173175382, 18.587317505544586]], [[22.837913041781615, 13.60990210150232], [24.763622109367763, 13.57642693135352], [24.84127894229862, 18.043752016491066], [22.91556987471247, 18.077227186639863]], [[43.13770567274729, 8.763397689183401], [43.0000199536357, 6.173054344614437], [51.4301196124064, 5.724965354352305], [51.56780533151799, 8.31530869892127]]],