{"scene_token": "da4ed9e02f64c544f4f1f10c6738216dcb0e6b0d50952e158e5589854af9f100", "sample_token": "a15115c451e5ef35fb26947a93f77011dba1f1d6db839dc2d9825b045968785b", "map_patch": [-10, -40, 70, 40], "egobbox": [[2.0505011976018968, -0.8613297578223768], [2.0504144201772925, 0.8686512086598058], [-2.0333390560546456, 0.8686568439061279], [-2.0332522786300413, -0.8613241225760547]], "map_objects_center": [[15.703088925263419, 14.043608758312173], [22.766771496824884, 21.672268212795316], [25.1493124846717, -3.79050998703081], [63.69577082987998, -6.897571347132402], [78.60997101333231, -25.152734347752396], [69.90777469028332, -26.80104198022956], [34.54693561987429, -6.4339007374012835], [54.155293097601486, -9.059877100960884], [57.057765193059026, -23.716916271420725], [86.82545401323787, -31.732878882324588]], "map_objects_elevation": [-0.04386305892195552, -0.4343230658898938, 0.007963641294980284, 0.09793350825453662, 0.13000160439692965, 0.037751542194652155, -0.05145387986674266, -0.030240072727542033, -0.37917291951381293, -0.13887262603944683], "map_objects_bbox": [[[16.556669200675724, 18.376096578655936], [13.976574422230172, 18.1078673217916], [14.849508649851114, 9.71112093796841], [17.429603428296666, 9.979350194832747]], [[26.48265455835086, 30.486984207826826], [23.925723156958057, 31.167732185107283], [19.05088843529891, 12.857552217763807], [21.60781983669171, 12.17680424048335]], [[23.25694665758299, -2.2270062849351433], [22.71218115316063, -4.083738776488907], [27.04167831176041, -5.354013689126477], [27.586443816182772, -3.497281197572713]], [[64.05740915626126, -7.463843561612465], [64.31358309719816, -6.6334605704662994], [63.334132503498715, -6.331299132652339], [63.077958562561804, -7.161682123798505]], [[80.79292806022022, -26.903637980578146], [81.4071266962171, -25.06975793119117], [76.4270139664444, -23.401830714926646], [75.81281533044752, -25.235710764313623]], [[71.72268243757327, -28.22010544562739], [72.20039182180986, -26.57402229334975], [68.09286694299337, -25.38197851483173], [67.61515755875678, -27.02806166710937]], [[32.54199355098641, -4.91244861840325], [32.05764934188714, -6.805469137867315], [36.55187768876217, -7.955352856399317], [37.03622189786144, -6.062332336935252]], [[53.56517367935607, -9.381133341693562], [54.375664108485815, -9.694607845105061], [54.7454125158469, -8.738620860228206], [53.93492208671716, -8.425146356816708]], [[59.02991467837716, -25.36650876884529], [59.61946125576941, -23.49727501324245], [55.08561570774089, -22.06732377399616], [54.496069130348644, -23.936557529599]], [[88.62614753730959, -33.200921484692174], [89.13228536798266, -31.456880058475022], [85.02476048916616, -30.264836279957002], [84.51862265849309, -32.008877706174154]]], "image_objects_bbox": [[[-621.9394975708815, 450.300153190904], [-377.11090497716816, 471.98253230845734], [-385.46652629361694, 712.7881922074824], [-634.2497298949172, 739.8556698493152], [161.80197712059208, 453.52356847344373], [268.9290603092682, 473.49006513739096], [265.711905349979, 700.8212470475004], [157.05301104875323, 723.8148186923859]], [[-573.6976745428625, 521.2216342088427], [-388.9716826880119, 526.819296225181], [-394.38988979216526, 681.559987102034], [-580.7406912591734, 693.4787373350308], [151.86686480455668, 496.9896327867862], [289.1726713206381, 506.9347318214589], [286.59288158335175, 698.1193321535305], [147.96139512481165, 715.6455380222579]], [[1160.7885428144145, 579.2238588358068], [1062.546023536896, 579.9335370197788], [1063.4408097001424, 660.9166700412081], [1161.9641484052356, 662.2287334332813], [1180.5775297282755, 578.7212287665318], [1098.0381026949294, 579.324784260004], [1098.8620188159819, 647.0021500131086], [1181.5993128237671, 647.8047892313986]], [[1069.198965231759, 572.8465103992797], [1084.3039708447802, 572.7095020583041], [1084.686069911149, 605.2525703736434], [1069.5640123925093, 605.2593237129399], [1065.6275679214277, 572.7953709645018], [1080.9570679548144, 572.6559853498871], [1081.3417134372519, 605.7146127856342], [1065.9946477465496, 605.7195921334718]], [[1299.0981422486723, 568.8316031919052], [1327.2421257046863, 568.558696779622], [1327.7974317735832, 597.1158702264077], [1299.6239602851563, 597.173115566427], [1297.384151061683, 568.3663502009207], [1327.3911931830812, 568.0714658588976], [1327.9837133890883, 598.5345388567848], [1297.9431456395068, 598.5841387977598]], [[1367.3812482206179, 576.2976735095775], [1395.9865288434353, 576.0813275443588], [1396.5202156791077, 600.7663663849969], [1367.8891624745725, 600.8192264845254], [1373.0169968947184, 576.3007512006817], [1403.4294533086634, 576.0710608984771], [1404.002323367684, 602.2824314554664], [1373.5607453461746, 602.3278688912272]], [[1195.7515355824673, 572.3762784375355], [1125.1900500223117, 572.9906357179119], [1126.0365396379734, 637.9185705797166], [1196.758587055123, 638.3062654465917], [1201.0494692711295, 572.9052341518939], [1139.2584427094896, 573.4355903932113], [1140.0240048250598, 630.2146900551222], [1201.9380772465715, 630.4491615062167]], [[1154.5123689936624, 573.9266387494916], [1150.9856766805697, 573.9035234264471], [1151.5268552973655, 612.964465348141], [1155.049590015419, 612.391575843281], [1133.359775268143, 574.1126067863432], [1129.5324281354804, 574.0925098177013], [1130.0434715209567, 612.8826464274615], [1133.8677088950217, 612.3149118167714]], [[1398.107147084493, 580.547085194239], [1438.3590793979915, 580.2882359856085], [1439.1336671681006, 614.0247532699121], [1398.8314121048813, 613.9479805300709], [1406.0683246821304, 580.9266425340877], [1449.8274150461195, 580.6499347352792], [1450.6812049908285, 617.2569393244565], [1406.8626769372408, 617.1388165040104]], [[1349.35994911024, 578.5173073966082], [1373.7112784964281, 578.3450116798371], [1374.1277643797014, 598.2608789152632], [1349.7587879872945, 598.320316247161], [1352.9760437099424, 578.6284558075905], [1378.5485803442914, 578.4483374565257], [1378.9888005013909, 599.3460031850035], [1353.3968068497404, 599.4018963514496]]], "objects_token": ["52575328c07e908913e08e9c20deda12eeae72f2904799db07bfe9cb6730b6ca", "9a8dd43a9a1e7e421924bec690c008057b9d472811f229e7d96ae838ba16b269", "972220d0d2ad58541f3ddc8d347d5f65c4be443fc32806f12d96523f2ee2d458", "f5e316b001db914980431f3e3977e75c890b4b6f846aaacbbac7e6db06ae0615", "0b95ef06beacebaeb64952a37b2417e4b80fde0af38cf7761ffdeca2c90b4f96", "02e9071148277be5641535724abd1fa7f972edae93399cb2573ce4719db6d015", "3a4c625a0e862c505ca92ff1b01b5afefd60f7e39801d5389dbfb5fa5b0e2ce0", "e98b0df518dcf661b92b23dd7524141c56b95f542e8c7206acfa6a329f544188", "97da906cefe3fe2ed35e897f3f23f7ddc54ad198790cc023c70891876cbdd0c9", "9ab7b78d909846e1c5e84f98e5be85b10712d9fb8a32e547ad95b1df92c86160"], "objects_type": ["truck", "bus", "car", "pedestrian", "car", "car", "car", "pedestrian", "car", "car"], "cam_intrinsic": [[1109.05239567, 0.0, 957.849065461], [0.0, 1109.05239567, 539.672710373], [0.0, 0.0, 1.0]], "ego_translation": [0.0, 0.0, 0.0], "ego_rotation": [[1.0, 0.0, 0.0], [0.0, 1.0, 0.0], [0.0, 0.0, 1.0]], "cam_translation": [1.5039405282244198, -0.02676183592864872, 1.6584901808053665], "cam_rotation": [[0.006759426271296165, 0.02533582536529963, 0.9996561439362748], [-0.9999683364602721, 0.004369557390585865, 0.006650792816400852], [-0.004199551566444137, -0.999669446827935, 0.02536455884440647]],