{"scene_token": "da4ed9e02f64c544f4f1f10c6738216dcb0e6b0d50952e158e5589854af9f100", "sample_token": "26720e4302b79cd5bdebd7cc9177df71ab1cdd267e92429dda461e96a5d0d33a", "map_patch": [-10, -40, 70, 40], "egobbox": [[2.0438176699903807, -0.8674752575474001], [2.043828657519351, 0.8625160073815266], [-2.040160146251561, 0.8625115564251737], [-2.040171133780531, -0.8674797085037529]], "map_objects_center": [[30.70747282590328, -24.78439489134088], [26.77295756412339, -24.18626186074271], [81.39098092109256, -3.3554237173359667], [16.64472945241454, 15.62163017749035], [83.43717755123953, -8.650144332461558], [32.210866405584355, 27.587988034576888], [90.82666718949177, -15.229358998893993], [27.155634080100175, -17.417613575655512], [50.26863006497478, 3.0390230722581606], [40.512890280190184, 3.398686857571832], [76.21158043956706, -8.467121369927852], [23.835866645294715, -18.473527267407846], [33.07307842311514, 8.56422552018496], [89.42683967890811, -8.443158142058543]], "map_objects_elevation": [0.0044294785251288715, -0.009072250449392305, 0.08635799284828383, 0.2828600318782084, -0.06225036523426408, -0.32649110475037024, 0.17834734805828134, 0.06875708912685585, 0.062478070839062094, 0.132127013589882, -0.28138927744109987, 0.12790166251587898, -0.05644807935203566, 0.12113994312717258], "map_objects_bbox": [[[31.846172893563605, -22.210159003565565], [29.87755700332959, -22.094679668972194], [29.568772758242957, -27.358630779116197], [31.537388648476973, -27.474110113709568]], [[27.966912318496938, -21.994260881156066], [26.01994709829564, -21.806477944427225], [25.579002809749845, -26.378262840329356], [27.525968029951144, -26.566045777058196]], [[83.94076345518218, -4.508495280098468], [84.07964019599487, -2.579487957442267], [78.84119838700295, -2.2023521545734654], [78.70232164619026, -4.131359477229666]], [[15.603609309659035, 13.42295015339663], [17.52841327242118, 13.355084809257347], [17.685849595170048, 17.820310201584068], [15.761045632407903, 17.88817554572335]], [[85.58980214345424, -9.605182873564718], [85.66709058436089, -7.8929263224304504], [81.28455295902482, -7.695105791358397], [81.20726451811817, -9.407362342492664]], [[33.750053008349695, 37.02927553162239], [31.104744194089523, 37.08975095801577], [30.671679802819018, 18.146700537531384], [33.31698861707919, 18.086225111138003]], [[91.2753994443689, -15.720402646070989], [91.28092051615447, -14.743418246110407], [90.37793493461464, -14.738315351716997], [90.37241386282908, -15.715299751677579]], [[28.25532000726398, -14.698738971780244], [26.239439548231676, -14.63154540890613], [26.05594815293637, -20.13648817953078], [28.071828611968673, -20.203681742404896]], [[47.96216887963753, 4.046418749503551], [47.93649179898591, 2.0925874651984775], [52.57509125031203, 2.0316273950127703], [52.600768330963646, 3.9854586793178437]], [[38.305962169378944, 4.473424297001175], [38.21302555792201, 2.540657423772305], [42.719818391001425, 2.3239494181424885], [42.81275500245836, 4.256716291371358]], [[78.51629685237553, -9.606775377305201], [78.64981983704558, -7.651328724347162], [73.90686402675858, -7.327467362550504], [73.77334104208853, -9.282914015508542]], [[24.86415253151184, -16.44509865485904], [22.988952022166423, -16.362927797794658], [22.807580759077588, -20.50195587995665], [24.682781268423007, -20.584126737021034]], [[29.883113805228927, 11.617613103940755], [28.71895437679725, 9.299517155712202], [36.26304304100136, 5.510837936429165], [37.427202469433034, 7.828933884657719]], [[91.5245202160981, -9.395716599001922], [91.60180865700475, -7.683460047867654], [87.32915914171812, -7.490599685115164], [87.25187070081147, -9.202856236249431]]], "image_objects_bbox": [[[1820.2107450212752, 561.1066622565263], [1769.2156659952068, 561.5636605709725], [1770.5528776373944, 627.0136726977555], [1821.723217272091, 631.070410140439], [2037.1799703291294, 560.7003898004197], [1971.4838902194274, 561.1889343409229], [1973.1474838222618, 627.3670708682349], [2039.067912486995, 631.4967936937359]], [[1941.2130807753365, 573.2265232546198], [1877.6698319689237, 572.8548744903305], [1879.1222487940506, 636.1443828846451], [1942.8809789928234, 641.5078615063305], [2169.095653199922, 572.9964493204479], [2087.4974793843426, 572.6353026138727], [2089.290117641719, 637.0482426613613], [2171.1644826810084, 642.5872581075117]], [[997.7250454103537, 561.7680379491027], [1023.6520337044116, 561.7161719813801], [1023.7368056358443, 589.2263290481003], [997.7930972190267, 589.2288143226247], [994.6383104815618, 561.335854271709], [1022.3111088041398, 561.2796543227539], [1022.4006957394222, 590.6494847873247], [994.7088488868039, 590.6494089934209]], [[58.96643663518948, 551.0114209449322], [-66.3735247284883, 548.7232650776946], [-69.1905902446994, 675.1030217013398], [56.805881753374585, 662.5419568430439], [-229.71850043878956, 551.6623615000343], [-391.3861634722125, 549.4877285734802], [-395.1128172492806, 674.3112644338587], [-232.59676790018963, 661.9791386928923]], [[1066.9206916583717, 566.9792374647728], [1089.5464706312462, 566.942959175121], [1089.655985306601, 590.6767191039437], [1067.01761285469, 590.6888066639066], [1069.8342028573263, 566.9111562553169], [1093.7027476487667, 566.8728170486617], [1093.8206869705605, 591.9076274769782], [1069.9381268710972, 591.9190525603326]], [[-402.58351306035007, 514.1249339717849], [-290.3361665374717, 518.491798326779], [-293.6092320942925, 637.4124607165064], [-406.4829285662531, 643.4981415447158], [282.6006371118962, 512.0539186896026], [340.5152711798321, 516.6623866564613], [338.9645767433345, 637.5387218615487], [280.7333365596296, 643.7450472996477]], [[1144.9162301788062, 561.5360259730693], [1156.9784639961442, 561.5165579020994], [1157.13100885401, 586.1840185844053], [1145.0618339894106, 586.2006076086759], [1146.6897112057748, 561.4675881078261], [1158.8743745771, 561.4479146817406], [1159.0295653089006, 586.365421828382], [1146.8378192337043, 586.3821575473595]], [[1611.7658358813355, 535.973715814385], [1566.1557243883224, 538.3818780642648], [1567.6359696423497, 632.5796228038986], [1613.473855229671, 637.7802420982957], [1863.7604453766319, 535.3151850618532], [1798.83591740133, 537.7919117670332], [1800.8422438802666, 632.7344788354262], [1866.085564183168, 637.9922749150523]], [[913.2575628445651, 562.6098766640378], [866.9778618655621, 562.6860604906593], [866.9533087028973, 606.191939314676], [913.2798789994537, 606.1489424222956], [919.1155441321075, 563.1213637395045], [877.0049194970694, 563.1903227183417], [876.9918173068687, 602.7700304301228], [919.1412436882551, 602.7285368836066]], [[886.6270038011537, 565.7912438754645], [829.1071049122274, 565.8877398285749], [829.0375785046565, 613.9862431867962], [886.6218369119989, 614.0233757623454], [900.7617542223081, 566.0544489950864], [849.4298020473158, 566.1398552924271], [849.3880861745316, 609.0298224132744], [900.7712891364517, 609.0506386866454]], [[1072.8378475483714, 570.6369433495705], [1101.1162368646735, 570.5977382538819], [1101.2396773669793, 595.8769508352525], [1072.944458390392, 595.8692696988695], [1075.0207324242076, 570.7970145609902], [1105.1519606639977, 570.7555635381868], [1105.2860041477622, 597.6883765419943], [1075.135667944794, 597.6766131854027]], [[1798.0205157117368, 562.5344641615997], [1735.5768820514575, 562.9867009934271], [1737.0692009565958, 638.9409624383952], [1799.7618165520385, 645.0572050869822], [2019.3142136244355, 562.149110871212], [1938.5920720703698, 562.6361532845981], [1940.4592717363084, 639.2490154575097], [2021.500905919002, 645.4498723187484]], [[588.7696647710967, 504.060643586411], [514.764208245983, 506.8229329972456], [513.6393791156063, 635.0568401098357], [587.8273515750849, 637.7634296303573], [788.6290406397286, 517.6296626547695], [723.4841707886299, 519.3802863516372], [723.0870512027464, 621.013831849842], [788.3779949893872, 622.6683966016178]], [[1057.5652846130467, 567.6792283233175], [1078.694976300503, 