{"scene_token": "da4ed9e02f64c544f4f1f10c6738216dcb0e6b0d50952e158e5589854af9f100", "sample_token": "97285bf4a7d24c9d554f8ef7b21cdcf7a41563d99c3a34d4855e45d1c0c75929", "map_patch": [-10, -40, 70, 40], "egobbox": [[2.04266838609173, -0.8618451982938351], [2.042659332555771, 0.8681407829658083], [-2.041339188713377, 0.8681334012197508], [-2.041330135177418, -0.8618525800398926]], "map_objects_center": [[38.401777398598874, -29.420146872244946], [19.871051193808015, 14.24935443679292], [56.69300412643303, 6.948076710617688], [91.05498320789555, -7.246360412038008], [39.18949289183156, 28.067807974087504], [35.2979662476254, 20.543254243578026], [83.82725012608124, -7.1913755426759245], [9.149213497307922, 2.8545113575986054], [32.34476668574506, 3.6975652807787904], [23.72611084585069, 22.475073292737946], [85.54515709581662, -12.879698566740977], [34.86702793140789, -19.491926225353133], [23.839595992040117, 15.826827058996692], [21.739444713228014, -9.824005496183393], [15.481512984746972, 9.65190024526797], [38.62194124446383, -24.320201133105655], [24.66968907446816, -16.747724584994383]], "map_objects_elevation": [-0.20272617352747324, 0.22954700852235332, -0.09608605522663449, -0.062466469699431704, -0.1641898913368416, 0.23421792068204317, -0.28077910396127215, 0.08983504722834335, 0.14495074011291864, 0.32550241093627375, -0.057296081268555454, -0.0006807422066124058, 0.39151102506276214, 0.16301981395266585, 0.17394919790028462, -0.06811451659245593, 0.19931713361610526], "map_objects_bbox": [[[39.339154600398686, -27.073328977403943], [37.574632756767336, -27.032247797432657], [37.46440019679906, -31.76696476708595], [39.22892204043041, -31.808045947057234]], [[18.829390858065672, 11.590165040578135], [20.9263839145714, 11.595561425179891], [20.912711529550357, 16.908543833007705], [18.81571847304463, 16.90314744840595]], [[52.48681591439481, 8.29233513997967], [52.45772328998876, 5.698498287129212], [60.89919233847125, 5.6038182812557045], [60.9282849628773, 8.197655134106164]], [[93.22432255801239, -8.16279809897293], [93.2710156778813, -6.449434228524825], [88.8856438577787, -6.329922725103087], [88.8389507379098, -8.04328659555119]], [[40.559801039996316, 37.53508110731194], [37.91383405190915, 37.54829844263014], [37.81918474366681, 18.600534840863066], [40.46515173175398, 18.587317505544867]], [[36.14874166176284, 23.147323788482552], [34.386860801808794, 23.126833904940014], [34.447190833487966, 17.9391846986735], [36.20907169344201, 17.95967458221604]], [[86.15195449198092, -8.289682699698497], [86.25052951282652, -6.332163104581941], [81.50254576018156, -6.093068385653352], [81.40397073933596, -8.050587980769908]], [[7.054571126915766, 4.2730403809738515], [6.668741309880605, 2.3575113803354864], [11.243855867700079, 1.4359823342233589], [11.62968568473524, 3.3515113348617245]], [[33.64284687422491, 6.64741617943047], [31.186523474620174, 6.705073412751689], [31.04668649726521, 0.747714382127111], [33.50300989686994, 0.6900571488058911]], [[22.644638965757043, 19.839471877013878], [24.715326130331764, 19.803476509735496], [24.80758272594434, 25.110674708462014], [22.736895561369618, 25.146670075740396]], [[85.97143835044373, -13.373363728519212], [85.98873803538469, -12.40151769086667], [85.1188758411895, -12.386033404962742], [85.10157615624856, -13.357879442615284]], [[35.80580835615899, -16.985293461244247], [33.970874275891774, -16.96973964904576], [33.92824750665679, -21.99855898946202], [35.763181586924006, -22.014112801660506]], [[22.837913041781615, 13.60990210150232], [24.763622109367763, 13.57642693135352], [24.84127894229862, 18.043752016491066], [22.91556987471247, 18.077227186639863]], [[20.597144777373224, -7.539528070918231], [19.392224344543337, -8.816909278917253], [22.881744649082805, -12.108482921448555], [24.08666508191269, -10.831101713449533]], [[14.706314437888672, 7.209750277934109], [16.672663624888692, 7.383378831992361], [16.256711531605273, 12.094050212601832], [14.290362344605253, 11.920421658543582]], [[39.71448066719982, -21.72603732567797], [37.74411621723188, -21.64573829515759], [37.52940182172783, -26.91436494053334], [39.499766271695776, -26.994663971053722]], [[25.637409161666625, -14.427203451103852], [23.82705309225643, -14.378913680451332], [23.701968987269694, -19.068245718884913], [25.512325056679888, -19.116535489537437]]],