{"scene_token": "da4ed9e02f64c544f4f1f10c6738216dcb0e6b0d50952e158e5589854af9f100", "sample_token": "60b46449dd87b202dfdd55c79ac56b5ee77d54cab136612a052ce3c5ede18897", "map_patch": [-10, -40, 70, 40], "egobbox": [[2.0426683860917296, -0.8618451982938351], [2.0426593325557705, 0.8681407829658079], [-2.0413391887133767, 0.8681334012197508], [-2.0413301351774176, -0.8618525800398922]], "map_objects_center": [[57.682911092113834, 3.8476279945441263], [73.17092530778451, -5.288028017838791], [28.497822838474242, 4.840856267021811], [23.72611084585075, 22.475073292737726], [23.83959599204018, 15.826827058996475], [45.24890896451011, 7.428620475961964], [47.922299389638766, 4.033132673466589], [93.06250474221522, -13.76061129427622], [19.87105119380808, 14.249354436792702], [9.467561132608882, -7.894289785703939], [31.53252920201598, -26.22258914187752], [39.18949289183163, 28.067807974087287], [38.401777398598874, -29.420146872244946], [15.481512984746972, 9.65190024526797], [34.93870539133347, -18.489442839229614], [38.62194124446389, -24.32020113310587]], "map_objects_elevation": [0.1146921461755418, 0.09057151918549367, 0.29461842577866904, 0.32550241093627375, 0.39151102506274793, -0.10626517286799109, 0.1859585723741779, 0.14710289344145633, 0.2295470085223391, -0.07136326266941007, 0.09468019081469659, -0.1641898913368416, -0.20272617352747324, 0.17394919790028462, 0.018166887363357365, -0.06811451659245593], "map_objects_bbox": [[[55.35882452720407, 4.813666756088378], [55.36804935387672, 2.8596885313957747], [60.0069976570236, 2.881589232999874], [59.99777283035095, 4.835567457692478]], [[75.0690430635784, -3.231790194740505], [73.28218790579655, -2.491854626526368], [71.27280755199062, -7.3442658409370765], [73.05966270977248, -8.084201409151213]], [[29.404625180825384, 7.150589587538812], [27.54969992431387, 7.133937477891598], [27.5910204961231, 2.531122946504811], [29.445945752634614, 2.5477750561520245]], [[22.644638965757103, 19.839471877013658], [24.715326130331825, 19.803476509735276], [24.8075827259444, 25.110674708461794], [22.73689556136968, 25.146670075740175]], [[22.83791304178168, 13.609902101502103], [24.763622109367827, 13.576426931353303], [24.841278942298683, 18.04375201649085], [22.915569874712535, 18.077227186639647]], [[41.11340907833329, 8.97674537125676], [40.95764285337603, 6.387426371372318], [49.384408850686924, 5.8804955806671675], [49.540175075644186, 8.46981458055161]], [[45.69652721525196, 5.068280236727707], [45.638127004561326, 3.1341617255212997], [50.14807156402557, 2.9979851102054713], [50.206471774716206, 4.932103621411879]], [[93.51993605219526, -14.24356170234101], [93.50800610953453, -13.266634542073618], [92.60507343223519, -13.27766088621143], [92.61700337489592, -14.254588046478823]], [[18.829390858065736, 11.590165040577917], [20.926383914571463, 11.595561425179673], [20.91271152955042, 16.908543833007485], [18.815718473044694, 16.903147448405733]], [[10.641303343262054, -9.942862758026624], [11.749165477175929, -8.501417132191298], [8.29381892195571, -5.8457168133812525], [7.185956788041835, -7.28716243921658]], [[32.48855391934565, -24.15911846366212], [30.61162134786796, -24.143208651402414], [30.576504484686307, -28.28605982009292], [32.453437056164, -28.301969632352627]], [[40.55980103999638, 37.535081107311726], [37.91383405190921, 37.54829844262993], [37.819184743666874, 18.60053484086285], [40.46515173175404, 18.58731750554465]], [[39.339154600398686, -27.073328977403943], [37.574632756767336, -27.032247797432657], [37.46440019679906, -31.76696476708595], [39.22892204043041, -31.808045947057234]], [[14.706314437888672, 7.209750277934109], [16.672663624888692, 7.383378831992361], [16.256711531605273, 12.094050212601832], [14.290362344605253, 11.920421658543582]], [[35.97051259500874, -15.744090012279347], [33.95358505282946, -15.726993533148912], [33.9068981876582, -21.23479566617988], [35.92382572983748, -21.251892145310315]], [[39.71448066719989, -21.726037325678185], [37.74411621723194, -21.645738295157802], [37.529401821727895, -26.914364940533552], [39.49976627169584, -26.994663971053935]]],