{"scene_token": "da4ed9e02f64c544f4f1f10c6738216dcb0e6b0d50952e158e5589854af9f100", "sample_token": "fc4c6de4978b8f568839e7f9b1f107085f6d87153817257acd58b70db096f8ae", "map_patch": [-10, -40, 70, 40], "egobbox": [[2.0426683860917296, -0.8618451982938351], [2.0426593325557705, 0.8681407829658079], [-2.0413391887133767, 0.8681334012197508], [-2.0413301351774176, -0.8618525800398922]], "map_objects_center": [[14.475917227440846, 1.4586474078947247], [39.18949289183141, 28.067807974087223], [23.8395959920399, 15.826827058996628], [23.72611084585075, 22.475073292737726], [38.62194124446389, -24.32020113310587], [15.481512984746972, 9.65190024526797], [35.21808594435026, 7.123417521345049], [95.91525175465902, -4.356398905154574], [64.11577458349022, 6.833582522617837], [38.401777398598874, -29.420146872244946], [24.49991728683827, -20.438918090214372], [84.1849941042563, -12.855069218274512], [19.87105119380808, 14.249354436792702], [28.525862941920156, 20.330372601639695], [83.8272501260813, -7.191375542676141], [91.0549832078956, -7.246360412038229], [32.10470473251579, -10.328603489942218], [24.077666331540428, -12.685499723365151]], "map_objects_elevation": [0.09827337082307497, -0.1641898913368416, 0.3915110250627625, 0.3255024109362741, -0.06811451659245593, 0.17394919790028462, 0.21957258804313673, 0.14450994384811144, -0.10502041343165858, -0.20272617352747324, 0.1915038662446873, -0.057473798645341745, 0.22954700852235332, 0.39472179730019274, -0.28077910396127204, -0.062466469699431704, 0.07734989790250824, 0.18974903884932148], "map_objects_bbox": [[[12.887538515356042, 3.427607620036101], [11.95852114697049, 1.708583847879944], [16.06429593952565, -0.5103128042466518], [16.9933133079112, 1.2087109679095054]], [[40.55980103999616, 37.53508110731166], [37.91383405190899, 37.54829844262986], [37.81918474366665, 18.600534840862785], [40.46515173175382, 18.587317505544586]], [[22.8379130417814, 13.609902101502255], [24.763622109367546, 13.576426931353458], [24.841278942298402, 18.043752016491], [22.915569874712254, 18.0772271866398]], [[22.644638965757103, 19.839471877013658], [24.715326130331825, 19.803476509735276], [24.8075827259444, 25.110674708461794], [22.73689556136968, 25.146670075740175]], [[39.71448066719989, -21.726037325678185], [37.74411621723194, -21.645738295157802], [37.529401821727895, -26.914364940533552], [39.49976627169584, -26.994663971053935]], [[14.70631443788867, 7.209750277934109], [16.672663624888692, 7.38337883199236], [16.256711531605273, 12.094050212601832], [14.290362344605253, 11.920421658543582]], [[36.068861358487695, 9.727487066249575], [34.30698049853365, 9.706997182707035], [34.36731053021282, 4.519347976440523], [36.129191390166866, 4.539837859983062]], [[98.16514800634398, -5.297410651443627], [98.2004749861753, -3.5047587040494887], [93.66535550297407, -3.4153871588655202], [93.63002852314276, -5.208039106259659]], [[59.9590626102862, 8.323815917701427], [59.839464107628004, 5.732574478128127], [68.27248655669423, 5.343349127534245], [68.39208505935244, 7.934590567107547]], [[39.339154600398686, -27.073328977403943], [37.574632756767336, -27.032247797432657], [37.46440019679906, -31.76696476708595], [39.22892204043041, -31.808045947057234]], [[25.467637374036734, -18.118396956323842], [23.65728130462654, -18.07010718567132], [23.532197199639803, -22.759439224104902], [25.342553269049997, -22.807728994757426]], [[84.61127535888342, -13.348734380052747], [84.62857504382437, -12.376888342400205], [83.75871284962919, -12.361404056496276], [83.74141316468824, -13.333250094148818]], [[18.829390858065736, 11.590165040577919], [20.92638391457146, 11.595561425179673], [20.91271152955042, 16.908543833007485], [18.815718473044697, 16.903147448405733]], [[29.527454916300346, 22.75962449612433], [27.62586393164387, 22.79906720233491], [27.524270967539966, 17.90112070715506], [29.425861952196442, 17.86167800094448]], [[86.15195449198096, -8.289682699698716], [86.25052951282657, -6.33216310458216], [81.50254576018163, -6.093068385653566], [81.40397073933602, -8.050587980770123]], [[93.22432255801245, -8.16279809897315], [93.27101567788135, -6.449434228525045], [88.88564385777876, -6.329922725103307], [88.83895073790985, -8.043286595551411]], [[33.40278492099564, -7.378752591290539], [30.94646152139091, -7.321095357969318], [30.806624544035945, -13.278454388593897], [33.262947943640675, -13.336111621915117]], [[24.27511703421561, -10.138992415303171], [22.584398680951907, -10.61334191718681], [23.880215628865244, -15.23200703142713], [25.57093398212895, -14.757657529543492]]],