{"scene_token": "da4ed9e02f64c544f4f1f10c6738216dcb0e6b0d50952e158e5589854af9f100", "sample_token": "a218dcf0d22b4b8dfdf5e8fdca59b1dbb657458ff4b01d689d8dc05476d391e6", "map_patch": [-10, -40, 70, 40], "egobbox": [[2.04266838609173, -0.8618451982938351], [2.042659332555771, 0.8681407829658079], [-2.0413391887133763, 0.8681334012197508], [-2.041330135177417, -0.8618525800398922]], "map_objects_center": [[24.32416292410162, -13.50114143884437], [38.62194124446389, -24.32020113310587], [91.0549832078956, -7.246360412038229], [23.72611084585075, 22.475073292737726], [39.18949289183141, 28.067807974087223], [38.401777398598874, -29.420146872244946], [35.20987988505583, 4.546825461470086], [15.481512984746972, 9.65190024526797], [15.484421998827468, 0.9762754538297971], [23.839595992040117, 15.826827058996692], [83.92503032708717, -12.850729485239885], [28.478904980145675, 18.1654701245853], [24.474524242652915, -21.221778829648485], [19.87105119380808, 14.249354436792702], [65.86577669797879, 6.712214555262042], [33.09476377714026, 33.88979774793949], [83.8272501260813, -7.191375542676141], [32.07979494505799, -13.225588423396644]], "map_objects_elevation": [0.19387479037767041, -0.06811451659245593, -0.062466469699431704, 0.32550241093627375, -0.1641898913368416, -0.20272617352747324, 0.20716220609800606, 0.17394919790028462, 0.0961700349005048, 0.39151102506276214, -0.05750953553853755, 0.40228583527246553, 0.18772815972160095, 0.22954700852235332, -0.10122360083603521, 0.263027440787198, -0.28077910396127215, 0.06339289872114806], "map_objects_bbox": [[[24.66345562498101, -10.969626731573252], [22.948894597243992, -11.348858167724554], [23.98487022322223, -16.032656146115485], [25.69943125095925, -15.653424709964185]], [[39.71448066719989, -21.726037325678185], [37.74411621723194, -21.645738295157802], [37.529401821727895, -26.914364940533552], [39.49976627169584, -26.994663971053935]], [[93.22432255801245, -8.16279809897315], [93.27101567788135, -6.449434228525045], [88.88564385777876, -6.329922725103307], [88.83895073790985, -8.043286595551411]], [[22.644638965757103, 19.839471877013658], [24.715326130331825, 19.803476509735276], [24.8075827259444, 25.110674708461794], [22.73689556136968, 25.146670075740175]], [[40.55980103999616, 37.53508110731166], [37.91383405190899, 37.54829844262986], [37.81918474366665, 18.600534840862785], [40.46515173175382, 18.587317505544586]], [[39.339154600398686, -27.073328977403943], [37.574632756767336, -27.032247797432657], [37.46440019679906, -31.76696476708595], [39.22892204043041, -31.808045947057234]], [[36.04245487906958, 7.1567710316579], [34.280760000119756, 7.123981498542034], [34.37730489104207, 1.9368798912822722], [36.1389997699919, 1.9696694243981385]], [[14.706314437888672, 7.209750277934109], [16.672663624888692, 7.383378831992361], [16.256711531605273, 12.094050212601832], [14.290362344605253, 11.920421658543582]], [[14.030026060696436, 3.046174897075279], [12.989124756191405, 1.3925000577311812], [16.9388179369585, -1.093623989415685], [17.97971924146353, 0.5600508499284129]], [[22.837913041781615, 13.60990210150232], [24.763622109367763, 13.57642693135352], [24.84127894229862, 18.043752016491066], [22.91556987471247, 18.077227186639863]], [[84.35131158171428, -13.34439464701812], [84.36861126665524, -12.372548609365579], [83.49874907246006, -12.35706432346165], [83.4814493875191, -13.328910361114191]], [[29.480496954525865, 20.594722019069938], [27.57890596986939, 20.634164725280517], [27.477313005765485, 15.736218230100665], [29.37890399042196, 15.696775523890086]], [[25.434138303789375, -18.897893859674888], [23.623624700931607, -18.85592370519592], [23.514910181516456, -23.545663799622083], [25.325423784374223, -23.58763395410105]], [[18.829390858065736, 11.590165040577917], [20.926383914571463, 11.595561425179673], [20.91271152955042, 16.908543833007485], [18.815718473044694, 16.903147448405733]], [[61.724898042325776, 8.245894430319854], [61.57817117638108, 5.656047479859258], [70.0066553536318, 5.17853468020423], [70.1533822195765, 7.768381630664826]], [[34.577717978147184, 39.23611698061873], [31.83933117032416, 39.29407119307002], [31.611809576133332, 28.54347851526025], [34.35019638395635, 28.48552430280896]], [[86.15195449198097, -8.289682699698714], [86.25052951282657, -6.332163104582158], [81.50254576018162, -6.093068385653568], [81.40397073933602, -8.050587980770125]], [[33.39843717720297, -10.284871646213961], [30.942576156620685, -10.21006758493023], [30.761152712913013, -16.166305200579327], [33.2170137334953, -16.24110926186306]]],