{"scene_token": "da4ed9e02f64c544f4f1f10c6738216dcb0e6b0d50952e158e5589854af9f100", "sample_token": "e0881b7906280a0af9f2a82b54e065c0d1a27c43099d2282d09e0b00d9159fd1", "map_patch": [-10, -40, 70, 40], "egobbox": [[2.0238540446779947, -0.8439582012414465], [2.024628661357653, 0.8854471493464423], [-2.058373516227305, 0.8849088381575801], [-2.059148132906963, -0.8444965124303087]], "map_objects_center": [[59.03067643508051, 48.96391915866316], [39.36954576151555, 22.17417344347769], [20.270233346653242, 17.8380776544185], [21.63019867505986, 8.152285020627218], [47.09115721309347, 28.19897302362442], [42.94171958977595, 24.95193655730689], [52.2933114422989, 32.21104699455655]], "map_objects_elevation": [0.28247483092248493, -0.06272598149172548, -0.08761345633491979, -0.4955489429515958, -0.1609718307697059, -0.09232334220923699, -0.14152304512421376], "map_objects_bbox": [[[61.51521103569997, 49.40302315354898], [60.46639156051831, 51.038635182264734], [56.54614183446105, 48.52481516377734], [57.594961309642706, 46.889203135061585]], [[41.726899988003716, 23.033383575435174], [40.554347875137225, 24.38587074454708], [37.01219153502739, 21.31496331152021], [38.18474364789388, 19.962476142408303]], [[24.011198024194634, 20.184187899353216], [22.04831404756594, 21.880042402043323], [16.52926866911185, 15.491967409483783], [18.492152645740546, 13.796112906793674]], [[29.74424780229346, 13.218764247944705], [28.04588552039165, 15.247774242846965], [13.516149547826256, 3.0858057933097305], [15.214511829728067, 1.05679579840747]], [[49.643507631879125, 29.04735771804357], [48.38161213074595, 30.558840679978587], [44.53880679430781, 27.350588329205266], [45.800702295440985, 25.83910536727025]], [[44.98254656353792, 25.59922668790177], [43.87632654895245, 26.878194349467343], [40.90089261601398, 24.30464642671201], [42.00711263059945, 23.025678765146438]], [[54.89400200365858, 33.0578018906479], [53.75558709630501, 34.52239620263849], [49.692620880939224, 31.36429209846519], [50.831035788292795, 29.899697786474608]]], "image_objects_bbox": [[[-24.417343057842732, 572.3031684380461], [23.372537129889313, 570.8347877815784], [24.12959203963619, 597.2091226391537], [-23.65001696333374, 599.15916288218], [-42.36997695239673, 572.757418999721], [9.100032664537684, 571.1778309803329], [9.908820529624279, 599.3932894511136], [-41.5494680448596, 601.5248346845523]], [[246.9930668978324, 562.4293846595167], [304.9993952585406, 560.6998595264658], [306.45297023209304, 609.9997718823566], [248.48286063328226, 613.2345266526986], [274.0863933864018, 561.2957134733991], [336.7614697714396, 559.4375587380044], [338.3588390765383, 613.4532407896123], [275.7276646921363, 617.1236551898312]], [[-248.73254761498146, 493.4294801062734], [-59.73322877514766, 495.2309991182731], [-55.06396429164351, 659.1785840394294], [-243.70502275972186, 673.2582712139892], [-209.47766624466422, 460.59377166743843], [35.33445314403705, 466.7956467003595], [41.553368238813874, 683.1388302310263], [-202.60423541872981, 705.474535268076]], [[301.3426828226525, 505.48511412729954], [420.03720012650666, 505.3121917222452], [424.1361809283911, 642.8285412703033], [305.65955575093665, 651.9254394638622], [649.0171785491863, 425.98620032690275], [847.372449115998, 435.48499404444476], [856.0443588907821, 715.2611090774005], [658.7413001134202, 745.3582875374098]], [[216.30346100424217, 566.9877021765027], [270.64879119846154, 565.2682473994229], [271.8384575138571, 605.7483609547829], [217.51948795463332, 608.5777818403985], [234.6596222548712, 566.4759008004789], [293.1511631295563, 564.6232635511254], [294.4459876142942, 608.5883082160261], [235.9857636102378, 611.7533499748996]], [[236.01285404172998, 566.0607527852076], [287.0308889651721, 564.4540163142404], [288.30865429560515, 607.8647691974841], [237.31826198224746, 610.6245680242411], [255.5471900456512, 565.479138773048], [309.738389247139, 563.7715360923104], [311.11214282479256, 610.3438830702556], [256.9529764946776, 613.3811909112964]], [[206.344029138205, 566.3218089414011], [252.91597903998664, 564.8703452419805], [254.00157136702788, 601.8709275368701], [207.4488741928255, 604.144869197276], [217.4073896942089, 565.9528682655457], [267.53111912294287, 564.3912773559724], [268.70719729269734, 604.4206878848819], [218.60611130556384, 606.9466772666449]]], "objects_token": ["0ca7e164b33c7cd445b6772d3febd772d8f0dda1404f98c8fca8993f358e8cb9", "f6f4897f251d54fe4bb07501af42424cbffb8080bec42f9b7ce6ca3bd63e5906", "59cc5ded979143e8d0b1b8c5cfd8b3371947719f71ebc630fdb727eed7c7df0a", "8a3e4d7d542769845fa22e939febe3b35f0e914f09413ba76176c5c2b2bbff71", "90a32304faa81f30f0de95c20081b2409d69e12445577220d0767708769b1274", "9a4010e56eccd38a46c0045d5a9d3e8a75d9248278d9233b050e208d98704396", "45438a77cc0f2a7477d91513623fbd1595eb34bdc3da1da50722e99f00c40f3e"], "objects_type": ["car", "car", "truck", "bus", "car", "car", "car"], "cam_intrinsic": [[1109.05239567, 0.0, 957.849065461], [0.0, 1109.05239567, 539.672710373], [0.0, 0.0, 1.0]], "ego_translation": [0.0, 0.0, 0.0], "ego_rotation": [[1.0, 0.0, 0.0], [0.0, 1.0, 0.0], [0.0, 0.0, 1.0]], "cam_translation": [1.5039405282244198, -0.02676183592864872, 1.6584901808053665], "cam_rotation": [[0.006759426271296165, 0.02533582536529963, 0.9996561439362748], [-0.9999683364602721, 0.004369557390585865, 0.006650792816400852], [-0.004199551566444137, -0.999669446827935, 0.02536455884440647]], "subsequent_egocenters": [[0.9324758234997133, 0.031350582919396686], [1.868218457768439, 0.11226068392831301], [2.7847004564328204, 0.22354953894014895], [3.692382161624814, 0.3982015713195457], [4.580563166937775, 0.6352240559182771], [5.46683596242061, 0.9226530203264596], [6.391038143491466, 1.2772529761776354], [7.360711516780082, 1.7196688781862703], [8.400030171348364, 2.249856642062791], [9.484937997952137, 2.839390845972396], [10.58051506392287, 3.508844322274931], [11.687917273871784, 4.263139136965584], [12.833700224930675, 5.06879526214994], [14.048511802432213, 5.988221668811498], [15.268700996740286, 6.950944314711393], [16.5149514940923, 7.971603056002823], [17.768742637223827, 9.031656538926622], [19.10421204366614, 10.165015019942274], [20.48244634537514, 11.327967851719993], [21.898576978861726, 12.515880930332091], [23.387847789346818, 13.745440412261576], [24.911936770135988, 14.991999328297672], [26.469720896667333, 16.282856288807793], [28.08415247874921, 17.628404690315747], [29.72877165869333, 18.999443338214803], [31.33487962606228, 20.390763177286114], [32.96490281003383, 21.73216053369401], [34.581107617643625, 23.077462938673392], [36.215403079067976, 24.398611096668766], [37.899909445811076, 25.736215340226906], [39.55864304851555, 27.06698494972528], [41.19095521249678, 28.340355612421376], [42.760225051964916, 29.554470567421767], [44.33088436433664, 30.745110027433427], [45.85314970007955, 31.89277177846276], [47.334216869760276, 32.98527184673359], [48.781076889887956, 34.041891164116336]]}