{"scene_token": "da4ed9e02f64c544f4f1f10c6738216dcb0e6b0d50952e158e5589854af9f100", "sample_token": "4c3db6357ff0e8044cb62a5f850a3e7cf73b4a390c458bbdbc337856c3a94bac", "map_patch": [-10, -40, 70, 40], "egobbox": [[2.051675567051251, -0.8628324919457843], [2.05165557959787, 0.8671605608270144], [-2.032021099484257, 0.8672590134454466], [-2.032001112030876, -0.862734039327352]], "map_objects_center": [[82.87623907454913, -5.9552875305957045], [33.95671055933866, -23.57309171617915], [56.56849061425892, 4.690179624908085], [30.86237293389156, -18.05997004697113], [14.28436542234069, 9.856962026060266], [37.71207799610025, 28.631112404433246], [22.548436048219322, 16.15850796497915], [90.10400851697317, -5.900193246721717], [18.60409899164988, 14.52038170796517], [26.979760985998286, 5.425722473725104], [46.806186604359645, 4.728319241341888], [37.79106455477056, -28.866325734072845], [37.93434524525695, -23.76243505779994], [34.14187762202273, -16.516599924842986], [42.889601719240176, 8.2088414040589]], "map_objects_elevation": [-0.2580007303822993, 0.04948196379602676, 0.0916437978154071, 0.1665950962775017, 0.13220909759645816, -0.29515694545393445, 0.3197744332433463, -0.04080936964834447, 0.165822915905104, 0.3685678803448018, 0.16390963374455447, -0.06906533231094825, 0.042039862334139144, 0.10650965524966094, -0.09543635891551938], "map_objects_bbox": [[[85.21724172315857, -7.018412922637317], [85.28628585926954, -5.059629395223251], [80.5352364259397, -4.892162138554092], [80.46619228982873, -6.850945665968158]], [[35.09336158187199, -21.350835947152113], [33.142177863183534, -21.213656881966884], [32.82005953680533, -25.795347485206186], [34.771243255493786, -25.932526550391415]], [[54.23010032271778, 5.621060978479073], [54.26879037163518, 3.66744405591857], [58.90688090580006, 3.759298271337097], [58.86819085688266, 5.7129151938976]], [[31.823290700581406, -15.998773417423187], [29.946401159077826, -15.978410485549798], [29.901455167201714, -20.121166676519074], [31.778344708705294, -20.141529608392464]], [[13.546082995668806, 7.403399655043895], [15.509590242079092, 7.606661292581073], [15.022647849012573, 12.310524397076637], [13.059140602602287, 12.10726275953946]], [[38.939462490537835, 38.11797343971853], [36.293597060872514, 38.09128771128647], [36.48469350166266, 19.14425136914796], [39.13055893132798, 19.170937097580023]], [[21.58029854672654, 13.926729575845652], [23.506293448779843, 13.922298180501977], [23.516573549712106, 18.39028635411265], [21.590578647658802, 18.394717749456326]], [[92.28692119900691, -6.7838127760533276], [92.30777123699015, -5.069939596405517], [87.92109583493942, -5.016573717390106], [87.90024579695618, -6.7304468970379165]], [[17.602658061592688, 11.845786306113483], [19.69933128694331, 11.882805032426374], [19.605539921707074, 17.194977109816854], [17.508866696356453, 17.157958383503967]], [[27.971310013072973, 7.745755884455914], [26.028382298276618, 7.762515809163434], [25.9882119589236, 3.1056890629942937], [27.931139673719954, 3.0889291382867747]], [[44.565057353214456, 5.7297841332184785], [44.53583056721382, 3.795004870620269], [49.047315855504834, 3.726854349465297], [49.07654264150547, 5.661633612063507]], [[38.692944816047394, -26.505638917843463], [36.92800410933938, -26.49117165116956], [36.88918429349372, -31.227012550302227], [38.65412500020173, -31.24147981697613]], [[38.987640071937264, -21.152090586645134], [37.01628875483283, -21.1015140649123], [36.881050418576635, -26.372779528954748], [38.85240173568107, -26.42335605068758]], [[35.15141552121523, -13.762980219783117], [33.13441566447305, -13.762220021109632], [33.13233972283024, -19.270219629902854], [35.14933957957241, -19.270979828576337]], [[38.863763089509604, 10.023138327764912], [38.53961241632023, 7.449471227872061], [46.91544034897075, 6.394544480352889], [47.23959102216012, 8.96821158024574]]], "image_objects_bbox": [[[1034.4983218613704, 583.3242120700876], [1060.517843866017, 583.1369079462025], [1060.7693885394717, 606.476649642875], [1034.7289017022936, 606.6401406209036], [1036.1544194991088, 583.4421538902585], [1063.7395630308436, 583.2437208563089], [1064.0089596372009, 607.9874966427133], [1036.4002513280961, 608.1591669647335]], [[1712.6838424348975, 579.6309167058598], [1673.9033969204372, 579.7149596396418], [1675.500860592632, 630.0808403783665], [1714.450925191106, 633.1123110529745], [1884.2119598620714, 578.4210446469291], [1834.9240700234855, 578.5771344467496], [1836.8188564290708, 629.491461354023], [1886.3163467105308, 632.5212519182516]], [[890.4286844942168, 576.7496438196481], [849.4186502211295, 577.0461198414594], [849.5562809757854, 615.5649760556187], [890.6201642675387, 615.2522635916804], [894.8902000414034, 577.1569496538289], [857.1873453502035, 577.4296830164542], [857.3232607281182, 612.8405502580298], [895.0716246968266, 612.5540944087572]], [[1590.604681325759, 572.65149884576], [1552.791961329271, 573.2028287817044], [1554.4242097081021, 632.3656729255885], [1592.4263147276038, 635.725970577176], [1754.5317879747442, 571.4447339731543], [1706.4422781432556, 572.0724476166024], [1708.390109820934, 631.39157458314], [1756.7126726357917, 634.6968686563958]], [[371.6718091290656, 589.9204116735715], [294.35193400600104, 591.1155161360365], [292.27390779948047, 726.3252920431519], [370.18970253335317, 706.3368491222213], [-27.284480873146588, 592.9540420815824], [-174.04635118281618, 594.7001587377983], [-178.44663934510086, 735.0692206648154], [-30.4513777574858, 713.175052868843]], [[-230.60852361141002, 541.6659617191591], [-147.83922336045882, 544.458904618805], [-150.97785933804406, 647.3442896635684], [-234.29620500028696, 652.2805141281656], [365.44720844696275, 537.3611944750503], [406.63137129769297, 540.4520765667247], [405.4432647189228, 643.2505354457062], [364.0142010182859, 647.8752770058485]], [[272.62166329059346, 571.6777909243702], [206.54970422701822, 570.7356985644653], [204.89329076487928, 660.8673228841604], [271.2946491764363, 653.9932061102429], [51.898658176184504, 573.3185751071811], [-34.86621638821771, 572.5337537827999], [-37.2598376140126, 662.4534943934987], [49.955554756008155, 655.4572271604153]], [[1029.4386514950904, 580.0017758232297], [1050.399410348243, 579.8486270952334], [1050.629522485226, 601.9040963130211], [1029.6528984801666, 602.048688175529], [1031.880325765838, 579.9234575581469], [1053.9053211646767, 579.7625080624024], [1054.1498884193384, 602.9375512019626], [1032.1073752711711, 603.0890532424705]], [[250.91770929047004, 585.1590441240094], [161.3889503245484, 585.5919504084636], [159.31380161983077, 689.8200427354845], [249.36155206043296, 677.4883966478534], [-71.70802967989118, 587.5046369000576], [-203.0455373408088, 588.2408672938357], [-206.42696689906452, 692.7849820002752], [-74.2875300998926, 680.0818933265992]], [[618.4026410760575, 578.7059044925816], [644.5520369674373, 578.9149178757335], [644.3496422701921, 638.0838270118535], [618.1273324027738, 642.5335937635997], [826.9827111148431, 577.1686707912819], [837.9703569010036, 577.4906432810207], [838.1592062928596, 636.8362907044989], [827.1624608832088, 641.2020745721484]], [[869.7449551427557, 579.5969735890766], [820.1912901995618, 579.9608637303363], [820.2977799303336, 621.3156342659834], [869.9215862425677, 620.9953331479124], [880.5995378974691, 579.7790436820543], [835.7162040770914, 580.1083857438306], [835.832465219881, 617.5520232793999], [880.7733343392479, 617.2584116318402]], [[1799.7779377110362, 582.2696879402858], [1760.612587173457, 582.2367908269673], [1762.1947598086551, 627.8666279223869], [1801.503357456064, 630.1835540884938], [1950.8403346356283, 581.1844968384036], [1904.3851940458437, 581.2032891038563], [1906.1951946303416, 626.930184613518], [1952.8172863753466, 629.2053927573891]], [[1627.5000528152016, 571.3101966125133], [1594.2671124065996, 571.8433596781525], [1595.8175717598947, 625.2954452909014], [1629.2008729860509, 627.737465394788], 