{"scene_token": "da4ed9e02f64c544f4f1f10c6738216dcb0e6b0d50952e158e5589854af9f100", "sample_token": "109ed71258604a60399a5e99f98262c59b0996502a8b1bdea62d4bf5d3c2bf94", "map_patch": [-10, -40, 70, 40], "egobbox": [[2.0479650901941793, -0.8687888595680171], [2.0480339631092224, 0.8611907188653809], [-2.035843048767535, 0.861199306866387], [-2.0359119216825783, -0.868780271567011]], "map_objects_center": [[71.95473608539729, 7.287793084504603], [35.76156849889887, 2.2522075167468145], [84.28833558852986, -11.087829857392407], [78.29514069850701, -11.110575133353553], [65.60406935527449, 5.71668513614404], [26.18465636754234, 9.899346588655451], [45.501639792999654, 1.5927877752272952], [28.20713862787702, 26.68531252411035], [71.07858388087482, -10.705500006225126], [81.29912499806352, -6.336469655636144], [21.770660995616925, -18.143601012639976]], "map_objects_elevation": [-0.017491357873785418, 0.08137948662643368, 0.07010267554248284, -0.1132379006390507, -0.01991983691930521, -0.05118691175033385, 0.011655535173147102, -0.3773802229378398, -0.3323205405609355, 0.052656666768021276, 0.01829554094734287], "map_objects_bbox": [[[72.44613511834027, 6.829564440242049], [72.48719239095675, 7.697593990640707], [71.4633370524543, 7.7460217287671576], [71.42227977983782, 6.877992178368499]], [[33.58872486219239, 3.3942857892063616], [33.43641202113675, 1.465289729477478], [37.93441213560534, 1.1101292442872672], [38.08672497666098, 3.039125304016151]], [[86.35573951095839, -12.104428240003337], [86.4856323030005, -10.395357187479332], [82.22093166610134, -10.071231474781477], [82.09103887405922, -11.780302527305482]], [[80.4173864575101, -12.13134160439057], [80.54727924955222, -10.422270551866568], [76.17289493950392, -10.089808662316536], [76.0430021474618, -11.798879714840538]], [[65.12075085915743, 5.249941382772726], [65.98544203360215, 5.163511221154201], [66.08738785139155, 6.183428889515354], [65.22269667694682, 6.269859051133879]], [[24.187396863172967, 13.837620889946082], [22.320555730665575, 12.036582249056188], [28.18191587191171, 5.96107228736482], [30.0487570044191, 7.762110928254713]], [[43.227239804179966, 2.6706161200285408], [43.1415071053917, 0.7184978079484354], [47.77603978181934, 0.5149594304260496], [47.861772480607605, 2.467077742506155]], [[30.035856579766776, 36.07481707187197], [27.393657421459253, 36.21659015760761], [26.37842067598726, 17.295807976348733], [29.020619834294784, 17.15403489061309]], [[73.34717382822647, -11.915470522715095], [73.54075111497802, -9.965053174029457], [68.80999393352316, -9.495529489735157], [68.61641664677161, -11.445946838420795]], [[83.7948214815552, -7.6023543511306695], [84.01977864721096, -5.681482082180927], [78.80342851457183, -5.070584960141618], [78.57847134891608, -6.991457229091361]], [[22.953415027381865, -15.459819883273466], [20.940553235952486, -15.330682713551841], [20.587906963851985, -20.82738214200649], [22.600768755281365, -20.956519311728112]]], "image_objects_bbox": [[[841.645213185734, 575.525346908615], [855.0783741990847, 575.5273600868733], [854.9788400310139, 604.2466681187584], [841.5337281516153, 604.2268923345811], [839.133560573421, 575.4885626165187], [852.760780131089, 575.4905820403778], [852.6576910920365, 604.6284903843257], [839.0181727413124, 604.6081869455129]], [[910.5407826252182, 577.2217141260647], [844.8047603299128, 577.208293991414], [844.5960499442266, 632.3403010483908], [910.4445091673975, 632.6258530785277], [927.5143231987845, 577.3244525128869], [869.7078990249186, 577.3122237461627], [869.5621943583188, 625.7225080896244], [927.4555490266612, 625.9444307737479]], [[1096.67260624807, 578.4118679057412], [1119.1611580252647, 578.41834521655], [1119.2587067898332, 598.9045655448826], [1096.7556697734701, 598.8654281967162], [1099.334771975686, 578.430324009426], [1123.0131518629953, 578.437173735141], [1123.118433896598, 600.003947216334], [1099.423994973283, 599.9609043031277]], [[1107.145923409538, 577.7449731991583], [1131.3378291569059, 577.7507921246676], [1131.467863636303, 603.0437646493576], [1107.2567049244635, 602.9946001569032], [1110.7076383048477, 577.7265326846431], [1136.319610716924, 577.7326581499303], [1136.4614049441466, 604.5047875013609], [1110.8278520589313, 604.4501033141578]], [[872.9551439557275, 575.3260286262521], [870.2569782074426, 575.2889838977641], [870.1611678141787, 607.3018683979658], [872.8632671941982, 606.911816628363], [855.6741219591228, 575.3258334853729], [852.7473247701357, 575.2888471116726], [852.6342366901886, 607.2489762145979], [855.5654158996446, 606.8602632320866]], [[332.1460469943034, 494.04578544499975], [296.7213894971079, 500.8247976433373], [293.37809273284023, 660.7084552484628], [328.69909526255697, 668.0575819611737], [716.6433243330732, 512.213853414571], [663.4997079872417, 516.451625720803], [662.2937486219678, 644.0386540732163], [715.5799829944475, 648.6399191831101]], [[942.1099686278195, 573.3096689870331], [890.67457160482, 573.3064753504623], [890.560424120267, 621.738240469228], [942.0733597558971, 621.8483556764578], [948.9033239295001, 573.7809745052281], [902.5564237904994, 573.7771638848627], [902.4697636548586, 617.399018023526], [948.8796102130103, 617.4895483429362]], [[-561.040921506638, 516.0591706935003], [-417.16038077842745, 521.6964407447762], [-422.96350021899235, 656.1009364815887], [-568.091348853496, 663.9436249823989], [202.92162957157737, 513.6320032363391], [280.21157947518583, 519.7164501413743], [277.22190381209674, 659.331134114312], [199.24655778808943, 667.8487807773987]], [[1114.2323723080458, 581.7529945100666], [1144.6607427499732, 581.7712362509719], [1144.8113079415411, 608.873242032044], [1114.3569025343647, 608.7798415744556], [1117.1938301891491, 582.0107606177139], [1149.7657730005294, 582.0310484528798], [1149.9315234552068, 611.0364069388537], [1117.3297468496348, 610.9300497821267]], [[1037.500646417783, 572.207155165903], [1063.51293582776, 572.1976168215182], [1063.5964322342154, 599.7667163652171], [1037.5616260315107, 599.6991104719248], [1033.8584677200067, 571.8131997134902], [1061.612038192953, 571.8018398272689], [1061.6994210063478, 601.2293271308477], [1033.92021663388, 601.1528084863962]], [[1821.8857874210585, 542.2091693640187], [1748.9243858656325, 545.5243773382937], [1751.7825294017964, 662.6323066174873], [1825.330076683142, 671.2853317813352], [2153.1977826433576, 541.6046995527581], [2047.7960697835745, 545.0344158522454], [2051.814635765185, 664.1840546980873], [2158.06791480833, 673.1656434547523]]], "objects_token": ["b065ab229ee944b3b2aab6aa33254af1435de106ce70ef476b0287d585d2070b", "4a21fe0c7c69b654f6b08e78c614692fd5463d32fe59a4c1c6ff32e4e47ee13f", "f8314149484dc9c4863af21bc35b82115a84b26f0ecbff9d1af6bf6b170b12cd", "bd69fb9fbc61ecd08c7f866491e5102bed42fe1a1fdc21162d258eaf5508c701", "a86f5de0b22f90ceab870cfe958c461f8c657f41b3e1689f2dfa77f7b45129da", "508946c8c60798a0d4ef2ef16ac44a56d792748d810db5690974062eea5ab362", "aa341199ac18b83a715e2756555cd37a8af271fbcb4a1be012aa05bda3edb209", "23529ea8c8b25ad7b12c79280a2d3fea4f5ee92e831266860d99aa716a9d85c6", "8b623ccf7247594b283031fb781aa0c72d1a927d5722f449be56b38c1c2c2dd2", "be4f22ffda3a1593869c2d5417ef092eae023a74e3c510d08a6de41f2fb753ce", "d9a27f38e7b14cc3674c10c9a25a26342e59bb41b0408bdce9d482fe635087df"], "objects_type": ["pedestrian", "car", "car", "car", "pedestrian", "truck", "car", "bus", "car", "car", "car"], "cam_intrinsic": [[1109.05239567, 0.0, 957.849065461], [0.0, 1109.05239567, 539.672710373], [0.0, 0.0, 1.0]], "ego_translation": [0.0, 0.0, 0.0], "ego_rotation": [[1.0, 0.0, 0.0], [0.0, 1.0, 0.0], [0.0, 0.0, 1.0]], "cam_translation": [1.5039405282244198, -0.02676183592864872, 1.6584901808053665], "cam_rotation": [[0.006759426271296165, 0.02533582536529963, 0.9996561439362748], [-0.9999683364602721, 0.004369557390585865, 0.006650792816400852], [-0.004199551566444137, -0.999669446827935, 0.02536455884440647]],