{"scene_token": "da4ed9e02f64c544f4f1f10c6738216dcb0e6b0d50952e158e5589854af9f100", "sample_token": "cdb86244f45c28d0d08804436a91ac181d6c940bfc27acc5e56d7aae43036201", "map_patch": [-10, -40, 70, 40], "egobbox": [[2.035472669312925, -0.8267277586670302], [2.0364239373630935, 0.9012625245492328], [-2.047455273435594, 0.9019959057317396], [-2.0484065414857624, -0.8259943774845234]], "map_objects_center": [[29.708606369447136, 24.814328691701117], [44.9805759797893, 23.556673392593666], [93.5794948132419, 17.849769246949354], [52.17153978776952, 24.611331810387224], [31.533679530135093, 12.098903402093855], [37.88895636469911, 22.451203140110426], [14.448348649545096, -1.0826220930537005], [41.18507328042007, 3.5623038372377085], [52.863626480540155, 5.500977896772284], [38.195463126932445, 25.707578504439844], [30.862920098558842, 21.081916167498868], [21.025601533932253, 19.498048338386404], [46.37942441070534, 4.445527121756907], [96.28405215888095, 26.662115527939136], [36.72168614549751, 2.8173136830785896]], "map_objects_elevation": [0.12259312793202581, 0.45974390809235943, 0.6304760168978337, 0.4198312880059527, 0.17094722324738232, 0.2333203638813106, -0.30684404684792366, 0.11523555094087023, 0.07408171432470856, 0.3310795899480652, 0.24864874827654837, 0.3928254970694278, 0.050209704649096465, 0.14361330550159013, 0.14174950680209808], "map_objects_bbox": [[[27.140477659763874, 25.47027642628109], [27.521643475173274, 23.316748710842234], [32.2767350791304, 24.158380957121146], [31.895569263720997, 26.31190867256]], [[42.39918018315016, 24.051936949797074], [42.663372291515884, 22.315924700451674], [47.56197177642844, 23.061409835390258], [47.29777966806272, 24.797422084735658]], [[95.91858664194257, 16.90405580361373], [95.89711871917883, 18.846937202024918], [91.24040298454122, 18.795482690284977], [91.26187090730495, 16.85260129187379]], [[49.52544871318609, 25.245622378667978], [49.75108968535546, 23.36813279103281], [54.81763086235295, 23.97704124210647], [54.59198989018358, 25.854530829741638]], [[35.94120917466001, 11.829213890555026], [35.33216064589536, 14.350700731609251], [27.126149885610175, 12.368592913632684], [27.73519841437483, 9.847106072578459]], [[35.033788117106894, 22.974091778293726], [35.31859202435992, 21.102638937740856], [40.74412461229133, 21.928314501927126], [40.4593207050383, 23.799767342479996]], [[23.995547934694763, -0.48429876103521785], [23.466404063139223, 2.1082526392643426], [4.901149364395428, -1.6809454250721831], [5.4302932359509715, -4.273496825371744]], [[43.28818598258192, 3.1612100676457766], [42.92326377843932, 4.812365052777005], [39.08196057825822, 3.9633976068296404], [39.44688278240082, 2.312242621698412]], [[55.554100651707046, 5.0091100443120595], [55.24913106508352, 6.838869195466843], [50.173152309373265, 5.992845749232508], [50.47812189599679, 4.163086598077725]], [[35.635057844983564, 26.47096441089102], [35.888903421767935, 24.359166261647818], [40.75586840888133, 24.944192597988668], [40.502022832096955, 27.05599074723187]], [[28.084881127990062, 21.59149023277413], [28.44226013229706, 19.62672835221951], [33.64095906912762, 20.572342102223605], [33.283580064820626, 22.537103982778227]], [[14.955286015943402, 19.83625502380786], [15.615377405406381, 16.72449662098208], [27.095917051921106, 19.15984165296495], [26.435825662458125, 22.271600055790728]], [[49.028149266321485, 3.9780809866341325], [48.63685272950183, 5.907808433781254], [43.730699555089195, 4.912973256879682], [44.12199609190885, 2.9832458097325607]], [[94.04515765513345, 27.654648978805778], [93.94814784299155, 25.9263694596457], [98.52294666262846, 25.669582077072494], [98.61995647477036, 27.397861596232573]], [[39.20402271847929, 2.452120393932848], [38.81571076752376, 4.199493802436341], [34.23934957251573, 3.1825069722243313], [34.627661523471254, 1.4351335637208382]]], "image_objects_bbox": [[[-42.065481842015586, 593.734885357958], [-149.93525245861653, 599.0081124944787], [-147.12420803494962, 680.6593298778865], [-39.16689007785386, 674.1428737062105], [80.41743969453576, 589.857978342698], [-9.072027075966139, 594.2600596977486], [-6.5533590751910005, 663.1829627942716], [82.99517304984637, 657.8929371694721]], [[349.2533150566462, 583.4267123309961], [298.3278527542278, 585.989509564706], [299.8955713770569, 624.0776840142718], [350.839463085358, 621.258816536613], [395.1496274554358, 581.6971125057395], [349.92690421136285, 583.9764084071271], [351.3538164556225, 618.0025686083092], [396.59096317491833, 615.5187617977917]], [[728.8672947880408, 565.1919213606332], [751.701379930207, 564.0269911019105], [752.4984725707999, 580.6404278145303], [729.6589833182093, 581.8117331427053], [717.981812803094, 565.5073309724479], [742.0022379479376, 564.2819693781358], [742.8380640641952, 581.7557972083887], [718.8116585034087, 582.9882114191765]], [[413.0336516377248, 575.5986543832182], [367.1716832725852, 577.8904434487534], [368.8092822960611, 616.6976199637544], [414.6897557944139, 614.2132288070468], [451.3934923927568, 574.621742203439], [410.0665739229624, 576.691118810909], [411.5708952539513, 611.8036764467065], [452.91278091920213, 609.5765505696234]], [[477.5059821744491, 522.6537780195081], [566.6094990160666, 519.1851573944627], [571.4149108736657, 625.4265461519017], [482.25509197289097, 630.8574414017036], [412.31957350059326, 506.9665964854002], [530.5254447032838, 502.79590948879144], [536.7449382560485, 641.9341527478134], [418.4368913606496, 649.4898221086133]], [[258.2146421342204, 572.6808180348609], [190.52838273577433, 575.9516989249537], [193.2226506598233, 644.0770155752699], [260.9538874657611, 640.2056981660133], [330.3521520574101, 571.9128270728443], [272.59829263693854, 574.7244141527759], [274.9909811097377, 633.3959547995296], [332.77722428111827, 630.1384682752051]], [[836.5492524887868, 487.0862399217561], [965.2036846849081, 482.3645059608488], [973.9475546170125, 652.989246869231], [845.1703758290178, 661.9240030499716], [1392.370005625705, 74.20738623753888], [2008.251408832768, 101.83302798002406], [2069.911911560135, 1017.9536190936923], [1453.424437179462, 1126.4784496811328]], [[820.0059670519587, 560.9071515459271], [864.6733855790858, 558.663264886195], [866.897138926227, 603.4261906406753], [822.2195157516131, 606.0757927669766], [831.5519265198941, 559.8837976394117], [880.588229247814, 557.4248008054734], [883.047075032521, 606.6822165048038], [833.9986082311113, 609.6329394144341]], [[808.3275079308245, 561.7416282891709], [846.4860201365042, 559.8156475443445], [848.275996262426, 596.0466081203039], [810.1071364428936, 598.1867173665609], [812.6687167421495, 561.1012375712625], [854.7284358531416, 558.9810657715619], [856.7077810852345, 598.94447012849], [814.6355150236104, 601.325319798479]], [[164.70116790403534, 577.3527624775206], [90.2450124915596, 580.9900186162228], [92.68939554844697, 645.2467655559703], [167.19778061281815, 641.1064426595029], [245.3688815748116, 575.8627681435707], [180.72213618842594, 579.0376246042058], [182.93876105938392, 635.2975438917637], [247.6246084570591, 631.7366670528587]], [[143.49328183318303, 586.5957371154515], [50.86530854507612, 591.145868347668], [53.54669609313183, 662.7560039376117], [146.2361130201526, 657.2205595342207], [240.93466076609036, 583.7319692129358], [164.50409082964043, 587.5087683021685], [166.85117611643017, 647.4577676478908], [243.3227403761778, 642.9888763855631]], [[-361.09624272045454, 416.74505875196996], [-679.0718431476973, 422.5742325005976], [-670.5256112865561, 744.3477252389768], [-351.49248880637134, 723.1300282802555], [117.52392286135039, 485.070889288557], [-42.33711933993821, 490.09243277127297], [-36.03043897785081, 664.7897498090942], [124.07219286109493, 655.1308964107797]], [[810.217831983372, 562.180699343937], [856.1436562478689, 559.86391424359], [858.1574937001692, 600.506830504145], [812.2206074313633, 603.172075437216], [819.8896256189958, 561.2825611121384], [870.9703388502123, 