{"scene_token": "da4ed9e02f64c544f4f1f10c6738216dcb0e6b0d50952e158e5589854af9f100", "sample_token": "ad109e6e30454ddcf3af75e6086207afa0fa5ecca5e3119c6a656a5be291cc06", "map_patch": [-10, -40, 70, 40], "egobbox": [[2.04266838609173, -0.8618451982938351], [2.042659332555771, 0.8681407829658083], [-2.041339188713377, 0.8681334012197508], [-2.041330135177418, -0.8618525800398926]], "map_objects_center": [[28.22215680105251, -24.967444254185892], [38.62194124446383, -24.320201133105655], [15.481512984746972, 9.65190024526797], [35.40620048237715, 4.71634445705474], [23.839595992040117, 15.826827058996692], [28.094991044691557, 3.163604668103102], [39.18949289183156, 28.067807974087504], [91.05498320789555, -7.246360412038008], [23.72611084585069, 22.475073292737946], [46.125068247303574, 7.40235992786959], [19.871051193808015, 14.24935443679292], [14.43186844062302, 0.5260363514817192], [72.00407198083971, -10.263556121161976], [38.401777398598874, -29.420146872244946], [83.82725012608124, -7.1913755426759245]], "map_objects_elevation": [0.1580048350680735, -0.06811451659244172, 0.17394919790028462, 0.11402116513300986, 0.39151102506276214, 0.26245291875128285, -0.1641898913368416, -0.062466469699431704, 0.32550241093627375, -0.09620064165898023, 0.22954700852235332, 0.14427370807851492, 0.06635568882143739, -0.20272617352747324, -0.28077910396127215], "map_objects_bbox": [[[29.20901527432071, -22.69076490615755], [27.354638837911338, -22.642670913916483], [27.23529832778431, -27.244123602214234], [29.08967476419368, -27.292217594455302]], [[39.71448066719982, -21.72603732567797], [37.74411621723188, -21.64573829515759], [37.52940182172783, -26.91436494053334], [39.499766271695776, -26.994663971053722]], [[14.706314437888672, 7.209750277934109], [16.672663624888692, 7.383378831992361], [16.256711531605273, 12.094050212601832], [14.290362344605253, 11.920421658543582]], [[36.31044801515159, 7.101265556267739], [34.542511528005846, 7.1162514636066625], [34.50195294960271, 2.331423357841741], [36.26988943674846, 2.316437450502818]], [[22.837913041781615, 13.60990210150232], [24.763622109367763, 13.57642693135352], [24.84127894229862, 18.043752016491066], [22.91556987471247, 18.077227186639863]], [[28.963006548864236, 5.403327660911778], [27.265067547069286, 5.417720234815336], [27.22697554051888, 0.9238816752944268], [28.92491454231383, 0.9094891013908675]], [[40.559801039996316, 37.53508110731194], [37.91383405190915, 37.54829844263014], [37.81918474366681, 18.600534840863066], [40.46515173175398, 18.587317505544867]], [[93.22432255801239, -8.16279809897293], [93.2710156778813, -6.449434228524825], [88.8856438577787, -6.329922725103087], [88.8389507379098, -8.04328659555119]], [[22.644638965757043, 19.839471877013878], [24.715326130331764, 19.803476509735496], [24.80758272594434, 25.110674708462014], [22.736895561369618, 25.146670075740396]], [[41.994997520363974, 8.964910979988082], [41.83019383435645, 6.376151480714669], [50.255138974243174, 5.839808875751098], [50.4199426602507, 8.428568375024511]], [[18.829390858065672, 11.590165040578135], [20.9263839145714, 11.595561425179891], [20.912711529550357, 16.908543833007705], [18.81571847304463, 16.90314744840595]], [[12.810301795403792, 2.4474478417961842], [11.939842076157417, 0.8593606662388977], [16.05343508584225, -1.395375138832746], [16.923894805088626, 0.19271203672454074]], [[72.68628275187764, -7.549600803939559], [70.76325321188473, -7.755302987483269], [71.32186120980178, -12.977511438384393], [73.24489074979469, -12.771809254840683]], [[39.339154600398686, -27.073328977403943], [37.574632756767336, -27.032247797432657], [37.46440019679906, -31.76696476708595], [39.22892204043041, -31.808045947057234]], [[86.15195449198092, -8.289682699698497], [86.25052951282652, -6.332163104581941], [81.50254576018156, -6.093068385653352], [81.40397073933596, -8.050587980769908]]], "image_objects_bbox": [[[1940.9521919927759, 551.9678980316189], [1877.264182623481, 553.079189851655], [1879.3233899700513, 621.7746145677287], [1943.2711668902868, 625.6240911927866], [2146.388328441482, 550.2276096425733], [2068.458893537175, 551.4626612951464], [2070.8418394202745, 620.53066591051], [2149.081056197204, 624.3123046301704]], [[1629.5068768204537, 561.0745107426319], [1597.4836387271591, 561.4511347475794], [1598.709500780792, 613.9486537569763], [1630.8416594316425, 616.4397306321617], [1797.1594742778595, 559.6807657555672], [1756.1936619049259, 560.1324595311023], [1757.626030170195, 612.974705783663], [1798.7246772651695, 615.4295409749687]], [[424.6717941311911, 573.4410554566211], [358.929429724346, 574.0216746531908], [358.18873180887596, 698.52219832612], [424.1955931018319, 681.8032370769632], [58.310630157912435, 576.460456374263], [-65.42358757349747, 577.5201822371848], [-67.47357776206056, 705.7689429803271], [56.85863696527882, 687.651092471305]], [[725.6147643426659, 568.8394215669998], [738.2510955294531, 568.8297219862536], [738.4053498983365, 619.8664161122465], [725.761199696116, 622.6063802853718], [885.8764883683448, 567.517627052638], [890.3939610981715, 567.5750849911964], [890.7325858146586, 618.7159020666331], [886.2275097267702, 621.4001597694896]], [[318.83493549709607, 556.0887021517888], [259.0248030261378, 554.9677787272681], [258.31488978870715, 640.3352815462854], [318.2944830546405, 634.4087326683521], [110.5812036551108, 557.8828684956111], [32.45329432910201, 556.927879988617], [31.291524767704374, 641.8747152334714], [109.6590553081193, 635.8486767973487]], [[730.8956030400979, 557.4583132469508], [745.9496442572687, 558.1490688208289], [746.170336907755, 627.0007809010739], [731.1047008511988, 630.8465720177313], [923.982867124994, 555.836032621425], [927.1252566140353, 556.6288792651108], [927.6423627158264, 625.647874455873], [924.5286724587497, 629.4143754892266]], [[-171.11364838353748, 527.1403322138254], [-94.32046719832897, 529.9336066565564], [-95.9738522867582, 629.0179032040431], [-173.07969757473037, 633.3786892551095], [398.270366745766, 522.1531256660234], [436.99141720813094, 525.2992535528231], [436.5821590930449, 624.9280096594438], [397.7333660185864, 629.0176513710604]], [[1042.9505546971398, 567.1088257178691], [1063.7355773930744, 566.9373029014918], [1063.9697251173443, 588.7754918360902], [1043.1738240378286, 588.9333067161244], [1045.327586953944, 567.0401518115818], [1067.1582686724732, 566.859967421485], [1067.4060415590934, 589.795694332186], [1045.5633590909445, 589.960758776919]], [[22.748113350589566, 561.6535860369312], [-70.83808421310117, 560.9809660158443], [-72.22429637830551, 646.9804822735163], [21.65853740500954, 640.0149281386299], [-222.94136815834733, 563.7539641552411], [-339.7343033330899, 563.2884755036099], [-341.6561208989929, 648.7813000620039], [-224.47804774109915, 641.6944030781997]], [[789.0271590775412, 527.1612016361859], [719.0627391387532, 527.9290938725943], [719.2965257573848, 618.8603760608644], [789.413310496228, 618.5007159157606], [831.6220255663236, 534.2290403778433], [773.5207143994168, 534.8387847928554], [773.811326912899, 610.1310027458395], [832.0176678022847, 609.800927941418]], [[303.7730428529892, 568.650942524015], [224.40905249832127, 568.6391306918716], [223.51787062023692, 666.2271354445704], [303.14134490171057, 655.724153204588], [2.5771352643890877, 571.1334918675526], [-112.9347104910657, 571.4204297405395], [-114.60257441800768, 668.8961768183746], [1.326439055848679, 658.1173226598332]], [[870.283606546424, 532.5945875553336], [722.209506631509, 536.6811503382687], [722.6937671310096, 719.767575251978], [871.5049671221888, 731.1639360343078], [1068.9762264338813, 541.3585593030135], [948.8899395837286, 543.8594555591451], [949.9658389053345, 678.1853258211321], [1070.5224479379326, 683.8349721959856]], [[1089.057468439137, 560.3857377601724], [1082.5039563884955, 560.6376877682073], [1082.8612702973815, 592.6333552233642], [1089.4298222806585, 593.2713820475766], [1171.1961335991982, 