{"scene_token": "da4ed9e02f64c544f4f1f10c6738216dcb0e6b0d50952e158e5589854af9f100", "sample_token": "97d591b282c7a2fd9fe9da78c1003225c6dae13e277a0906c2459fbb0b34bbab", "map_patch": [-10, -40, 70, 40], "egobbox": [[2.0233663582911876, -0.8471208932386083], [2.024021935149982, 0.8824495771761189], [-2.0589197097502834, 0.8819253895756034], [-2.059575286609078, -0.8476450808391238]], "map_objects_center": [[45.88483379438682, 31.49355262962469], [43.5214271123553, -37.419704406322765], [41.97367757857671, 27.963121888006928], [50.79237841618648, 35.861062971846074], [38.605402733279405, 24.941346409212848], [21.894595227174328, 9.708258850380325]], "map_objects_elevation": [-0.15979589286011275, 0.17222702403258883, -0.09121664117041539, -0.1402604995882344, -0.06167882701993388, -0.4947982499245378], "map_objects_bbox": [[[48.37130086600899, 32.519091878868075], [47.00637101555111, 33.93822101440474], [43.398366722764656, 30.468013380381308], [44.76329657322253, 29.048884244844643]], [[43.561622968594364, -38.0903986683686], [44.18965951729662, -37.489789732792254], [43.48123125611623, -36.74901014427693], [42.85319470741398, -37.34961907985328]], [[43.96400690748358, 28.75213925948435], [42.770697507136695, 29.950260152818473], [39.983348249669845, 27.174104516529507], [41.17665765001673, 25.975983623195383]], [[53.32718073242316, 36.88837133236942], [52.08871953666559, 38.26939952418982], [48.2575760999498, 34.83375461132273], [49.49603729570737, 33.452726419502326]], [[40.89659481925412, 25.96398995667543], [39.631953892063855, 27.23079038502844], [36.31421064730469, 23.918702861750265], [37.578851574494955, 22.651902433397257]], [[29.63279549917297, 15.332070862747035], [27.796131087837104, 17.236796522817865], [14.156394955175683, 4.084446838013615], [15.993059366511552, 2.179721177942784]]], "image_objects_bbox": [[[109.38406119954247, 565.8835369046084], [167.87192337868413, 564.3040158902879], [168.90358473550978, 605.9648006671358], [110.44154736164457, 608.8180719389659], [130.38021762905174, 565.4006023835432], [193.03247760583162, 563.7059173637153], [194.1520791680725, 608.8135802149633], [131.53032819942453, 612.0052936186534]], [[1899.423654629053, 507.5484737655115], [1928.88017987202, 506.6221623844498], [1930.2560616469632, 554.4389145909231], [1900.7766903123636, 554.6811440197761], [1896.2533801098584, 507.4657669811039], [1926.1664375442576, 506.5224064456785], [1927.565531733248, 555.1562988678704], [1897.6288559487903, 555.3921700979511]], [[132.0527597265646, 564.9766336730236], [186.6829643057699, 563.5092300635636], [187.78782894148824, 608.0490618333442], [133.18444859161124, 610.8277270353103], [154.1124751931575, 564.4316111755281], [211.871232524078, 562.878719391858], [213.05575338022717, 610.5195530799833], [155.32791022655616, 613.575732191169]], [[97.24299567939978, 565.1798933311524], [147.59096265854973, 563.8462234864451], [148.53502357416662, 602.0406423881959], [98.20616252905315, 604.3288576469247], [110.24467142832258, 564.8222105429473], [164.2436706698604, 563.3921777453445], [165.2641744233048, 604.6160512284766], [111.28755160265541, 607.1602659662093]], [[145.04955475813696, 561.2720174323233], [206.909037282378, 559.7199324428575], [208.16255964513755, 610.1585143038819], [146.33803958479191, 613.4128868782758], [175.52676520449631, 560.1991192172434], [241.93321172757874, 558.5439248252197], [243.3052678832172, 613.5753936257531], [176.94087252346688, 617.2632545709075]], [[209.6916749200927, 503.811279877659], [333.37365655377465, 504.40005471136766], [336.85211892726994, 642.745170247609], [213.3750636560366, 651.9649643268355], [576.9917308096578, 432.4076081438865], [767.7270851394413, 442.60865535556405], [774.6681559816421, 708.1889888681071], [584.8115177149122, 736.6561256308051]]], "objects_token": ["fa58bb555115b94fcbfcfe9f85dbcb3add104847b1aea7191371aa6655397842", "b1ce148c57481de7593fb8b8c13a0cf21fd9fe3fdbcca567c69d7c280af87fa2", "c7382a7d398ee1b8dff695c6afbb9ccc850af1435200dbfe45b4a23fb2c5c84e", "30e04d846f512b59276bdf63a5d9405ffbd29154af9740cf6e5227c0795cb48d", "adabf7c8806e6ec3f3c456f85e39cfaa20894fd91f22a01585a329a451c9d8de", "cd6540f9acb172e59a4543706e5aca64e99ee05921a07e217a353ebaff457219"], "objects_type": ["car", "pedestrian", "car", "car", "car", "bus"], "cam_intrinsic": [[1109.05239567, 0.0, 957.849065461], [0.0, 1109.05239567, 539.672710373], [0.0, 0.0, 1.0]], "ego_translation": [0.0, 0.0, 0.0], "ego_rotation": [[1.0, 0.0, 0.0], [0.0, 1.0, 0.0], [0.0, 0.0, 1.0]], "cam_translation": [1.5039405282244198, -0.02676183592864872, 1.6584901808053665], "cam_rotation": [[0.006759426271296165, 0.02533582536529963, 0.9996561439362748], [-0.9999683364602721, 0.004369557390585865, 0.006650792816400852], [-0.004199551566444137, -0.999669446827935, 0.02536455884440647]], "subsequent_egocenters": [[0.8903261745133312, 0.05703092217422995], [1.8182978849964782, 0.15379106378138674], [2.7460478182290875, 0.3002177806753208], [3.6524511990593176, 0.47559558527223644], [4.545626074452986, 0.7135620793843345], [5.414968176747935, 1.0123755087704582], [6.278866777521753, 1.3613369467184953], [7.175883751555384, 1.7799672710875387], [8.112092406669728, 2.2893901163781982], [9.111610239353851, 2.8912592324195843], [10.15243683030834, 3.5555299433255487], [11.198293656007813, 4.300271888265142], [12.249988094585618, 5.130476158269495], [13.33636144765288, 6.014610367951308], [14.483602999625084, 7.017081767806071], [15.63316823319565, 8.063120168917871], [16.804661619852354, 9.168781877282758], [17.980910375102738, 10.314270630185142], [19.233487574425894, 11.538619576265976], [20.526645692088472, 12.795493142727809], [21.855853634730313, 14.079926752788928], [23.255096372240764, 15.411040507540896], [24.6878774545482, 16.761556972710423], [26.151159472280124, 18.158628486253253], [27.667108144175707, 19.61423470298978], [29.211379719467285, 21.097388276568527], [30.715810840312415, 22.59806835575666], [32.24760414095049, 24.05062876144832], [33.765338936201026, 25.506114121137713], [35.30281604916283, 26.93877536432308], [36.88922439441968, 28.391378329376586], [38.45040360193365, 29.83535353703475], [39.989257686419435, 31.220215967732337], [41.46938658192171, 32.54154159214108], [42.95255018317583, 33.839547266701786], [44.39045758518904, 35.09128268220132], [45.791142501145046, 36.2850993040035], [47.1602246028467, 37.44072143018076]]}