{"sample_token": "2346756c83f6ae8c4d1adec62b4d0d31b62116d2e1819e96e9512667d15e7cec", "map_patch": [-10, -40, 70, 40], "egobbox": [[2.032339788291984, -0.8460994753372402], [2.032509573665231, 0.8834262098199641], [-2.0511929140259717, 0.8826726853920719], [-2.0513626993992187, -0.8468529997651324]], "map_objects_center": [[31.527943191288802, 4.123019261911679], [52.3237770983294, -9.227113916498817], [46.71920366001696, 11.431684785638861], [52.54440487266624, 14.336269371450275], [91.32132505358514, 5.84639079624775], [70.50834435964504, 5.643551193111097], [81.77078574725729, 3.6532364322882778], [49.72926022022681, 7.682583459413118], [58.202410690624994, -6.864899543162998], [54.54767039659794, 9.908011541720695], [16.227116069181935, 6.081977896452325], [39.81821436003693, -9.511760867871777], [32.10835427929953, 14.20729767723153]], "map_objects_elevation": [0.10403887609044293, -0.19508453646325175, -0.33196166793277215, -0.17915746503329166, 0.08987017323883573, 0.20781426749471432, 0.22983050378869008, -0.44288806269233455, 0.07882569886051072, -0.5584103385981911, 0.13581055460244462, 0.06269150441659521, -0.1533408194444379], "map_objects_bbox": [[[31.527830510185677, 6.36938743905962], [29.968186338614366, 5.7395985394403555], [31.528055872391928, 1.8766510847637385], [33.08770004396324, 2.506439984383003]], [[54.63807890888447, -10.757062405717175], [55.05203349679744, -8.723772805304632], [50.009475287774336, -7.69716542728046], [49.59552069986136, -9.730455027693003]], [[44.639557038816044, 12.725068402717577], [44.303846910402775, 11.026934217889787], [48.798850281217874, 10.138301168560146], [49.13456040963114, 11.836435353387936]], [[47.42573787905191, 16.708258664951245], [46.94838895857997, 13.620943648934212], [57.663071866280575, 11.964280077949303], [58.140420786752514, 15.051595093966338]], [[89.36764674649146, 7.19841051592331], [88.97538679157844, 5.470372284930827], [93.27500336067882, 4.49437107657219], [93.66726331559184, 6.222409307564673]], [[68.51531687139348, 6.961437353245458], [68.17031253808561, 5.151017233494578], [72.50137184789659, 4.325665032976737], [72.84637618120446, 6.136085152727617]], [[79.77111276045315, 4.9362501484448], [79.43939942425047, 3.1955749166495964], [83.77045873406144, 2.3702227161317557], [84.10217207026412, 4.110897947926959]], [[47.654537247864575, 9.055012997842105], [47.28837854050221, 7.202859710173205], [51.80398319258905, 6.310153920984131], [52.17014189995142, 8.162307208653033]], [[60.268264627924246, -8.183718905223316], [60.59190668449053, -6.319605223276439], [56.13655675332574, -5.546080181102681], [55.81291469675946, -7.410193863049558]], [[52.44576785908585, 11.164903332130764], [52.13974538892984, 9.46116883175824], [56.649572934110026, 8.651119751310626], [56.955595404266035, 10.35485425168315]], [[20.325046485457772, 4.436980539809672], [20.541691703142234, 7.021917840723264], [12.129185652906099, 7.726975253094978], [11.912540435221636, 5.142037952181386]], [[41.25533040449065, -7.601257603081658], [39.51641158203523, -7.14021277997846], [38.381098315583216, -11.422264132661896], [40.120017138038634, -11.883308955765095]], [[31.762432480303637, 11.495196257855877], [33.84551181974083, 12.096032729460184], [32.45427607829543, 16.919399096607183], [30.371196738858238, 16.318562625002876]]], "image_objects_bbox": [[[743.8364797564093, 556.0833122407618], [732.3512367239395, 556.6552363583572], [733.8536477607931, 617.0759727047371], [745.4293268248329, 619.7715544047264], [895.566512953258, 552.1291702568894], [877.2228629247647, 552.8667913727343], [878.7579249700464, 610.3935531307535], [897.194341829588, 612.6102737831558]], [[1144.2093842922834, 544.8394561640542], [1187.7785976778632, 543.591690507413], [1189.0970890831568, 586.7027896795482], [1145.4940127379543, 587.6083784373495], [1139.2527082324968, 544.4511903378099], [1187.305027201683, 543.0703448374919], [1188.7603120354129, 590.6631531101287], [1140.6667871297607, 591.6273240366302]], [[682.4709564549436, 566.3173481842854], [641.6076632703348, 567.4207066758102], [642.7099084601789, 613.8811988865938], [683.6060643331512, 613.1506456203717], [729.7320608749435, 564.6716071445796], [692.3365966983748, 565.6840011776682], [693.3628371214982, 607.8101474213826], [730.7856773855112, 607.104015158831]], [[635.0849658218837, 513.8528503042437], [565.0363897914275, 516.3324115487744], [567.1538040922508, 609.2887375276886], [637.3080081845335, 607.8168732320376], [729.9794347046335, 520.6969784415597], [672.206839263035, 522.6528951561033], [674.0293661395649, 598.2084694163675], [731.8732931149724, 596.9169449384679]], [[896.4422230249575, 554.4597543530623], [875.0761168538553, 555.0623476592548], [875.6557156713815, 576.8054720610573], [897.0303440236463, 576.3027962789357], [911.4236618888177, 554.1539355031568], [890.9820667265632, 554.7299447911676], [891.5389412156053, 575.4652966521339], [911.988320610068, 574.980138021899]], [[880.0639329983196, 553.6915286673969], [850.7823025730534, 554.5215640487426], [851.4942321517948, 581.5376250035603], [880.7896366195498, 580.8514261506668], [898.0859514080876, 553.4082356222074], [870.4777362335058, 554.189700879276], [871.1530543360142, 579.5783081492411], [898.7734905991751, 578.9238311608713]], [[920.0536447689483, 551.5388118714363], [895.7449367654352, 552.2323373226484], [896.4016252379441, 576.6292459025916], [920.7206899592032, 576.0426703924333], [933.5325257665705, 551.4066197923022], [910.433641723409, 552.0645832107788], [911.0603896605744, 575.1907976946853], [934.1686117028064, 574.6289115972038]], [[792.340303429221, 566.7368919231748], [749.7302536527227, 567.8598663346023], [750.7951941482008, 610.3211172770051], [793.4368617419907, 609.546011595496], [827.2791733232943, 565.1432294206807], [788.1657724843791, 566.1790424050191], [789.1554622688562, 604.8949304089454], [828.2953984754267, 604.1481151888274]], [[1082.932400153624, 552.6123300792461], [1118.5467473804051, 551.631344854996], [1119.3854373829176, 579.8586514511417], [1083.7537959072124, 580.6799522154316], [1076.7801130692687, 552.8613883264061], [1115.25423033866, 551.8021222747026], [1116.1599240105002, 582.3270310538396], [1077.6656145245302, 583.1996451168303]], [[760.0919771864371, 573.4387680719235], [724.65030643945, 574.3409761685162], [725.505904846495, 608.8914472510656], [760.9683564933839, 608.204022612466], [792.927003662479, 571.4884529250955], [760.1514236639384, 572.3291324574969], [760.9522669436614, 604.0965526229976], [793.7455631901556, 603.4373574904217]], [[561.5556895517695, 462.66346216307466], [705.0235306320989, 457.42955334870084], [709.7119982538125, 648.3779207843979], [565.8476861486407, 651.3207188946482], [186.00394250227427, 395.02867184184487], [431.96372048190983, 384.3011512280317], [439.1199177201153, 722.7586904988113], [191.98410060196213, 726.3541181607285]], [[1170.744154850094, 552.6542586783113], [1174.6392851212452, 552.3972922755434], [1175.8618381145166, 592.5925297075103], [1172.019948137709, 594.6675657133385], [1304.6825640330028, 549.0520950501435], [1302.7282307875141, 548.9478896286777], [1304.053912432122, 590.3449757996644], [1306.0711445119077, 592.3802094092049]], [[556.1808673587199, 572.3867622098372], [550.0128876278089, 572.9751565677692], [551.3212521408116, 630.9340698745262], [557.4102651977624, 626.6611686967885], [368.77189506829853, 577.8430827683494], [349.0215111518896, 578.8457728785332], [350.2374145038962, 639.4836910270301], [369.9212032649306, 634.4598241347844]]],